Vaka_ID,Ulke_Bolge,Yil,Proje_Sektoru_v4,FIDIC_Kitap_Turu,Atif_Maddeler,Kurum_Yargi_Yeri,Uyusmazlik_Ozeti,Claim_Turu,Eskalasyon_Asamasi,Sonuc_Yonu,Vaka_Adi,Kaynak,Karar_Yonu_Ham,Tahmini_Tutar_USD,Sure_Yil_Cikarilan
460,ICC Tahkimi (Yer/Ülke Belirsiz),2003-2006,Karayolu/Otoyol,Kırmızı Kitap - 4. Baskı (1987),"Clause 67, 53.1, 60.2, 60.10, 52.3","ICC (State C - Afrika, common law)",Yerel mahkemenin tahkim yetkisini iptali; Muhendis'in nihai/baglayici karari; para birimi; faiz,Para Birimi/Faiz Uyusmazligi,Tenfiz/Icra (Nihai Asama),Yuklenici Lehine,ICC Case No. 12048 (I-II Kismi + Nihai Karar),"FIDIC.org / ICC Bulletin Vol 23 No 2 (2012), Seppala Third Commentary","Kismen Yuklenici lehine (Muhendis karari tenfiz edildi), karsi talepler reddedildi",,
4,İsviçre,2005,Egitim/Kampus,Kırmızı Kitap - 1999 (1. Baskı),Clause 18.1,"ICC, Bern (Isvicre hukuku; ana sozlesme Orta Dogu)",Alt yuklenicinin temerrut nedeniyle feshi; universite kampusu; hakem masraflari,Fesih,Belirsiz/Sadece Claim Asamasi,Uzlasma,ICC Case No. 10951 (Nihai Karar - Alt Yuklenici),"FIDIC.org / ICC Bulletin Vol 23 No 2 (2012), Seppala Third Commentary",Uzlasma niteliginde - tazminat paylastirildi,,
5,Singapur,2004,Yenilenebilir Enerji,BELİRSİZ (Sınıflandırılamadı),"Clause 49(a)/(b), %18.5 tazminat tavani","ICC, Singapur (State D - Ingiliz common law); ruzgar turbini",80 ruzgar turbininin saha kosullarina uygun olmamasi; gelecek zarar hesabi; tazminat tavani,Zemin Kosullari,Belirsiz/Sadece Claim Asamasi,Diger/Siniflandirilmamis,ICC Case No. 12090 (Nihai Karar - FIDIC disi EPC),"FIDIC.org / ICC Bulletin Vol 23 No 2 (2012), Seppala Third Commentary",Yuklenici sorumlu ama tazminat %18.5 tavanla sinirlandi,,
8,Fransa (Paris - ICC Merkezi),2001-2002,Karayolu/Otoyol,Kırmızı Kitap - 4. Baskı (1987),"Clause 11, 67","ICC, Paris (Afrika devleti - yol)",Muhendis'in 'baglayici ama kesin degil' kararinin ara kararla tenfizi; ihale doneminde saglanan veriye guven,Ihale Sureci,Tenfiz/Icra (Nihai Asama),Yuklenici Lehine,ICC Case No. 10619 (Ara ve Nihai Karar),"FIDIC.org / ICC Bulletin Vol 19 No 2 (2008), Seppala Second Commentary",Buyuk olcude Yuklenici lehine (ara kararla tenfiz + sure uzatimi/maliyet),,
11,Almanya,2002,Belirsiz/Veri Yetersiz,Beyaz Kitap (Danışman) - 2. Baskı (1991),"Clause 17, 18.1","ICC, Berlin (Almanya)",Danismanlik sozlesmesinde 1 yillik sorumluluk zamanasimi gecerliligi,Zamanasimi/Sure Siniri,Belirsiz/Sadece Claim Asamasi,Yuklenici Lehine,ICC Case No. 11039 (Nihai Karar),"FIDIC.org / ICC Bulletin Vol 19 No 2 (2008), Seppala Second Commentary",Danisman (Yuklenici) lehine - talep zamanasimina ugramis sayildi,,
465,ICC Tahkimi (Yer/Ülke Belirsiz),2010,Egitim/Kampus,Kırmızı Kitap - 4. Baskı (1987),"Clause 52.2, 53, 54.3, 67",ICC (State X),"Tasarim isleri, ek ucret ve ozel valf maliyeti taleplerinde zamanasimi (sure siniri) itirazlari",Degisiklik/Change Order; Zamanasimi/Sure Siniri,Belirsiz/Sadece Claim Asamasi,Isveren Lehine,ICC Case No. 15282 (Nihai Karar),"FIDIC.org / ICC Bulletin Vol 24 No 2 (2013), Seppala Fourth Commentary",Buyuk olcude Isveren lehine - talepler zamanasimi/ispat yetersizligi nedeniyle reddedildi,,
16,ICC Tahkimi (Yer/Ülke Belirsiz),2010,Kopru/Tunel,Kırmızı Kitap - 4. Baskı (1987),"Clause 60.3(b), 10.2, 62.2",ICC (State X),Teminatin (retention) 12 aylik sozlesmesel Kusur Sorumluluk Donemi mi yoksa 60 aylik yasal garanti donemi mi bitince serbest birakilacagi,Kalite/Kusur,Belirsiz/Sadece Claim Asamasi,Yuklenici Lehine,ICC Case No. 15789 (Nihai Karar),"FIDIC.org / ICC Bulletin Vol 24 No 2 (2013), Seppala Fourth Commentary",Yuklenici lehine - teminat 12 ay sonunda serbest birakilmali,,
17,ICC Tahkimi (Yer/Ülke Belirsiz),2010,Kopru/Tunel,Turuncu Kitap - 1. Baskı (1995),"Clause 1.1.5.6, 13.13, 13.16",ICC (State X - Bakanlik + Devlet),Nihai Odeme Belgesi'nin baglayiciligi; vergi kesintisi nedeniyle finansman/genel gider/kur farki zarari talepleri,Odeme Uyusmazligi,Belirsiz/Sadece Claim Asamasi,Yuklenici Lehine,ICC Case No. 16205 (Nihai Karar),"FIDIC.org / ICC Bulletin Vol 24 No 2 (2013), Seppala Fourth Commentary",Kismen Yuklenici lehine (sadece finansman zarari kabul edildi),,
466,ICC Tahkimi (Yer/Ülke Belirsiz),2002,Belirsiz/Veri Yetersiz,Sarı Kitap - Baskı Belirsiz,"Clause 2.5, 14.6, 14.7, 20.4, 20.6",ICC (Ingiliz hukuku),Isveren'in gecikme cezasi alacagini onaylanmis hakedislerden mahsup (set-off) hakki,Gecikme/EOT; Odeme Uyusmazligi,Belirsiz/Sadece Claim Asamasi,Isveren Lehine,ICC Case No. 11813 (Ara/Kismi Karar - Mahsup),"FIDIC.org / ICC Bulletin Vol 24 No 2 (2013), Seppala Fourth Commentary",Isveren lehine - mahsup hakki taninmis oldu,,
19,Singapur,2025,Belirsiz/Veri Yetersiz,Kırmızı Kitap - 1999 (1. Baskı),"13, 13.7, 13.8, 20, 20.1, 20.6",Singapur Istinaf Mahkemesi,Asgari ucret artisi ek odeme; hakem kararinin iptali (paralel kararlardan kopyalama),Odeme Uyusmazligi,Istinaf/Temyiz/Yuksek Mahkeme,Diger/Siniflandirilmamis,"DFCCI v. IRCON/Mitsui/Tata Projects, ICC No. 26733/HTG, [2025] SGCA(I) 2",Howard Kennedy LLP - Table of FIDIC Cases (June 2025),Karar tamamen iptal edildi,,
20,Kenya,2025,Fosil Yakit/Petrol-Gaz,Gümüş Kitap - 1999 (1. Baskı),"2, 20, 20.1-20.6","Nairobi Yuksek Mahkemesi, Kenya",Hidroelektrik EPC - tek uyeli DAB atamasinin usulsuzlugu,DAB/Hakem Prosedur Usulsuzlugu,Istinaf/Temyiz/Yuksek Mahkeme,Isveren Lehine,"KTDA Power v Jiangxi Water & Hydropower, [2025] KEHC 2255",Howard Kennedy LLP - Table of FIDIC Cases (June 2025),Isveren lehine - atama iptal,,
21,Tanzanya,2025,Bina/Konut/Ticari,FIDIC (Kitap Rengi Belirsiz) - 1999 (1. Baskı),"20, 20.2",Tanzanya Istinaf Mahkemesi,Otel tadilati - odeme/cizim eksikligi feshi; arabulucu gorusu eksikligi,Arabuluculuk/Dostane Cozum,Istinaf/Temyiz/Yuksek Mahkeme,Isveren Lehine,"M/S Hodi v M/S Jandu Plumber, [2025] TZCA 138",Howard Kennedy LLP - Table of FIDIC Cases (June 2025),Isveren lehine - yeniden tahkim onandi,,
23,Kenya,2025,Sanayi Tesisi/Fabrika,BELİRSİZ (kaynakta belirtilmemiş),"2.5, 14, 14.8, 20","Nairobi Istinaf Mahkemesi, Kenya",Seker fabrikasi - odenmemis hakedis nedeniyle iflas basvurusu,Odeme Uyusmazligi,Istinaf/Temyiz/Yuksek Mahkeme,Yuklenici Lehine,"Kwale International Sugar v Epco Builders, [2025] KECA 227",Howard Kennedy LLP - Table of FIDIC Cases (June 2025),Yuklenici lehine - istinaf reddedildi,,
24,Hindistan,2025,Kopru/Tunel,Sarı Kitap - Baskı Belirsiz,"3.5, 8.3, 13.1, 13.16, 20.1","Madras Yuksek Mahkemesi, Hindistan",Metro tuneli - asgari ucret artisi ek maliyet; gec bildirim,Degisiklik/Change Order,Istinaf/Temyiz/Yuksek Mahkeme,Isveren Lehine,"Chennai Metro Rail v Transtonnelstroy, Madras Yuksek Mahkemesi",Howard Kennedy LLP - Table of FIDIC Cases (June 2025),Isveren lehine - iki karar da iptal edildi,,
25,Rusya,2024,Fosil Yakit/Petrol-Gaz,Gümüş Kitap - 1999 (1. Baskı),Belirtilmemis,"Moskova Ticaret Mahkemesi, Rusya",ABD yaptirimlari nedeniyle fesih gecerliligi; kararin tenfizi,Fesih,Tenfiz/Icra (Nihai Asama),Yuklenici Lehine,"JSC Power Machines v Vietnam Oil and Gas Group, Moskova",Howard Kennedy LLP - Table of FIDIC Cases (June 2025),Yuklenici lehine - tenfiz onaylandi,,11
26,AİHM (Uluslarüstü),2024,Karayolu/Otoyol,Kırmızı Kitap - 1999 (1. Baskı),Belirtilmemis,Avrupa Insan Haklari Mahkemesi,Otoyol ortak girisimi - hakem kararinin Makedon mahkemelerince tenfiz edilmemesi,Tenfiz/Icra,Tenfiz/Icra (Nihai Asama),Belirsiz/Detay Sinirli,"NDI Sopot S.A. v North Macedonia, 6035/17, AIHM",Howard Kennedy LLP - Table of FIDIC Cases (June 2025),Basvuran lehine - Madde 6 ihlali,,
27,Fransa (Paris - ICC Merkezi),2024,Karayolu/Otoyol,BELİRSİZ (kaynakta belirtilmemiş),20.2-20.6,Paris Istinaf Mahkemesi,Yol insaati feshi - Gurcistan projesi ICC karari iptal basvurusu,DAB/Hakem Prosedur Usulsuzlugu,Istinaf/Temyiz/Yuksek Mahkeme,Isveren Lehine,"Roads Dept of Georgia v Todini Construzioni, ICC No. 24851/MHM/HBH",Howard Kennedy LLP - Table of FIDIC Cases (June 2025),Isveren lehine - iptal basvurusu tamamen reddedildi,,
28,Kenya,2024,Su/Atik Su/Baraj,BELİRSİZ (kaynakta belirtilmemiş),"20.4, 20.5, 20.6","Nairobi Yuksek Mahkemesi, Kenya",5 Dispute Board karari tenfizi icin ozet yargilama,Tenfiz/Icra,Tenfiz/Icra (Nihai Asama),Yuklenici Lehine,"Strabag International v National Irrigation Authority, [2024] KEHC 3744",Howard Kennedy LLP - Table of FIDIC Cases (June 2025),Yuklenici lehine - ozet yargilama verildi,,
29,Kenya,2024,Havalimani,Turuncu Kitap - 1. Baskı (1995),"2.2, 3.5, 8, 8.3, 13.8","Nairobi Yuksek Mahkemesi, Kenya",Hakem kararinin iptali/tenfizi - faiz oraninin kamu duzenine aykiriligi,Gecikme/EOT,Tenfiz/Icra (Nihai Asama),Yuklenici Lehine,"Machiri Limited v Kenya Airport Authority, [2024] KEHC 3303",Howard Kennedy LLP - Table of FIDIC Cases (June 2025),Yuklenici lehine - iptal reddedildi,,
30,Kenya,2024,Bina/Konut/Ticari,Gümüş Kitap - 1999 (1. Baskı),"14.8, 20, 20.2-20.6","ICC, Nairobi (Gana hukuku)",DAB/uzlasma surecinin tuketilmemesi; zamanasimi itirazi,Zamanasimi/Sure Siniri,DAB/DAAB (On-Tahkim Kurulu),Isveren Lehine,"Micheletti Company v Ministry of Youth and Sports of Ghana, ICC No. 27732/CPB",Howard Kennedy LLP - Table of FIDIC Cases (June 2025),Isveren lehine - talepler zamanasimindan reddedildi,,
31,Kenya,2023,Karayolu/Otoyol,Pembe Kitap (MDB Harmonised) - 2005,"20.4, 20.5, 20.6, 20.7","Nairobi Yuksek Mahkemesi, Kenya",DAB kararinin (henuz kesinlesmemis) tenfiz edilebilirligi,Tenfiz/Icra,Tenfiz/Icra (Nihai Asama),Davaci Lehine,"SBI International Holdings v Kenya National Highways Authority, [2023] KEHC 20793",Howard Kennedy LLP - Table of FIDIC Cases (June 2025),Davaci lehine,,
32,Fransa (Paris - ICC Merkezi),2024,Karayolu/Otoyol,BELİRSİZ (kaynakta belirtilmemiş),20.2-20.6,Paris Istinaf Mahkemesi,Yol projesi - nihai/ek hakem kararinin iptali basvurusu,Kamu Duzeni/Politikasi Ihlali Iddiasi,Istinaf/Temyiz/Yuksek Mahkeme,Isveren Lehine,"Sew Infrastructure v Ethiopian Roads Authority, ICC No. 23274/PTA",Howard Kennedy LLP - Table of FIDIC Cases (June 2025),Isveren lehine - iptal basvurusu tamamen reddedildi,,
33,İngiltere/UK,2024,Karayolu/Otoyol,Kırmızı Kitap - 1999 (1. Baskı),"3.1, 14.6, 14.3, 14.7, 10.1",Privy Council (Trinidad ve Tobago),7 odenmemis IPC icin ozet yargilama; sahte hakedis ve alacagin devri iddialari,Odeme Uyusmazligi,Belirsiz/Sadece Claim Asamasi,Yuklenici Lehine,"Estate Management v Junior Sammy Contractors, [2024] UKPC 33",Howard Kennedy LLP - Table of FIDIC Cases (June 2025),Yuklenici lehine - ozet yargilama onandi,,9
34,Tanzanya,2024,Bina/Konut/Ticari,Sarı Kitap - 1999 (1. Baskı),20,"Tanzanya Yuksek Mahkemesi, Dar es Salaam",DAB kararlarina itiraz sonrasi taraflarin sulh anlasmasi,DAB/Hakem Prosedur Usulsuzlugu,Istinaf/Temyiz/Yuksek Mahkeme,Diger/Siniflandirilmamis,"Board of Trustees PSSSF v Estim Construction, [2024] TZHC 9747",Howard Kennedy LLP - Table of FIDIC Cases (June 2025),Sulh ile sonuclandi,,
35,Hindistan,2024,Belirsiz/Veri Yetersiz,Kırmızı Kitap - 1999 (1. Baskı),20.3,Hindistan Yuksek Mahkemesi (Temyiz),DAB uyesi atama usulu,DAB/Hakem Prosedur Usulsuzlugu,Istinaf/Temyiz/Yuksek Mahkeme,Diger/Siniflandirilmamis,"Capacite Infraprojects v T. Bhimjyani Realty, Hindistan Yuksek Mahkemesi",Howard Kennedy LLP - Table of FIDIC Cases (June 2025),Usul netlestirildi (2023 kararina iliskin temyiz),,
36,Namibya,2024,Fosil Yakit/Petrol-Gaz,Pembe Kitap (MDB Harmonised) - 2010,"3.3, 4.1, 4.9, 6.7, 8.3",Namibya Yuksek Mahkemesi,Su boru hatti ihalesinde diskalifiye edilen teklifin iptali icin ara tedbir talebi,Ihale Sureci,Istinaf/Temyiz/Yuksek Mahkeme,Diger/Siniflandirilmamis,"JDN Civil Engineering JV v Chairperson of Review Panel, [2024] NAHCMD 581",Howard Kennedy LLP - Table of FIDIC Cases (June 2025),Idare lehine - ara tedbir talebi reddedildi,,
37,Singapur,2024,Fosil Yakit/Petrol-Gaz,Gümüş Kitap - 1999 (1. Baskı),"1.4, 16.2, 16.4, 19.6, 20.3",Singapur Yuksek Mahkemesi,Nihai kararin (sorumluluk ve tazminat bulgulari) dogal adalet ihlali iddiasiyla geri gonderilmesi,Fesih,Istinaf/Temyiz/Yuksek Mahkeme,Karma/Kismi,"JSC Power Machines v Vietnam Oil and Gas Group, [2024] SGHC 244",Howard Kennedy LLP - Table of FIDIC Cases (June 2025),Kismen taraflar arasinda - dava heyete iade edildi,,11
38,Polonya,2024,Kopru/Tunel,Kırmızı Kitap - 1999 (1. Baskı),20.1,Polonya Ulusal Itiraz Kurulu (KIO),"Tunel ihalesinde sozlesme taslagi hukumlerinin adaletsizligine (dolayli maliyet siniri, yaptirim esigi vb.) itiraz",Ihale Sureci,Belirsiz/Sadece Claim Asamasi,Yuklenici Lehine,"Konsorsiyum v Centralny Port Komunikacyjny, Polonya Ulusal Itiraz Kurulu",Howard Kennedy LLP - Table of FIDIC Cases (June 2025),Kismen Yuklenici lehine - sozlesme sartlari degistirildi,,
39,Hollanda,2023-2024,Telekom/Veri Merkezi,Sarı Kitap - 1999 (1. Baskı),"15.3, 20.1, 20.6","Hollanda/Sint Maarten mahkemeleri (Amsterdam CoA, Yuksek Mahkeme, Ortak Adalet Divani)",ICC tahkim kararinin (kismi kabul edilen tazminat talebi ve reddedilen karsi talep) tenfizi ve iptali - cok asamali dava dizisi (6+ karar),Tenfiz/Icra,Tenfiz/Icra (Nihai Asama),Yuklenici Lehine,MER Sint Maarten v Sint Maarten Telephone Co (TELEM) - dava dizisi,Howard Kennedy LLP - Table of FIDIC Cases (June 2025),Tutarli sekilde Yuklenici (MER) lehine - tenfiz ve karar defalarca onandi,,
40,Hindistan,2024,Karayolu/Otoyol,BELİRSİZ (kaynakta belirtilmemiş),"44.1, 2.1","Kerala Yuksek Mahkemesi, Hindistan",Ust gecit insaati - COVID-19 nedeniyle sure uzatimina karsilik idarenin ceza uygulamasi,Gecikme/EOT,Istinaf/Temyiz/Yuksek Mahkeme,Yuklenici Lehine,"Marymatha Infrastructure v State of Kerala, WP(C) No. 28012/2020",Howard Kennedy LLP - Table of FIDIC Cases (June 2025),Yuklenici lehine - ceza emri iptal edildi,,
41,Hindistan,2024,Karayolu/Otoyol,Kırmızı Kitap - Baskı Belirsiz,"60.10, 63.1, 67.1, 69.1, 69.3","Kerala Yuksek Mahkemesi, Hindistan",Odeme gecikmesi nedeniyle Yuklenici'nin feshi vs Isveren'in ihbar temelli fesih girisimi,Gecikme/EOT; Fesih,Istinaf/Temyiz/Yuksek Mahkeme,Diger/Siniflandirilmamis,"Marymatha Infrastructure v Roads & Bridges Dev. Corp of Kerala, WP(C) 12353/2021",Howard Kennedy LLP - Table of FIDIC Cases (June 2025),"Dava reddedildi (esasa girilmedi, sozlesmesel mekanizmaya yonlendirildi)",,
302,Güney Afrika,2024,Su/Atik Su/Baraj,Kırmızı Kitap - 1999 (1. Baskı),"1.1.1.1, 1.1.1.3, 1.1.2.4, 1.4, 2.16, 3.1, 3.4","Guney Afrika Yuksek Mahkemesi, Gauteng",Su aritma tesisi - sozlesmenin imzalanmamis olmasina ragmen gecerliligi ve zamanasimi (7 yil gecikmis itiraz),Gecikme/EOT,Istinaf/Temyiz/Yuksek Mahkeme,Davaci Lehine,"Bosch Munitech v Govan Mbeki Municipality, [2024] ZAGPPHC 531",Howard Kennedy LLP - Table of FIDIC Cases (June 2025),"Davaci lehine - odeme ve faiz, karsi talep reddedildi",,
43,Hindistan,2024,Bina/Konut/Ticari,BELİRSİZ (kaynakta belirtilmemiş),"9.5, 11.9, 14.10-14.13, 14.7","Gujarat Yuksek Mahkemesi, Hindistan",Nihai hesap asamasindan once verilen ara tedbirin (banka teminati talebi) usulsuzlugu,Odeme Uyusmazligi,Istinaf/Temyiz/Yuksek Mahkeme,Diger/Siniflandirilmamis,"Sdb Diamond Bourse v Psp Project Ltd, C/FA/1309/2024",Howard Kennedy LLP - Table of FIDIC Cases (June 2025),Temyiz eden lehine - ara tedbir iptal edildi,,
44,Romanya,2024,Karayolu/Otoyol,BELİRSİZ (kaynakta belirtilmemiş),20.2,Romanya Yargitay (Yuksek Temyiz Mahkemesi),Yol insaati feshi - hakem kararinin (2018) iptal davasinin temyizi,Hakem Karari Iptali,Istinaf/Temyiz/Yuksek Mahkeme,Yuklenici Lehine,"Decizia nr. 335/2024, Romanya Yargitay",Howard Kennedy LLP - Table of FIDIC Cases (June 2025),Yuklenici lehine - temyiz reddedildi,,
45,Romanya,2024,Demiryolu/Metro,BELİRSİZ (kaynakta belirtilmemiş),Belirtilmemis,Romanya Yargitay - Idari ve Mali Uyusmazliklar Dairesi,Demiryolu rehabilitasyonu - teknik sartname standartlarindan sapma nedeniyle mali ceza,Teknik Sartname Uygunlugu/Ceza,Istinaf/Temyiz/Yuksek Mahkeme,Diger/Siniflandirilmamis,"Decizia nr. 574/2024, Romanya Yargitay (Idari Daire)",Howard Kennedy LLP - Table of FIDIC Cases (June 2025),Idare lehine - ceza onandi,,
46,Hindistan,2024,Demiryolu/Metro,Kırmızı Kitap - 1999 (1. Baskı),"3.5, 20","Delhi Yuksek Mahkemesi, Hindistan",Ithal raylarda gumruk vergisi indirimi (CEPA) nedeniyle kesilen hakedis tutarlarinin/teminatlarinin durdurulmasi,Odeme Uyusmazligi,Istinaf/Temyiz/Yuksek Mahkeme,Yuklenici Lehine,"Sojitz-L&T Consortium v DFCCI, Delhi Yuksek Mahkemesi",Howard Kennedy LLP - Table of FIDIC Cases (June 2025),Yuklenici lehine - teminatlarin nakde cevrilmesi durduruldu,,
47,Güney Afrika,2023,Fosil Yakit/Petrol-Gaz,Sarı Kitap - 1999 (1. Baskı),Belirtilmemis,"Guney Afrika Yuksek Mahkemesi, Johannesburg",Kusile Enerji Santrali - zaman siniri uyusmazligi ve yolsuzluk sorusturmasi nedeniyle DAB surecinin durdurulmasi,Fesih; Yolsuzluk,Istinaf/Temyiz/Yuksek Mahkeme,Karma/Kismi,"Eskom Holdings v TSSA, [2023] ZAGPJHC 1469",Howard Kennedy LLP - Table of FIDIC Cases (June 2025),"Kismen her iki taraf - esas surec durduruldu, fesih davasi durdurulmadi",,
48,Paraguay,2023,Karayolu/Otoyol,Pembe Kitap (MDB Harmonised) - 2010,"17, 20","Daimi Hakemlik Mahkemesi (PCA), Paraguay","Metrobus projesi - 8. degisiklik reddi sonrasi fesih; sahaya erisim, tasarim onay gecikmesi, teminatlar",Gecikme/EOT; Degisiklik/Change Order; Fesih,Belirsiz/Sadece Claim Asamasi,Yuklenici Lehine,"Mota-Engil Ingenieria v Ministry of Public Works, Paraguay, PCA No. 2020-14",Howard Kennedy LLP - Table of FIDIC Cases (June 2025),Yuklenici lehine (kabul edilebilirlik asamasinda),,
49,Zimbabve,2023,Yenilenebilir Enerji,Gümüş Kitap - 1999 (1. Baskı),"1.1.3.3, 5, 6, 8","Zimbabve Yuksek Temyiz Mahkemesi, Harare",Gunes enerjisi santrali - on kosullarin yerine getirilmemesi (odenmemis on-hazirlik isleri) nedeniyle tek tarafli fesih,Fesih,Istinaf/Temyiz/Yuksek Mahkeme,Yuklenici Lehine,"Zimbabwe Power Company v Intratrek Zimbabwe, [2023] ZWSC 56",Howard Kennedy LLP - Table of FIDIC Cases (June 2025),Yuklenici lehine - aynen ifa karari onandi,,
50,Singapur,2023,Fosil Yakit/Petrol-Gaz,Gümüş Kitap - 1999 (1. Baskı),"1, 2.5, 4.5, 8, 9, 10, 14.5, 14.8, 14.9, 15, 16.3, 17, 19.1, 19.6, 20.1, 20.2","SIAC, yer: Singapur (Vietnam hukuku)","ABD yaptirimlari nedeniyle iki ayri fesih bildirimi (NOT1/NOT2) gecerliligi; performans bonosu, odeme, koruma maliyeti talepleri",Gecikme/EOT; Fesih; Force Majeure; Odeme Uyusmazligi,Ilk Derece Tahkim (ICC/ICSID/LCIA/vb),Yuklenici Lehine,"JSC Power Machines v Vietnam Oil and Gas Group, SIAC ARB274/19/AB, Nihai Karar",Howard Kennedy LLP - Table of FIDIC Cases (June 2025),Kismen her iki taraf lehine (Yuklenici agirlikli),,11
51,Karadağ,2023,Su/Atik Su/Baraj,BELİRSİZ (kaynakta belirtilmemiş),Belirtilmemis,Karadag Ticaret Mahkemesi,Su/kanalizasyon projesi - ICC kararinin tenfizine itiraz (kamu duzeni ve yetki belgesi eksikligi),Tenfiz/Icra,Tenfiz/Icra (Nihai Asama),Yuklenici Lehine,"Ludwig Pfeiffer v Vodovod i Kanalizacija DOO Tivat, ICC No. 25798/HBH",Howard Kennedy LLP - Table of FIDIC Cases (June 2025),Yuklenici lehine - itiraz reddedildi,,
52,Singapur,2023,Havalimani,Sarı Kitap - 1999 (1. Baskı),"20.2, 20.5, 20.6",Singapur Uluslararasi Ticaret Mahkemesi,Degistirilmis 20.5 maddesinin tahkim icin on sart (condition precedent) olup olmadigi,Siniflandirilmamis/Veri Yetersiz,Belirsiz/Sadece Claim Asamasi,Diger/Siniflandirilmamis,"CZS v CZQ and CZR, [2023] SGHC 16",Howard Kennedy LLP - Table of FIDIC Cases (June 2025),Yetki tespit edildi (tahkime devam),,
53,Kenya,2023,Havalimani,Kırmızı Kitap - 4. Baskı Rev. (1992),Belirtilmemis,"Mombasa Yuksek Mahkemesi, Kenya",Havalimani cevre duvari - odenmemis hakedis ve degisiklik talebi,Degisiklik/Change Order; Odeme Uyusmazligi,Istinaf/Temyiz/Yuksek Mahkeme,Isveren Lehine,"Westcon Contractors v Kenya Airways Authority, [2023] KEHC 24142",Howard Kennedy LLP - Table of FIDIC Cases (June 2025),Isveren lehine - dava reddedildi (teminat parasi haric),,
54,Kenya,2023,Su/Atik Su/Baraj,Pembe Kitap (MDB Harmonised) - 2010,"20.2, 20.4, 20.7","Nairobi Yuksek Mahkemesi, Kenya",4 Dispute Board karari icin ozet yargilama talebi,DAB/Hakem Prosedur Usulsuzlugu; Ozet Yargilama Talebi,Tenfiz/Icra (Nihai Asama),Yuklenici Lehine,"Sogea-Satom v National Irrigation Authority, [2023] KEHC 22767",Howard Kennedy LLP - Table of FIDIC Cases (June 2025),Yuklenici lehine - ozet yargilama verildi,,
341,Kenya,2023,Karayolu/Otoyol,Pembe Kitap (MDB Harmonised) - 2005,Belirtilmemis,"Nairobi Yuksek Mahkemesi, Kenya (Yargisal Denetim)",Mahkeme karariyla belirlenen odemenin geciktirilmesine karsi mandamus talebi,Tenfiz/Icra,Tenfiz/Icra (Nihai Asama),Belirsiz/Detay Sinirli,"Republic v Director General KeNHA; SBI (Exparte), [2023] KEHC 22567",Howard Kennedy LLP - Table of FIDIC Cases (June 2025),Basvuran lehine,,
56,Güney Afrika,2023,Fosil Yakit/Petrol-Gaz,Kırmızı Kitap - 1999 (1. Baskı),Belirtilmemis,"Guney Afrika Yuksek Mahkemesi, Johannesburg",Kusile Santrali ihalesinde diskalifikasyonun iptali icin yargisal denetim basvurusu,Ihale Sureci,Istinaf/Temyiz/Yuksek Mahkeme,Davali Lehine,"WBHO-Lubocon JV v Eskom Holdings, [2023] ZAGPJHC 1008",Howard Kennedy LLP - Table of FIDIC Cases (June 2025),Davali lehine - basvuru reddedildi,,
57,Hindistan,2023,Su/Atik Su/Baraj,BELİRSİZ (kaynakta belirtilmemiş),1.14,"Delhi Yuksek Mahkemesi, Hindistan",Afganistan Salma Baraji - ortak girisim pay dagilimi ve teminat parasinin serbest birakilmasi uyusmazligi,Teminat Mektubu; Ortak Girisim Ic Anlasmazligi,Istinaf/Temyiz/Yuksek Mahkeme,Diger/Siniflandirilmamis,"Angelique International v Salma Dam Joint Venture, CS(COMM) 505/2017",Howard Kennedy LLP - Table of FIDIC Cases (June 2025),Ara tedbir - esas hala yargilanmakta,,20
58,Hindistan,2023,Belirsiz/Veri Yetersiz,Kırmızı Kitap - 1999 (1. Baskı),20.2-20.6,"Bombay Yuksek Mahkemesi, Hindistan",DAB'in uculu uyesinin atanmamasi nedeniyle dogrudan tahkime gecis talebi,DAB/Hakem Prosedur Usulsuzlugu,Istinaf/Temyiz/Yuksek Mahkeme,Diger/Siniflandirilmamis,"Capacite Infraprojects v T. Bhimjyani Realty, 2023:BHC-OS:8307",Howard Kennedy LLP - Table of FIDIC Cases (June 2025),Karsi taraf lehine - tahkimci atama basvurusu reddedildi,,
59,Kenya,2023,Karayolu/Otoyol,Pembe Kitap (MDB Harmonised) - 2005,"20.4, 20.5, 20.6, 20.7","Nairobi Yuksek Mahkemesi, Kenya",Itiraz bildirimi verilmis DAB kararinin tenfiz edilebilirligi (durdurma basvurusu),Tenfiz/Icra; DAB/Hakem Prosedur Usulsuzlugu,Tenfiz/Icra (Nihai Asama),Davaci Lehine,"SBI International Holdings v Kenya National Highways Authority, [2023] KEHC 20793 (Ruling)",Howard Kennedy LLP - Table of FIDIC Cases (June 2025),Davaci lehine - durdurma basvurusu reddedildi,,
60,Güney Afrika,2023,Belirsiz/Veri Yetersiz,Kırmızı Kitap - 1999 (1. Baskı),"3.1, 3.3, 13.3, 14.3, 14.6, 14.7, 20.1, 20.2, 20.4, 20.6","Western Cape Yuksek Mahkemesi, Guney Afrika",IPC No.17'nin (Muhendis imzali) tenfizi - sonradan gelen imzasiz IPC No.18'in bunu revize edip edemeyecegi,Odeme Uyusmazligi,Tenfiz/Icra (Nihai Asama),Karma/Kismi,"Umlazi Civils v Concor Construction, [2023] ZAWCHC 161",Howard Kennedy LLP - Table of FIDIC Cases (June 2025),"Kismen - sadece kabul edilen tutar odendi, gerisi tahkime birakildi",,
61,Güney Afrika,2023,Karayolu/Otoyol,Kırmızı Kitap - 1999 (1. Baskı),"14, 20.2","Guney Afrika Yuksek Mahkemesi, Gauteng",11 aylik onaysiz proje asimi - IPC36'nin sonradan revize edilip P&G/CPA odemelerinin dusurulmesi,Gecikme/EOT,Istinaf/Temyiz/Yuksek Mahkeme,Davaci Lehine,"Lonerock Construction v South African National Roads Agency, [2023] ZAGPPHC 2245",Howard Kennedy LLP - Table of FIDIC Cases (June 2025),Davaci lehine - IPC36 revizyonu gecersiz sayildi,,
62,Vietnam,2023,Belirsiz/Veri Yetersiz,Kırmızı Kitap - 1999 (1. Baskı),"2.4, 3.5","Ho Chi Minh Sehri Halk Mahkemesi, Vietnam",Muhendis'in tek yetkili onay makami olmasina ragmen hakem heyetinin dogrudan Isveren rakamlarina dayanmasi,Muhendis/Mimar Karari - Clause 67 Usulu,Ilk Derece Tahkim (ICC/ICSID/LCIA/vb),Yuklenici Lehine,"Karar 982/2023/QD-PQTT, Ho Chi Minh Halk Mahkemesi",Howard Kennedy LLP - Table of FIDIC Cases (June 2025),Yuklenici lehine - karar iptal edildi,,
63,Vietnam,2023,Belirsiz/Veri Yetersiz,Gümüş Kitap - 1999 (1. Baskı),2.5,"Ho Chi Minh Sehri Halk Mahkemesi, Vietnam","Zamanasimi, esitlik/tarafsizlik ve delil degerlendirme ilkelerinin ihlali iddiasiyla karar iptali",Zamanasimi/Sure Siniri,Hakem Karari Iptal Davasi/Mahkeme Denetimi,Davaci Lehine,"Karar 868/2023/QD-PQTT, D2 JSC v T Public Co ve TVC, Ho Chi Minh Halk Mahkemesi",Howard Kennedy LLP - Table of FIDIC Cases (June 2025),Davaci lehine - karar iptal edildi,,
64,Tanzanya,2023,Belirsiz/Veri Yetersiz,BELİRSİZ (kaynakta belirtilmemiş),Belirtilmemis,"Tanzanya Yuksek Mahkemesi, Mwanza",Hakem kararina itiraz icin sure uzatimi talebi - karar henuz mahkemeye sunulmadan hukuka aykirilik iddiasi,Gecikme/EOT,Istinaf/Temyiz/Yuksek Mahkeme,Yuklenici Lehine,"Geita Town Council v Home Africa Investment Corp, [2023] TZHCComD 155",Howard Kennedy LLP - Table of FIDIC Cases (June 2025),Yuklenici lehine - basvuru erken bulunarak reddedildi,,
65,Kanada,2023,Madencilik,Kırmızı Kitap - 4. Baskı (1987),Belirtilmemis,"Ontario Istinaf Mahkemesi, Kanada",Temyiz izni reddi sonrasi masraf karari,Tahkim Masraflari,Istinaf/Temyiz/Yuksek Mahkeme,Diger/Siniflandirilmamis,"Tower-EBC v Baffinland Iron Mines, 2023 ONCA 353",Howard Kennedy LLP - Table of FIDIC Cases (June 2025),Masraf karari (esas karar ayri kayitta),,
67,Kanada,2023,Madencilik,Kırmızı Kitap - 4. Baskı (1987),"20.6, 20.7","Ontario Istinaf Mahkemesi, Kanada",Tahkim anlasmasinin hukuki sorulplatinda temyiz hakkini disladigi iddiasi,Siniflandirilmamis/Veri Yetersiz,Istinaf/Temyiz/Yuksek Mahkeme,Diger/Siniflandirilmamis,"Tower-EBC v Baffinland Iron Mines, 2023 ONCA 245",Howard Kennedy LLP - Table of FIDIC Cases (June 2025),Karsi taraf lehine - temyiz izni reddedildi,,
68,Vietnam,2023,Belirsiz/Veri Yetersiz,Kırmızı Kitap - 1999 (1. Baskı),"3.1, 7.5, 7.6, 8.7, 13.1, 13.3, 15.2","Hanoi Sehri Halk Mahkemesi, Vietnam","Tek tarafli fesih sonrasi karsilikli tazminat talepleri (gec teslim, gec odeme, VO onayi gecikmesi)",Gecikme/EOT; Fesih; Odeme Uyusmazligi,Belirsiz/Sadece Claim Asamasi,Karma/Kismi,"Karar 66/2023/KDTM-PT, Mac Construction JSC v BTC JSC, Hanoi Halk Mahkemesi",Howard Kennedy LLP - Table of FIDIC Cases (June 2025),Kismen her iki taraf - Isveren agirlikli kabul,,
69,Fransa (Paris - ICC Merkezi),2023,Bina/Konut/Ticari,Beyaz Kitap (Danışman) - 4. Baskı (1987),"5, 8.1.1, 8.2","ICC, Paris",Odenmemis faturalar nedeniyle isin durdurulmasi/geri cekilmesi - kalan sozlesme degeri ve hizmet bedeli talepleri,Odeme Uyusmazligi,Tenfiz/Icra (Nihai Asama),Devam Eden Dava,"Cardno Me v Central Bank of Iraq, ICC No. 26290/AYZ/ELU",Howard Kennedy LLP - Table of FIDIC Cases (June 2025),Devam eden dava zinciri (bkz. Amsterdam CoA 2024 tenfiz karari),,1
70,Hollanda,2024,Bina/Konut/Ticari,Beyaz Kitap (Danışman) - Baskı Belirsiz,Belirtilmemis,"Amsterdam Istinaf Mahkemesi, Hollanda",2023 ICC kararinin tenfizine itiraz (hile ve kamu duzeni iddialari),Tenfiz/Icra,Tenfiz/Icra (Nihai Asama),Yuklenici Lehine,"Cardno Middle East v Central Bank of Iraq, Amsterdam Istinaf Mahkemesi",Howard Kennedy LLP - Table of FIDIC Cases (June 2025),Yuklenici lehine - tenfiz onaylandi,,
327,Seyşeller,2022,Bina/Konut/Ticari,BELİRSİZ (kaynakta belirtilmemiş),"15.2, 16.2",Seyseller Istinaf Mahkemesi,Iscilere gecici konaklama icin ithal edilen prefabrik yapinin mulkiyeti - fesih sonrasi,Fesih,Istinaf/Temyiz/Yuksek Mahkeme,Yuklenici Lehine,"Eastern European Engineering v Vijay Construction, [2022] SCCA 56",Howard Kennedy LLP - Table of FIDIC Cases (May 2024 snapshot),Yuklenici lehine - istinaf 4 gerekce ile de reddedildi,,
72,Vietnam,2022,Belirsiz/Veri Yetersiz,Kırmızı Kitap - 1999 (1. Baskı),-,"Ho Chi Minh Sehri Halk Mahkemesi, Vietnam",Sozlesmeyi imzalayan kisinin yasal temsilci olmamasi nedeniyle tahkim anlasmasinin gecersizligi,Sozlesme/Tahkim Anlasmasi Gecerliligi,Belirsiz/Sadece Claim Asamasi,Davali Lehine,"Karar 1230/2022/QD-PQTT, BG Vietnam v BW Company",Howard Kennedy LLP - Table of FIDIC Cases (May 2024 snapshot),Davali lehine - karar iptal edildi,,
73,Hindistan,2022,Bina/Konut/Ticari,BELİRSİZ (kaynakta belirtilmemiş),70,Hindistan,Ihale oncesi verinin ozel sozlesme sartlarini gecersiz kilip kilmayacagi; fiyat ayarlama maddesi,Ihale Sureci,Belirsiz/Sadece Claim Asamasi,Diger/Siniflandirilmamis,Arabian Jacking Enterprises v Municipal Corp of Greater Bombay,Howard Kennedy LLP - Table of FIDIC Cases (May 2024 snapshot),Hakem karari onandi,,
74,Vietnam,2022,Belirsiz/Veri Yetersiz,Kırmızı Kitap - 1999 (1. Baskı),"1.4, 16.4, 17.1, 20.6","Ho Chi Minh Sehri Halk Mahkemesi, Vietnam","Fesih sonrasi tamamlanan is degeri, kapsam disi is degeri ve gecikme tazminati taleplerinde hakemin talep disina cikmasi",Gecikme/EOT; Fesih,Belirsiz/Sadece Claim Asamasi,Davaci Lehine,"Karar 578/2022/QD-PQTT, ACC PCN v TT CR",Howard Kennedy LLP - Table of FIDIC Cases (May 2024 snapshot),Davaci lehine - karar iptal edildi,,
75,Papua Yeni Gine,2022,Karayolu/Otoyol,Pembe Kitap (MDB Harmonised) - 2005,14.2,Papua Yeni Gine,Alt sozlesmede avans odeme maddesinin (14.2) uygulanmamasi,Odeme Uyusmazligi,Belirsiz/Sadece Claim Asamasi,Yuklenici Lehine,Jay LW Contractors v Covec PNG,Howard Kennedy LLP - Table of FIDIC Cases (May 2024 snapshot),Ana yuklenici lehine - dava reddedildi,,
76,Kenya,2022,Egitim/Kampus,Kırmızı Kitap - 4. Baskı (1987),59.1,Kenya,Alt yuklenicinin 'nominated subcontractor' (Isveren tarafindan atanan) statusu tespiti,Alt Yuklenici Statusu,Belirsiz/Sadece Claim Asamasi,Yuklenici Lehine,Masosa Construction v SBI International Holdings (Kenya),Howard Kennedy LLP - Table of FIDIC Cases (May 2024 snapshot),Alt yuklenici lehine (statu tespiti),,
77,Güney Afrika,2022,Su/Atik Su/Baraj,Altın Kitap (DBO) - 2008,"1.3, 14.7, 14.8, 16.1, 16.2, 20",Guney Afrika,Odenmemis hakedis nedeniyle Yuklenici'nin isi durdurmasi - bildirim gecerliligi ve DAB kararinin gec ileri surulmesi,Gecikme/EOT; Odeme Uyusmazligi,DAB/DAAB (On-Tahkim Kurulu),Yuklenici Lehine,Ndlambe Local Municipality v Quality Filtration Systems,Howard Kennedy LLP - Table of FIDIC Cases (May 2024 snapshot),Yuklenici lehine - aynen ifa talebi reddedildi,,
78,Fransa (Paris - ICC Merkezi),2022,Karayolu/Otoyol,FIDIC (Kitap Rengi Belirsiz) - 2005,-,Paris Istinaf Mahkemesi,2020 nihai kararinin (Arnavutluk yol projesi) iptal basvurusu - yetki ve kamu duzeni,Degisiklik/Change Order,Istinaf/Temyiz/Yuksek Mahkeme,Yuklenici Lehine,Albanian Road Authority v Aktor S.A. ve JV Copri/Aktor,Howard Kennedy LLP - Table of FIDIC Cases (May 2024 snapshot),Yuklenici lehine - iptal basvurusu reddedildi,,
79,Kanada,2022,Madencilik,BELİRSİZ (Sınıflandırılamadı),"20.6, 20.8","Ontario Yuksek Mahkemesi, Kanada",Izin gecikmeleri nedeniyle fesih - hakem kararinin iptali/temyiz izni basvurusu,Gecikme/EOT; Fesih,Istinaf/Temyiz/Yuksek Mahkeme,Yuklenici Lehine,"Tower-EBC v Baffinland Iron Mines, ONSC 1900",Howard Kennedy LLP - Table of FIDIC Cases (May 2024 snapshot),Yuklenici lehine - basvuru reddedildi,,
80,Vietnam,2022,Belirsiz/Veri Yetersiz,Kırmızı Kitap - 1999 (1. Baskı),"8.2, 10.1, 16, 20.1, 59.5 (1987 Red)",Vietnam Yuksek Mahkemesi (Halk Yuce Mahkemesi),Alt yuklenicinin Isveren'den (Ana Yuklenici'nin odeme temerrudu nedeniyle) dogrudan odeme talebi,Odeme Uyusmazligi,Istinaf/Temyiz/Yuksek Mahkeme,Isveren Lehine,"Karar 03/2022/KDTM-GDT, REE v Company B ve H Ltd (Vietnam Yuksek Mahkemesi)",Howard Kennedy LLP - Table of FIDIC Cases (May 2024 snapshot),Isveren lehine - dava yeniden yargilanmak uzere geri gonderildi,,
81,Polonya,2022,Belirsiz/Veri Yetersiz,BELİRSİZ (kaynakta belirtilmemiş),20.1,Polonya Yuksek Mahkemesi,20.1'deki bildirim suresinin Polonya hukukundaki zamanasimi sureleriyle celisip celismedigi,Zamanasimi/Sure Siniri,Istinaf/Temyiz/Yuksek Mahkeme,Diger/Siniflandirilmamis,"II CSKP 217/22, Polonya Yuksek Mahkemesi",Howard Kennedy LLP - Table of FIDIC Cases (May 2024 snapshot),20.1 maddesinin gecerliligi onaylandi,,
82,Vietnam,2022,Sanayi Tesisi/Fabrika,Kırmızı Kitap - 1999 (1. Baskı),"2.4, 15.2, 16.1","Hanoi Sehri Halk Mahkemesi, Vietnam",Isveren'in banka teminat mektubunu tek tarafli degistirmesi nedeniyle Yuklenici'nin isi durdurmasi,Teminat Mektubu,Belirsiz/Sadece Claim Asamasi,Yuklenici Lehine,"Karar 06/2022/KDTM-PT, Thuan H v Textile and Dyeing JSC",Howard Kennedy LLP - Table of FIDIC Cases (May 2024 snapshot),Yuklenici lehine,,
83,Kenya,2022,Madencilik,Kırmızı Kitap - 4. Baskı (1987) [varsayım],"2.2, 16.1, 60.10",Kenya (Narok),"Tamamlanan is icin odenmemis hakedis, faiz ve masraf talebi - esas tutar sulh ile cozuldu",Gecikme/EOT; Odeme Uyusmazligi,Belirsiz/Sadece Claim Asamasi,Davaci Lehine,Haraf Traders v Narok County Government,Howard Kennedy LLP - Table of FIDIC Cases (May 2024 snapshot),"Kismen Davaci lehine (masraf evet, faiz hayir)",,
84,Güney Afrika,2021,Sanayi Tesisi/Fabrika,BELİRSİZ (kaynakta belirtilmemiş),3.3,Guney Afrika Yuksek Mahkemesi,Hakemin karsi talep konusunda tarafa delil sunma firsati tanimamasi - usuli ihlal,Usuli Ihlal (Adil Yargilanma),Istinaf/Temyiz/Yuksek Mahkeme,Belirsiz/Detay Sinirli,Pro-Khaya Construction v Tony Ashford,Howard Kennedy LLP - Table of FIDIC Cases (May 2024 snapshot),Basvuran lehine - karar iptal edildi,,
85,Fransa (Paris - ICC Merkezi),2021,Karayolu/Otoyol,FIDIC (Kitap Rengi Belirsiz) - 2017 (2. Baskı),20.4-20.7,Paris Istinaf Mahkemesi,Ukrayna yol rehabilitasyonu - DB kararlarinin uygulanmasina iliskin ilk kismi kararin iptali,Hakem Karari Iptali,Istinaf/Temyiz/Yuksek Mahkeme,Yuklenici Lehine,"State Road Agency of Ukraine v Todini Costruzioni, Paris Istinaf Mahkemesi",Howard Kennedy LLP - Table of FIDIC Cases (May 2024 snapshot),Yuklenici lehine - iptal basvurusu reddedildi,,
86,İngiltere/UK,2021,Madencilik,BELİRSİZ (kaynakta belirtilmemiş),"8.7, 20.1",Ingiltere Ticaret Mahkemesi,Banka teminati talebinin geri cekilmesi icin ihtiyati tedbir talebi,Teminat Mektubu,Belirsiz/Sadece Claim Asamasi,Diger/Siniflandirilmamis,"Shapoorji Pallonji v Yumn Ltd, [2021] EWHC 862 (Comm)",Howard Kennedy LLP - Table of FIDIC Cases (May 2024 snapshot),Talep reddedildi,,
87,İngiltere/UK,2021,Yenilenebilir Enerji,Gümüş Kitap - Baskı Belirsiz,-,Ingiltere Ticaret Mahkemesi,18 gunes enerjisi santralinin kusurlu insa edildigi iddiasi,Kalite/Kusur,Belirsiz/Sadece Claim Asamasi,Yuklenici Lehine,"Toucan Energy Holdings v Wirsol Energy, [2021] EWHC 895 (Comm)",Howard Kennedy LLP - Table of FIDIC Cases (May 2024 snapshot),Yuklenici lehine - karsi talep kabul edildi,,
88,Güney Afrika,2021,Telekom/Veri Merkezi,Sarı Kitap - 1999 (1. Baskı),-,"Guney Afrika Yuksek Mahkemesi, Cape Town",2025'e kadar surecek sozlesmenin imza yetkisi hatasi nedeniyle gecersizligi,Sozlesme/Tahkim Anlasmasi Gecerliligi,Istinaf/Temyiz/Yuksek Mahkeme,Diger/Siniflandirilmamis,"ICT-Works v City of Cape Town, [2021] ZAWCHC 119",Howard Kennedy LLP - Table of FIDIC Cases (May 2024 snapshot),Belediye lehine - sozlesme gecersiz sayildi,,4
89,Hindistan,2021,Su/Atik Su/Baraj,BELİRSİZ (kaynakta belirtilmemiş),"60.10, 67","Bangalore Bolge Mahkemesi, Hindistan",Su temini projesi - dogal adalet ihlali iddiasiyla kamu duzeni temelinde karar iptali,Kamu Duzeni/Politikasi Ihlali Iddiasi,Ilk Derece Devlet Mahkemesi,Karma/Kismi,"Bengaluru Water Supply v Larson & Turbo, CCH84",Howard Kennedy LLP - Table of FIDIC Cases (May 2024 snapshot),Kismen kabul,,
90,Güney Afrika,2021,Karayolu/Otoyol,Kırmızı Kitap - 1999 (1. Baskı),"4.2, 15.2, 16.3",Guney Afrika Istinaf Mahkemesi,Kosulsuz performans teminatinin cagirilmasinin durdurulmasi icin ihtiyati tedbir,Teminat Mektubu; Ihtiyati Tedbir Talebi,Istinaf/Temyiz/Yuksek Mahkeme,Isveren Lehine,"SA National Roads Agency v Fountain Civil Engineering, [2021] ZASCA 118",Howard Kennedy LLP - Table of FIDIC Cases (May 2024 snapshot),Isveren lehine - istinaf kabul edildi,,
91,Trinidad ve Tobago,2021,Fosil Yakit/Petrol-Gaz,Sarı Kitap - 1999 (1. Baskı),20.5,Trinidad ve Tobago Yuksek Mahkemesi,Hakem atama usulunun (UNCITRAL Art.8) dogru uygulanip uygulanmadigi,DAB/Hakem Prosedur Usulsuzlugu,Istinaf/Temyiz/Yuksek Mahkeme,Diger/Siniflandirilmamis,National Gas Company T&T v Super Industrial Services (I),Howard Kennedy LLP - Table of FIDIC Cases (May 2024 snapshot),Ilk karar (hakem atamasi) iptal edilmedi,,
92,Trinidad ve Tobago,2021,Fosil Yakit/Petrol-Gaz,Sarı Kitap - 1999 (1. Baskı),"15.4, 2.5, 3.5",Trinidad ve Tobago Yuksek Mahkemesi,Muhendis'in on kosul olarak degerlendirme yapmasi zorunlulugu,Muhendis/Mimar Karari - Clause 67 Usulu,Istinaf/Temyiz/Yuksek Mahkeme,Karma/Kismi,National Gas Company T&T v Super Industrial Services (II),Howard Kennedy LLP - Table of FIDIC Cases (May 2024 snapshot),Itiraz kismen kabul edildi,,
93,İngiltere/UK,2021,Fosil Yakit/Petrol-Gaz,Sarı Kitap - 1999 (1. Baskı),14,Ingiltere TCC,"Isveren'in son kilometre tasi odemesinden, farkli bir is paketine iliskin tutari kesme hakki",Odeme Uyusmazligi,Belirsiz/Sadece Claim Asamasi,Isveren Lehine,"Shepherd Construction v Drax Power, [2021] EWHC 1478 (TCC)",Howard Kennedy LLP - Table of FIDIC Cases (May 2024 snapshot),Isveren lehine,,
94,Güney Afrika,2021,Sanayi Tesisi/Fabrika,Altın Kitap (DBO) - Baskı Belirsiz,"1.1.53, 1.5, 9.2, 8.1, 8.2, 13","Guney Afrika Yuksek Mahkemesi, Pretoria",Komur isleme tesisi sozlesmesinin suresinin sabit mi yoksa rezerv tukenene kadar mi oldugu,Yatirim Anlasmasi Ihlali (BIT/ICSID),Istinaf/Temyiz/Yuksek Mahkeme,Belirsiz/Detay Sinirli,Universal Coal Development v Mineral Resources Development,Howard Kennedy LLP - Table of FIDIC Cases (May 2024 snapshot),Basvuran lehine (ara tedbir),,
95,Fransa (Paris - ICC Merkezi),2021,Karayolu/Otoyol,BELİRSİZ (kaynakta belirtilmemiş),20.6,Paris Istinaf Mahkemesi,Tek hakemin bagimsizlik/tarafsizlik eksikligi iddiasiyla karar iptali,Siniflandirilmamis/Veri Yetersiz,Istinaf/Temyiz/Yuksek Mahkeme,Diger/Siniflandirilmamis,China International Water and Electric v National Highway Authority (Pakistan),Howard Kennedy LLP - Table of FIDIC Cases (May 2024 snapshot),Iptal basvurusu reddedildi,,
96,Vietnam,2021,Bina/Konut/Ticari,Kırmızı Kitap - 1999 (1. Baskı),"4, 10.2, 16.2","Khanh Hoa Vilayeti Halk Mahkemesi, Vietnam",Konut kompleksi - odenmemis hakedisler nedeniyle fesih ve teminat mektubu talebi,Fesih; Kalite/Kusur; Teminat Mektubu; Odeme Uyusmazligi,Belirsiz/Sadece Claim Asamasi,Yuklenici Lehine,"Karar 01/2021/KDTM-PT, LG Foundation v K Agricultural Materials Group",Howard Kennedy LLP - Table of FIDIC Cases (May 2024 snapshot),Yuklenici lehine,,
97,Hindistan,2021,Bina/Konut/Ticari,BELİRSİZ (kaynakta belirtilmemiş),-,"Bangalore Bolge Mahkemesi, Hindistan",Uc ayri sozlesmenin (hardscape+cati+strukturel) tek tahkim sartina tabi olup olmadigi,Siniflandirilmamis/Veri Yetersiz,Ilk Derece Devlet Mahkemesi,Diger/Siniflandirilmamis,M/S Nitesh Residency Hotels v Ani Marbles & Granites,Howard Kennedy LLP - Table of FIDIC Cases (May 2024 snapshot),Karar onandi,,
99,Vietnam,2020,Sanayi Tesisi/Fabrika,Gümüş Kitap - 1999 (1. Baskı),"20.2, 14.1","Hanoi Sehri Halk Mahkemesi, Vietnam",Kur farki delilinin degerlendirilmemesi iddiasiyla karar iptal basvurusu,Para Birimi/Faiz Uyusmazligi,Belirsiz/Sadece Claim Asamasi,Diger/Siniflandirilmamis,"Karar 09/2020/QD-PQTT, H Group v HC Industrial Design",Howard Kennedy LLP - Table of FIDIC Cases (May 2024 snapshot),Basvuru reddedildi,,
100,Vietnam,2020,Belirsiz/Veri Yetersiz,Kırmızı Kitap - 1999 (1. Baskı),"3.3, 8.7, 15.2","Ho Chi Minh Sehri Halk Mahkemesi, Vietnam",Kalitesiz is/gecikme nedeniyle fesih sonrasi tazminat - gecikme tazminatinin sozlesmesel orani vs yasal tavan,Gecikme/EOT; Fesih,Istinaf/Temyiz/Yuksek Mahkeme,Davaci Lehine,"Karar 296/2020/KDTM-PT, A JSC v C JSC",Howard Kennedy LLP - Table of FIDIC Cases (May 2024 snapshot),Davaci lehine (tavanli tazminatla),,
101,Vietnam,2020,Sanayi Tesisi/Fabrika,Gümüş Kitap - 1999 (1. Baskı),"20.2, 20.3, 20.6, 20.8","Hanoi Sehri Halk Mahkemesi, Vietnam",On-tahkim (DAB+uzlasma) prosedurune uyulmadan dogrudan tahkime gecisin yetki sorunu yaratip yaratmadigi,Yetki Itirazi,Belirsiz/Sadece Claim Asamasi,Yuklenici Lehine,"Karar 02/2020/QD-PQTT, HC Industrial Design v Vietnam Chemical Group",Howard Kennedy LLP - Table of FIDIC Cases (May 2024 snapshot),Yuklenici lehine - yetki itirazi reddedildi,,
103,Trinidad ve Tobago,2020,Havalimani,Sarı Kitap - 1999 (1. Baskı),"2.5, 3.2, 3.4, 3.5, 20.1",Trinidad ve Tobago Yuksek Mahkemesi,Kusur bildirim donemi sonrasi ortaya cikan kusurlar icin tahkim basvurusunun gecikmesi ve Muhendis degisikligi usulu,Gecikme/EOT; Kalite/Kusur,Istinaf/Temyiz/Yuksek Mahkeme,Isveren Lehine,Airports Authority of T&T v Jusamco Pavers,Howard Kennedy LLP - Table of FIDIC Cases (May 2024 snapshot),Isveren lehine (genel olarak),,
104,Hindistan,2020,Bina/Konut/Ticari,FIDIC (Kitap Rengi Belirsiz) - 2008,"20.8, 20.11","Rajasthan Yuksek Mahkemesi, Hindistan",DAB atanamamasi sonrasi hakem atama basvurusu,DAB/Hakem Prosedur Usulsuzlugu,Istinaf/Temyiz/Yuksek Mahkeme,Diger/Siniflandirilmamis,GCC JV AEC v Rajasthan Urban Infrastructure Development Program,Howard Kennedy LLP - Table of FIDIC Cases (May 2024 snapshot),Basvuru kabul edildi,,
105,Trinidad ve Tobago,2020,Karayolu/Otoyol,Kırmızı Kitap - 1999 (1. Baskı),"14.3, 14.6, 14.7, 14.8",Trinidad ve Tobago Yuksek Mahkemesi,3 yildir odenmemis 7 IPC icin teminat parasinin yarisinin geri odenmesi,Odeme Uyusmazligi,Istinaf/Temyiz/Yuksek Mahkeme,Yuklenici Lehine,Junior Sammy Contractors v Estate Management (ilk derece),Howard Kennedy LLP - Table of FIDIC Cases (May 2024 snapshot),Yuklenici lehine - ozet yargilama,82000000,9
106,Hindistan,2020,Bina/Konut/Ticari,BELİRSİZ (kaynakta belirtilmemiş),"4.1, 67, 12.1, 42.2, 44, 73","Yeni Delhi Yuksek Mahkemesi, Hindistan","DRB kararini takip eden hakem kararina itiraz - gecikme tazminati iadesi, zemin arastirma bedeli, kesilen tutar, faiz",Gecikme/EOT,Istinaf/Temyiz/Yuksek Mahkeme,Diger/Siniflandirilmamis,Italian Thai Development v Mcm Services,Howard Kennedy LLP - Table of FIDIC Cases (May 2024 snapshot),Karar onandi,,
107,Trinidad ve Tobago,2020,Karayolu/Otoyol,Kırmızı Kitap - 1999 (1. Baskı),14,Trinidad ve Tobago Istinaf Mahkemesi,Ozet yargilama kararinin icrasinin istinaf suresince durdurulmasi talebi,Tenfiz/Icra,Tenfiz/Icra (Nihai Asama),Diger/Siniflandirilmamis,"Estate Management v Junior Sammy Contractors, TT 2020 CA 31",Howard Kennedy LLP - Table of FIDIC Cases (May 2024 snapshot),Sartli icra durdurmasi verildi,,9
108,Hindistan,2020,Demiryolu/Metro,Sarı Kitap - 1999 (1. Baskı),"8.4, 19.1, 19.2, 19.4, 19.7, 15.1, 15.2, 8.2, 1.1.3.3, 3.5, 20.2, 15.3-15.5, 2.5, 4.2","Delhi Yuksek Mahkemesi, Hindistan",Feshedilen yuklenicinin cesitli teminatlarin cagirilmasini engelleme talebi,Fesih,Istinaf/Temyiz/Yuksek Mahkeme,Isveren Lehine,CRSC Research and Design Institute v Dedicated Freight Corridor Corp,Howard Kennedy LLP - Table of FIDIC Cases (May 2024 snapshot),Isveren lehine - talep reddedildi,,
110,Kenya,2020,Karayolu/Otoyol,BELİRSİZ (kaynakta belirtilmemiş),20.4-20.7 (degistirilmis),"Nairobi Yuksek Mahkemesi, Kenya",DAB kararinin tenfizi - Davali'nin feragat ettigi iddiasi,Tenfiz/Icra,Tenfiz/Icra (Nihai Asama),Diger/Siniflandirilmamis,SBI International Holdings (Kenya) v Kenya National Highway Authority (2020),Howard Kennedy LLP - Table of FIDIC Cases (May 2024 snapshot),Durdurma talebi reddedildi,,
111,Fransa (Paris - ICC Merkezi),2020,Karayolu/Otoyol,Pembe Kitap (MDB Harmonised) - 2005,20,"ICC, Paris",Yol insaati - EOT/maliyet talebi; DB kurulusu ve kararlarinin kesinligi,Odeme Uyusmazligi,Belirsiz/Sadece Claim Asamasi,Yuklenici Lehine,"JV Copri Construction/Aktor v Albanian Road Authority, ICC No. 23988/MHM/HBH",Howard Kennedy LLP - Table of FIDIC Cases (May 2024 snapshot),Yuklenici lehine - Isveren DB kararlarindaki tutari (+KDV) odemeye mahkum edildi,,
112,Kenya,2020,Belirsiz/Veri Yetersiz,BELİRSİZ (kaynakta belirtilmemiş),"60.13, 65.6, 65.8(c), 69.1-69.5","Nairobi Yuksek Mahkemesi, Kenya","Fesih sonrasi bilesik faiz, kapsam disi degisiklik ve kesilmemis tutar taleplerinin hakem yetkisini asip asmadigi",Degisiklik/Change Order; Fesih,Istinaf/Temyiz/Yuksek Mahkeme,Karma/Kismi,Ministry of Environment v Kiarigi Building Contractors,Howard Kennedy LLP - Table of FIDIC Cases (May 2024 snapshot),Kismen kabul - sadece bilesik faiz iptal edildi,,
113,Kenya,2020,Fosil Yakit/Petrol-Gaz,FIDIC (Kitap Rengi Belirsiz) - 4. Baskı Rev. (1992),-,"Nairobi Yuksek Mahkemesi, Kenya",Boru hatti degisim projesi gecikme tazminati talebi - savunmanin gecersiz kilinmasi,Gecikme/EOT,Istinaf/Temyiz/Yuksek Mahkeme,Davaci Lehine,Zakhem International v Kenya Pipeline Company,Howard Kennedy LLP - Table of FIDIC Cases (May 2024 snapshot),Davaci lehine,,
114,Kenya,2020,Karayolu/Otoyol,BELİRSİZ (kaynakta belirtilmemiş),67.1,"Nairobi Yuksek Mahkemesi, Kenya",Iki yol projesindeki adjudicator kararlarinin tenfizi,Tenfiz/Icra,Tenfiz/Icra (Nihai Asama),Davaci Lehine,Intex Construction v Kenya Rural Roads Authority,Howard Kennedy LLP - Table of FIDIC Cases (May 2024 snapshot),Davaci lehine - tenfiz kabul edildi,,
115,Kenya,2020,Demiryolu/Metro,Gümüş Kitap - Baskı Belirsiz,-,Nairobi Istinaf Mahkemesi,Standart Genislikte Demiryolu (SGR) projesi ihale usulunun anayasaya/Kamu Ihale Kanunu'na uygunlugu,Ihale Sureci,Istinaf/Temyiz/Yuksek Mahkeme,Karma/Kismi,Okiya Omtatah Okoiti v Attorney General (Kenya SGR),Howard Kennedy LLP - Table of FIDIC Cases (May 2024 snapshot),Kismen basvuran lehine,,
116,Meksika,2020,Fosil Yakit/Petrol-Gaz,"FIDIC-benzeri (bespoke, tam FIDIC değil)",-,"LCIA, Meksiko Sehri",Hidroelektrik projesi - ihale sirasinda sunulan sahaya erisim kosullarinin gercege aykiriligi,Ihale Sureci,Ilk Derece Tahkim (ICC/ICSID/LCIA/vb),Yuklenici Lehine,"Omega Construcciones ve digerleri v Comisión Federal de Electricidad, LCIA No. 163471",Howard Kennedy LLP - Table of FIDIC Cases (May 2024 snapshot),Buyuk olcude Yuklenici lehine,,
344,Kenya,2020,Kopru/Tunel,BELİRSİZ (Sınıflandırılamadı),-,Nairobi Istinaf Mahkemesi,Kopru cokmesi - muhendislerin mesleki disiplin cezasi (sicilden silinme),Muhendis/Mimar Karari - Clause 67 Usulu,Istinaf/Temyiz/Yuksek Mahkeme,Karma/Kismi,Godfrey Ajoung Okumu v Engineers Board of Kenya,Howard Kennedy LLP - Table of FIDIC Cases (May 2024 snapshot),Kismen temyiz edenler lehine (sicilden silinme baska gerekcelerle onandi),,
118,Filipinler,2020,Karayolu/Otoyol,Kırmızı Kitap - 4. Baskı (1987),-,"Filipinler Yuksek Mahkemesi, Manila",Asilan toprak isi miktarlari icin ek odeme - bildirim eksikligi savunmasi,Odeme Uyusmazligi,Istinaf/Temyiz/Yuksek Mahkeme,Yuklenici Lehine,"DPWH v Italian-Thai Development, G.R. No. 235853",Howard Kennedy LLP - Table of FIDIC Cases (May 2024 snapshot),Yuklenici lehine - CIAC karari onandi,,
119,Vietnam,2019,Fosil Yakit/Petrol-Gaz,Sarı Kitap - 1999 (1. Baskı),20.6,"Hanoi Sehri Halk Mahkemesi, Vietnam","Hidroelektrik santrali - fesih sonrasi alacak tahkimi karari iptali (duruşma yerinin degistirilmesi, tanik delili ihmali, miktar tespiti eksikligi)",Fesih; Odeme Uyusmazligi,Belirsiz/Sadece Claim Asamasi,Davali Lehine,"Karar 11/2019/QD-PQTT, HydroChina HuaDong v Vinh Son-Song Hinh Hydropower",Howard Kennedy LLP - Table of FIDIC Cases (May 2024 snapshot),Davali lehine - karar iptal edildi,,
120,Vietnam,2019,Belirsiz/Veri Yetersiz,Kırmızı Kitap - 1999 (1. Baskı),"1.1.3.10, 10.1, 20.2-20.6, 20.8","Hanoi Sehri Halk Mahkemesi, Vietnam",On-tahkim prosedurune uyulmamasi ve garanti odemesi konusunda yetki asimi iddiasi,Odeme Uyusmazligi,Belirsiz/Sadece Claim Asamasi,Davaci Lehine,"Karar 09/2019/QD-PQTT, PCVN Mechanical v HQ Investment",Howard Kennedy LLP - Table of FIDIC Cases (May 2024 snapshot),Davaci lehine - iptal basvurusu reddedildi,,
122,Hindistan,2019,Belirsiz/Veri Yetersiz,FIDIC (Kitap Rengi Belirsiz) - 4. Baskı (1987),"51.1, 51.2, 55.1, 56.1, 60.1, 60.2","Bombay Yuksek Mahkemesi, Hindistan",Goturu bedelli vs olcumlu sozlesme ayrimi - ek miktarlarin degisiklik mi yoksa gercek miktar mi oldugu,Degisiklik/Change Order,Istinaf/Temyiz/Yuksek Mahkeme,Diger/Siniflandirilmamis,Municipal Corp of Greater Mumbai v Angerlehner Structural,Howard Kennedy LLP - Table of FIDIC Cases (May 2024 snapshot),Karar onandi,,
123,Filipinler,2019,Karayolu/Otoyol,BELİRSİZ (kaynakta belirtilmemiş),"42.2, 54.1","Filipinler Yuksek Mahkemesi, Baguio",Yol rehabilitasyonu - 32 aylik askiya alma sonrasi mali sikinti nedeniyle imzalanan feragatnamenin gecerliligi,Odeme Uyusmazligi,Istinaf/Temyiz/Yuksek Mahkeme,Yuklenici Lehine,"Republic of Philippines v Roguza Development Corp, GR No. 199705",Howard Kennedy LLP - Table of FIDIC Cases (May 2024 snapshot),Yuklenici lehine (kismen),,
124,İngiltere/UK,1974,Havalimani,BELİRSİZ (Sınıflandırılamadı),67,"Court of Appeal, England and Wales","Henuz tahkim mevcut olmadigindan, mahkeme governing law (Ingiliz hukuku) altinda bildirimin gecerliligini belirleme yetkisine sahiptir.",Siniflandirilmamis/Veri Yetersiz,Istinaf/Temyiz/Yuksek Mahkeme,Belirsiz/Veri Yok,International Tank and Pipe S.A.K. v Kuwait Aviation Fuelling Co. K.S.C.,Corbett & Co Table,,,
125,Avustralya,1981,Karayolu/Otoyol,FIDIC-dışı,44; 46,"Supreme Court, Queensland, Australia","FIDIC hukmu icermeyen bu davada mahkeme, yuklenicinin maliyet/zarar/gecikme talebini hangi tarihe kadar sunmasi gerektigini degerlendirdi.",Gecikme/EOT,Istinaf/Temyiz/Yuksek Mahkeme,Belirsiz/Veri Yok,Corporation of Trustees of the Order of the Sisters of Mercy v Wormald International Pty Ltd,Corbett & Co Table,,,
126,Güney Afrika,1982,Karayolu/Otoyol,Kırmızı Kitap - 3. Baskı (1977),51; 51.2,"Supreme Court, South Africa",FIDIC 3. Baski 51. maddeye benzer degisiklik maddesi. Salt miktar degisikliginin varyasyon sayilmayacagina karar verildi (Ingiliz Crosby v Portland UDC (1967) kararinin aksi yonde).,Degisiklik/Change Order,Istinaf/Temyiz/Yuksek Mahkeme,Belirsiz/Veri Yok,Grinaker Construction (Transvaal) Pty v Transvaal Provincial Administration,Corbett & Co Table,,,
127,Hong Kong,1984,Kopru/Tunel,FIDIC-dışı,Belirtilmemis,"Court of Appeal, Hong Kong",Hong Kong Kamu Isleri sozlesmesi (RIBA JCT + FIDIC + ICE karisimi). Yapilan/faturalandirilan miktarlar arasindaki fark varyasyon sayilmadi; Muhendis'in tunel astari secenegini kullanmasi kapsam degisi,Muhendis/Mimar Karari - Clause 67 Usulu,Istinaf/Temyiz/Yuksek Mahkeme,Belirsiz/Veri Yok,"Mitsui Construction Co v A-G, [1985] HKLY 99, 26 BLR 113",Corbett & Co Table,,,
128,AB (Uluslarüstü),1985,Belirsiz/Veri Yetersiz,BELİRSİZ (Sınıflandırılamadı),Ozet Nota bakiniz,Avrupa Adalet Divani,"AB kalkinma fonu finansmanli ihalede, Komisyon'un ihale sonrasi arastirma/aciklama taleplerinin FIDIC ihale usulune aykiri olmadigina, en dusuk/ekonomik teklifi guvence altina alma gorevine dayanarak ",Ihale Sureci,Belirsiz/Sadece Claim Asamasi,Belirsiz/Veri Yok,CMC Cooperativa muratori e cementisti and others v Commission of the European Communities,Corbett & Co Table,,,
129,İngiltere/UK,1985,Madencilik,Kırmızı Kitap - 2. Baskı (1969),5.1,"Queen's Bench Division, England and Wales","Alt sozlesmenin uygulanacak hukuku belirtmemesi durumunda, ana sozlesme (FIDIC 2.) Irak hukukunu ongordugunden alt sozlesmeye de Irak hukuku uygulanir. FCEC alt sozlesmesi FIDIC 2. Baski ile uyumludur",Siniflandirilmamis/Veri Yetersiz,Belirsiz/Sadece Claim Asamasi,Belirsiz/Veri Yok,JMJ Contractors Ltd v Marples Ridgway Ltd,Corbett & Co Table,,,
130,BELİRSİZ (İncelenmeli),1987,Belirsiz/Veri Yetersiz,Kırmızı Kitap - 3. Baskı (1977),66; 67,Belirtilmemis,"Muhendis karar vermezse veya taraf memnun degilse, resmi Tahkim Talebi degil sadece 'tahkim talebi' bildirimi yeterlidir; ayni konu tekrar Muhendis'e goturulemez, tahkim bildirimi zorunludur.",Muhendis/Mimar Karari - Clause 67 Usulu,Belirsiz/Sadece Claim Asamasi,Belirsiz/Veri Yok,ICC First Partial Award in Case 5634,Corbett & Co Table,,,
131,BELİRSİZ (İncelenmeli),1987,Belirsiz/Veri Yetersiz,Kırmızı Kitap - 3. Baskı (1977),67,Belirtilmemis,"Clause 67'nin '90 gun icinde tahkim talebi bildirimi' sartinin, resmi bir Tahkim Talebi degil sadece ciddi tahkim niyetinin bildirilmesi anlamina geldigine karar verildi.",Siniflandirilmamis/Veri Yetersiz,Belirsiz/Sadece Claim Asamasi,Belirsiz/Veri Yok,ICC Partial Award in Case 5600,Corbett & Co Table,,,
132,BELİRSİZ (İncelenmeli),1988,Belirsiz/Veri Yetersiz,Kırmızı Kitap - 3. Baskı (1977),67; 68,Belirtilmemis,"Tahkim bildirimi dogrudan Mimar'a degil Isveren avukatlarina gonderilmis, Mimar'a sonradan ulasmistir ('windfall communication'); heyet bunun yeterli oldugunu, yetkisinin bulundugunu tespit etti.",Muhendis/Mimar Karari - Clause 67 Usulu,Belirsiz/Sadece Claim Asamasi,Belirsiz/Veri Yok,ICC Second Partial Award in Case 5634,Corbett & Co Table,,,
133,İngiltere/UK,1988,Belirsiz/Veri Yetersiz,Kırmızı Kitap - 4. Baskı (1987),Madde belirtilmemis,"Court of Appeal, England and Wales","Atanan (nominated) tedarikcinin urun kalitesinden dogrudan sorumlu olmadigina, ana yuklenicinin ekonomik zararinin tazmin edilemeyecegine karar verildi.",Siniflandirilmamis/Veri Yetersiz,Istinaf/Temyiz/Yuksek Mahkeme,Belirsiz/Veri Yok,Simaan General Contracting Company v Pilkington Glass Ltd,Corbett & Co Table,,,
134,Hong Kong,1988,Belirsiz/Veri Yetersiz,FIDIC-dışı,Ozet Nota bakiniz,"The Supreme Court, Hong Kong",Sigorta davasi; sozlesme FIDIC degildi ama FIDIC bakim donemi (12 ay) referans alindi.,Sigorta Uyusmazligi,Istinaf/Temyiz/Yuksek Mahkeme,Belirsiz/Veri Yok,Insurance Co of the State of Pennsylvania v Grand Union Insurance Co Ltd and Another,Corbett & Co Table,,,
135,Tanzanya,1988,Karayolu/Otoyol,Kırmızı Kitap - 2. Baskı (1969),41; 63; 2.6 (4th Ed. 1987),Tanzania Istinaf Mahkemesi,Isveren'in Muhendis'in temerrut sertifikasindan sonra makul surede fesih bildirimi vermezse feshetme hakkini kaybedecegine karar verildi; makul sure sadece yuklenicinin surekli ihlali yoksa isler.,Fesih,Istinaf/Temyiz/Yuksek Mahkeme,Belirsiz/Veri Yok,Mvita Construction Co v Tanzania Harbours Authority,Corbett & Co Table,,,
136,İngiltere/UK,1988,Belirsiz/Veri Yetersiz,Kırmızı Kitap - 2. Baskı (1969),11; 12; 46; 56; 60; 67,"Court of Appeal, England and Wales","Muhendis'in Clause 67 kapsaminda karar/sertifika verirken Yuklenici'ye karsi ozen borcu (duty of care) bulunmadigina, sorumluluk ustlenmedigine karar verildi (onemli emsal).",Muhendis/Mimar Karari - Clause 67 Usulu; Ucuncu Taraf Sorumlulugu (Duty of Care),Istinaf/Temyiz/Yuksek Mahkeme,Belirsiz/Veri Yok,Pacific Associates Inc and Another v Baxter and Others,Corbett & Co Table,,,
137,BELİRSİZ (İncelenmeli),1989,Belirsiz/Veri Yetersiz,Kırmızı Kitap - 3. Baskı (1977),6; 44; 51; 52; 60; 67,Belirtilmemis,Varyasyon talimatindan kaynaklanan global sure/kesinti zararlarinin geri alinip alinamayacagi ve bildirim eksikliginin (Cl.6/44/52) talebi otomatik reddetmeyecegi degerlendirildi.,Siniflandirilmamis/Veri Yetersiz,Belirsiz/Sadece Claim Asamasi,Belirsiz/Veri Yok,ICC Final Award in Case 5634,Corbett & Co Table,,,
138,BELİRSİZ (İncelenmeli),1989,Belirsiz/Veri Yetersiz,Kırmızı Kitap - 3. Baskı (1977),67,Belirtilmemis,Muhendis'e usulune uygun basvuru yapilip yapilmadigi degerlendirildi.,Muhendis/Mimar Karari - Clause 67 Usulu,Belirsiz/Sadece Claim Asamasi,Belirsiz/Veri Yok,ICC Partial Award in Case 6238,Corbett & Co Table,,,
139,BELİRSİZ (İncelenmeli),1989,Madencilik,Kırmızı Kitap - 3. Baskı (1977),1; 67; 69,Belirtilmemis,Yuklenici'nin kamu kurumuna karsi haksiz fiil (trespass/conversion) talepleri Clause 67 yetkisine girer bulundu; ancak anayasal haklarla ilgili meseleler heyetin yetkisi disinda birakildi.,Haksiz Fiil (Tort),Belirsiz/Sadece Claim Asamasi,Belirsiz/Veri Yok,ICC Interim Award in Case 6216,Corbett & Co Table,,,
140,BELİRSİZ (İncelenmeli),1989,Belirsiz/Veri Yetersiz,Kırmızı Kitap - 2. Baskı (1969),67,Belirtilmemis,Alt sozlesme ve ana sozlesme tahkimlerinin birlestirilmesi (consolidation) degerlendirildi.,Tahkimlerin Birlestirilmesi (Consolidation),Belirsiz/Sadece Claim Asamasi,Belirsiz/Veri Yok,ICC Interim Award in Case 5898,Corbett & Co Table,,,
141,BELİRSİZ (İncelenmeli),1990,Belirsiz/Veri Yetersiz,Kırmızı Kitap - 3. Baskı (1977),11; 12; 41; 52; 55; 56,Belirtilmemis,"Ihale oncesi belgelerde malzeme (kum, kabuk, silt, kil) olarak tanimlanan sahanin farkli cikmasi halinde, ongorulemeyen kosul tazminatina hak kazanildigina karar verildi.",Ihale Sureci,Belirsiz/Sadece Claim Asamasi,Belirsiz/Veri Yok,ICC Final Award in Case 5597,Corbett & Co Table,,,
142,BELİRSİZ (İncelenmeli),1990,Belirsiz/Veri Yetersiz,Kırmızı Kitap - 3. Baskı (1977),51; 52; 67; 93,Belirtilmemis,"Mimar'in sade bir mektubunun Clause 67 karari sayilmayacagina, dolayisiyla uyusmazlik hakkinda henuz karar verilmedigine hukmedildi.",Muhendis/Mimar Karari - Clause 67 Usulu,Belirsiz/Sadece Claim Asamasi,Belirsiz/Veri Yok,ICC Final Award in Case 6326,Corbett & Co Table,,,
143,İsviçre,1990,Belirsiz/Veri Yetersiz,Kırmızı Kitap - 3. Baskı (1977),67,"Geneva, Switzerland","Once Muhendis'e (Clause 63/67) basvurulmadan tahkime gidilemeyecegine, Yuklenici'nin isi bitirmis olmasinin bunu degistirmeyecegine, referalin erken (prematur) olduguna karar verildi.",Muhendis/Mimar Karari - Clause 67 Usulu,Belirsiz/Sadece Claim Asamasi,Belirsiz/Veri Yok,ICC Partial Award in Cases 6276 and 6277,Corbett & Co Table,,,
144,BELİRSİZ (İncelenmeli),1990,Belirsiz/Veri Yetersiz,Kırmızı Kitap - 2. Baskı (1969),1; 67,Belirtilmemis,"Tahkim oncesi Muhendis'e basvurulmamis olmasi, tek basina heyetin yetkisizligi anlamina gelmez.",Muhendis/Mimar Karari - Clause 67 Usulu,Belirsiz/Sadece Claim Asamasi,Belirsiz/Veri Yok,ICC Final Award in Case 6230,Corbett & Co Table,,,
145,İngiltere/UK,1991,Madencilik,Kırmızı Kitap - Baskı Belirsiz,67; 69,"London, United Kingdom",(1) Yetki testi olarak 'but for' testi kullanildi; (2) sozlesme ihlalinde cezai tazminat verilmez (istisnalar haric); (3) haksiz fiil taleplerinde cezai tazminat verilebilir.,Haksiz Fiil (Tort),Belirsiz/Sadece Claim Asamasi,Belirsiz/Veri Yok,ICC Final Award in Case 6216,Corbett & Co Table,,,
146,BELİRSİZ (İncelenmeli),1991,Hastane/Saglik,Kırmızı Kitap - 2. Baskı (1969),1; 63; 67,Belirtilmemis,Gecerli fesih icin gerekli 'sertifika'nin sekli sartlari tasimadigi; tahkim baslatmak icin resmi talep yerine mektubun yeterli oldugu tespit edildi (bkz. 1993 Nihai Karar).,Fesih,Belirsiz/Sadece Claim Asamasi,Belirsiz/Veri Yok,ICC Partial Award in Case 5948,Corbett & Co Table,,,2
147,BELİRSİZ (İncelenmeli),1991,Belirsiz/Veri Yetersiz,Kırmızı Kitap - 3. Baskı (1977),30,Belirtilmemis,Misir Kanunu uyarinca faiz/finansman maliyetinin geri alinabilirligi degerlendirildi; FIDIC 3. Baski'ya gecici atif yapildi.,Para Birimi/Faiz Uyusmazligi,Belirsiz/Sadece Claim Asamasi,Belirsiz/Veri Yok,ICC Final Award in Case 5029,Corbett & Co Table,,,
148,BELİRSİZ (İncelenmeli),1992,Belirsiz/Veri Yetersiz,Kırmızı Kitap - 2. Baskı (1969),44; 52; 67,Belirtilmemis,"Yuklenici'nin Muhendis'ten sadece 'gozden gecirme' istemesinin henuz 'uyusmazlik' teskil etmedigine, Clause 67 karari acikca talep edilmedigine karar verildi.",Muhendis/Mimar Karari - Clause 67 Usulu,Belirsiz/Sadece Claim Asamasi,Belirsiz/Veri Yok,ICC Final Award in Case 6535,Corbett & Co Table,,,
149,İsviçre,1992,Fosil Yakit/Petrol-Gaz,Kırmızı Kitap - 2. Baskı (1969),8; 39; 67,"Zurich, Switzerland","Ana sozlesmeye atifla kurulan alt sozlesme tahkim sartinin, Isvicre hukuku ve NY Sozlesmesi'ne gore gecerli oldugu; dogrudan tahkime basvurunun da mumkun oldugu tespit edildi.",Siniflandirilmamis/Veri Yetersiz,Belirsiz/Sadece Claim Asamasi,Belirsiz/Veri Yok,ICC Partial Award in Case 6611,Corbett & Co Table,,,
150,BELİRSİZ (İncelenmeli),1993,Fosil Yakit/Petrol-Gaz,Kırmızı Kitap - 2. Baskı (1969),Madde belirtilmemis,Belirtilmemis,Isveren'in iflasi sonrasi avans odemesinin alt yukleniciye ait payinin Isveren tarafindan zaten odenmis sayilip sayilmayacagi degerlendirildi; alt yukleniciye kismi odeme karari verildi.,Odeme Uyusmazligi,Belirsiz/Sadece Claim Asamasi,Belirsiz/Veri Yok,ICC Final Award in Case 6611,Corbett & Co Table,,,
151,BELİRSİZ (İncelenmeli),1993,Hastane/Saglik,Kırmızı Kitap - 2. Baskı (1969),44; 51; 60,Belirtilmemis,Isveren'in avans odemesini geciktirmesi nedeniyle yuklenicinin zarar tazmini ve miktarin nasil hesaplanacagi degerlendirildi.,Odeme Uyusmazligi,Belirsiz/Sadece Claim Asamasi,Belirsiz/Veri Yok,ICC Final Award in Case 5948,Corbett & Co Table,,,
152,Kenya,1995,Belirsiz/Veri Yetersiz,Kırmızı Kitap - 3. Baskı (1977),4; 67; 69,"Nairobi, Kenya","Alt sozlesmede 'nominated' olmayan alt yuklenicinin Muhendis kontrolu disinda kaldigi, bu nedenle alt sozlesmenin adjudikasyon hukumlerinden arindirilarak yeniden duzenlenmesi gerektigi tespit edildi.",DAB/Hakem Prosedur Usulsuzlugu,DAB/DAAB (On-Tahkim Kurulu),Belirsiz/Veri Yok,ICC Partial Award in Case 7423,Corbett & Co Table,,,
153,Kıbrıs,1996,Liman/Deniz Altyapisi,Kırmızı Kitap - 4. Baskı (1987),70,Kibris Yuksek Mahkemesi,"Ihalede KDV farkinin Isveren'e ait olmasi gerektigi (Sub-Clause 70.2), ancak KDV haric karsilastirmada kazanan teklifin yine de en dusuk oldugu tespit edilerek itiraz reddedildi.",Ihale Sureci,Istinaf/Temyiz/Yuksek Mahkeme,Belirsiz/Veri Yok,George W. Zachariadis Ltd v Port Authority of Cyprus,Corbett & Co Table,,,
154,Hollanda,1996,Belirsiz/Veri Yetersiz,Kırmızı Kitap - 3. Baskı (1977),67; 67.1; (4th: 67; 67.4),"The Hague, Netherlands",Clause 67 uyarinca tahkim niyetinin bildirilmesi yeterlidir; fiilen tahkim surecinin baslatilmis olmasi sart degildir.,Siniflandirilmamis/Veri Yetersiz,Belirsiz/Sadece Claim Asamasi,Belirsiz/Veri Yok,ICC Final Award in Case 7641,Corbett & Co Table,,,
155,Tunus,1996,Belirsiz/Veri Yetersiz,Kırmızı Kitap - 3. Baskı (1977),67,Tunisia,"Heyetin, Muhendis'in nihai/baglayici kararini tenfiz etme/inceleme yetkisi olmadigina karar verildi.",Tenfiz/Icra,Tenfiz/Icra (Nihai Asama),Belirsiz/Veri Yok,ICC Final Award in Case 7910,Corbett & Co Table,,,
156,İngiltere/UK,1997,Belirsiz/Veri Yetersiz,Kırmızı Kitap - 4. Baskı (1987),13.1; 20; 20.2-20.4; 21.4; 52; 54.2; 60.3; 60.6; 62.1; 65.2-65.6; 67; 67.1; 67.4,"London, United Kingdom","Yuklenici'nin ulkesi isgal edildi, savas cikti; isgalci gucler tarafindan yagmalanan ekipmanin kaybi Clause 65.3 (Ozel Risk) kapsaminda tazmin edilebilir bulundu.",Force Majeure/Savas-Isgal,Belirsiz/Sadece Claim Asamasi,Belirsiz/Veri Yok,ICC Final Award in Case 8677,Corbett & Co Table,,,
158,İspanya,1997,Belirsiz/Veri Yetersiz,Kırmızı Kitap - 4. Baskı (1987),20.4; 65.5,"Madrid, Spain","FIDIC-disi bir sozlesmede FIDIC ilkelerinin 'ticari tearuf' (trade usage) haline gelip gelmedigi tartisildi; heyet FIDIC'in yeterince tekduze kullanilmadigini, bagimsiz hukuk ilkesi olusturmadigini te",Ticari Teamul (Trade Usage),Belirsiz/Sadece Claim Asamasi,Belirsiz/Veri Yok,ICC Final Award in Case 8873,Corbett & Co Table,,,
159,Fransa (Paris - ICC Merkezi),1998,Liman/Deniz Altyapisi,Kırmızı Kitap - 2. Baskı (1969),1; 5.1; 60; 67; 69,"Paris, France","Clause 67 tahkim talebinin kabul edilebilirligi, feshin gecerliligi ve idari sozlesmenin yerel hukuka gore gecerliligi degerlendirildi.",Siniflandirilmamis/Veri Yetersiz,Belirsiz/Sadece Claim Asamasi,Belirsiz/Veri Yok,ICC Partial Award in Case 9202,Corbett & Co Table,,,
160,İngiltere/UK,1998,Belirsiz/Veri Yetersiz,BELİRSİZ (kaynakta belirtilmemiş),Ozet Nota bakiniz,"Technology and Construction Court, England and Wales","Alt sozlesmedeki genel atfin, ana sozlesmenin tahkim sartini kapsamadigina; iki uyusmazlik cozum mekanizmasinin uyumsuz oldugu icin (kismen) dahil edilmedigine karar verildi. FIDIC sadece gecerken ani",Siniflandirilmamis/Veri Yetersiz,Belirsiz/Sadece Claim Asamasi,Belirsiz/Veri Yok,Cegelec Projects Ltd v Pirelli Construction Company Ltd,Corbett & Co Table,,,
161,Hong Kong,1998,Belirsiz/Veri Yetersiz,Kırmızı Kitap - 4. Baskı (1987),1.1(3)(i); 65.8; 69.3,"High Court, Hong Kong","'Sozlesme Bedeli' teriminin, fesih sonrasi odeme (Sub-Clause 69.3) kapsamindaki tutarlari kapsamadigina karar verildi (istinafi asagida).",Fesih; Odeme Uyusmazligi,Istinaf/Temyiz/Yuksek Mahkeme,Belirsiz/Veri Yok,Bouygues SA & Anor v Shanghai Links Executive Community Ltd (4 Haziran 1998),Corbett & Co Table,,,
162,Hong Kong,1998,Belirsiz/Veri Yetersiz,Kırmızı Kitap - 4. Baskı (1987),1.1(3)(i); 65.8; 69.3,"Court of Appeal, Hong Kong","Ilk derece karari onandi: fesih sonrasi odemeler (65.8/69.3) 'Sozlesme Bedeli' tanimina degil, yapilan ise gore hesaplanan ayri hukumlere tabidir.",Fesih; Ihale Sureci,Istinaf/Temyiz/Yuksek Mahkeme,Belirsiz/Veri Yok,"Bouygues SA & Anor v Shanghai Links Executive Community Ltd (2 Temmuz 1998, istinaf)",Corbett & Co Table,,,
163,Sri Lanka,1999,Belirsiz/Veri Yetersiz,BELİRSİZ (kaynakta belirtilmemiş),Ozet Nota bakiniz,"Colombo, Sri Lanka",Faiz orani ve faiz odemesi uzerine bir uyusmazlik.,Para Birimi/Faiz Uyusmazligi,Belirsiz/Sadece Claim Asamasi,Belirsiz/Veri Yok,ICC Final Award in Case 10079,Corbett & Co Table,,,
164,Malezya,2000,Belirsiz/Veri Yetersiz,Kırmızı Kitap - 4. Baskı (1987),58.3,"Kuala Lumpur, Malaysia","Heyetin, davacinin nitelikli/cagirilan sahit olmayan QS'i nedeniyle aleyhe cikarim yapma yetkisi olmadigina karar verildi.",Delil Degerlendirmesi/Tanik,Belirsiz/Sadece Claim Asamasi,Belirsiz/Veri Yok,ICC Final Award in Case 10166,Corbett & Co Table,,,
165,İngiltere/UK,2000,Belirsiz/Veri Yetersiz,Beyaz Kitap (Danışman) - 2. Baskı (1991),Madde belirtilmemis,"Technology and Construction Court, England and Wales",Talep hem sozlesme hem quasi-sozlesme temelinde ileri surulmustu.,Siniflandirilmamis/Veri Yetersiz,Belirsiz/Sadece Claim Asamasi,Belirsiz/Veri Yok,"Hellmuth, Obata v Geoffrey King",Corbett & Co Table,,,
166,Fransa (Paris - ICC Merkezi),2001,Karayolu/Otoyol,Kırmızı Kitap - 4. Baskı (1987),2.1; 67; 67.1; 67.4,"Paris, France","Yuklenici, Muhendis'in Sub-Clause 67.1 karari geregi odemenin yapilmasini ve avans faizinin nihai kararla belirlenmesini talep etti; heyet talebi kabul etti.",Para Birimi/Faiz Uyusmazligi,Belirsiz/Sadece Claim Asamasi,Belirsiz/Veri Yok,ICC Interim Award in Case 10619,Corbett & Co Table,,,
167,Fransa (Paris - ICC Merkezi),2002,Karayolu/Otoyol,Kırmızı Kitap - 4. Baskı (1987),11; 67; 67.1; 67.3,"Paris, France",Suresinde itiraz etmeyen/tahkim niyetini bildirmeyen Isveren'in yine de Yuklenici'nin tahkim bildirimine dayanabilecegine; ihale asamasinda saglanan 'Materials Report'un yaniltici oldugunun tespit edi,Ihale Sureci,Belirsiz/Sadece Claim Asamasi,Belirsiz/Veri Yok,ICC Final Award in Case 10619,Corbett & Co Table,,,
168,İngiltere/UK,2002,Belirsiz/Veri Yetersiz,Sarı Kitap - Baskı Belirsiz,2.5; 11.3; 14.6; 14.7; 20.4; 20.6,"London, United Kingdom","Ingiliz hukukunda mahsup hakkinin acikca dislanmasi gerekir; TEST Yellow Book 1998'de bu tur acik bir dislama olmadigindan, gecikme cezasinin onaylanmis hakedislerden mahsubu (set-off) mumkun bulundu.",Gecikme/EOT; Odeme Uyusmazligi,Belirsiz/Sadece Claim Asamasi,Belirsiz/Veri Yok,ICC Interim Award in Case 11813,Corbett & Co Table,,,
169,Almanya,2002,Belirsiz/Veri Yetersiz,Beyaz Kitap (Danışman) - 2. Baskı (1991),17; 18.1,"Berlin, Germany",FIDIC White Book'un taraflar arasindaki anlasmaya (1 yillik zamanasimi dahil) dahil edildigine ve bu kisaltilmis surenin Alman hukukunda gecerli oldugune karar verildi.,Zamanasimi/Sure Siniri,Belirsiz/Sadece Claim Asamasi,Belirsiz/Veri Yok,ICC Final Award in Case 11039,Corbett & Co Table,,,
170,Karayipler (Genel),2002,Bina/Konut/Ticari,Kırmızı Kitap - 4. Baskı (1987),1; 1.1; 2.6; 39; 39.1; 63; 63.1,Caribbean,Muhendis'in kimligi/atanmasi ve sozlesmenin usulune uygun feshedilip edilmedigi degerlendirildi.,Fesih,Belirsiz/Sadece Claim Asamasi,Belirsiz/Veri Yok,ICC Final Award in Case 10892,Corbett & Co Table,,,
171,Yeni Zelanda,2002,Karayolu/Otoyol,Kırmızı Kitap - 3. Baskı (1977),11; 12; 39; 65,"Wellington, New Zealand",Malzeme tedarik kaynagindaki kosullar 'Site'deki kosul sayilmadi (Cl.11/12 kapsami disi); yerel halk protestosu 'disorder' tanimina girmedi; Isveren'in teklifi Calderbank teklifi sayilmadi.,Siniflandirilmamis/Veri Yetersiz,Belirsiz/Sadece Claim Asamasi,Belirsiz/Veri Yok,ICC Partial and Final Awards in Case 11499,Corbett & Co Table,,,
172,İngiltere/UK,2002,Kopru/Tunel,BELİRSİZ (kaynakta belirtilmemiş),FIDIC ruhu; 1.1;11.2;23;26.1;26.2;31,"Technology and Construction Court, England and Wales","Taraflar FIDIC ruhuna bagli kalmayi ama kati sartlara baglanmamayi kabul etmisse, alt yuklenicinin FIDIC usul surelerine uymasi zorunlu degildir; hizlandirma maliyetleri Yuklenici kaynakli gecikmede t",Gecikme/EOT,Belirsiz/Sadece Claim Asamasi,Belirsiz/Veri Yok,"Motherwell Bridge Construction Ltd v Micafil Vakuumtechnik, Micafil AG",Corbett & Co Table,,,
173,İngiltere/UK,2002,Hastane/Saglik,FIDIC-dışı,Ozet Nota bakiniz,"Technology and Construction Court, England and Wales","Sozlesme FIDIC degildi, ama FIDIC'in proje yonetimi tanimina atif yapildi.",Siniflandirilmamis/Veri Yetersiz,Belirsiz/Sadece Claim Asamasi,Belirsiz/Veri Yok,Royal Brompton Hospital NHS Trust v Hammond & Ors,Corbett & Co Table,,,
174,BELİRSİZ (İncelenmeli),2003,Karayolu/Otoyol,Kırmızı Kitap - 4. Baskı (1987),67,Bati Afrika Devleti,"Devlet Isveren'in yerel mahkemeye basvurarak tahkimi iptal ettirme girisimi; heyet kendi yetkisini ICC Kurallari m.6(2) geregi kendisi tespit etme gorevi oldugunu, dolandiricilik iddialarina bakamayac",Siniflandirilmamis/Veri Yetersiz,Belirsiz/Sadece Claim Asamasi,Belirsiz/Veri Yok,ICC First Partial Award in Case 12048,Corbett & Co Table,,,
175,Falkland Adaları,2003,Belirsiz/Veri Yetersiz,Kırmızı Kitap - 4. Baskı Rev. (1992),53; 53.1-53.4,"Supreme Court, Falkland Islands","'Guncel kayit' (contemporary record) tanimi yapildi; taniklik ifadelerinin guncel kayit eksikligini telafi edemeyecegine, kayitsiz kalan taleplerin reddedilecegine karar verildi.",Delil Degerlendirmesi/Tanik,Istinaf/Temyiz/Yuksek Mahkeme,Belirsiz/Veri Yok,A.G. Falkland Islands v Gordon Forbes Construction (Falklands) No.2,Corbett & Co Table,,,
176,İngiltere/UK,2003,Belirsiz/Veri Yetersiz,Kırmızı Kitap - 4. Baskı (1987),Madde belirtilmemis,"High Court, England and Wales",Sigorta uyusmazligi; FIDIC sozlesmesiyle dogrudan ilgili degil.,Sigorta Uyusmazligi,Ilk Derece Devlet Mahkemesi,Belirsiz/Veri Yok,Mabey and Johnson Limited v Ecclesiastical Insurance Office Plc,Corbett & Co Table,,,
179,Romanya,2003,Belirsiz/Veri Yetersiz,Kırmızı Kitap - 4. Baskı (1987),53.5,Romanya Yuksek Mahkemesi,"IPC'lerde onaylanan faiz tutari uzerindeki itiraz, Sub-clause 53.5 sartlari cercevesinde degerlendirildi.",Para Birimi/Faiz Uyusmazligi,Istinaf/Temyiz/Yuksek Mahkeme,Belirsiz/Veri Yok,SCJ Decision No. 3827/2002,Corbett & Co Table,,,
180,İngiltere/UK,2003,Fosil Yakit/Petrol-Gaz,Kırmızı Kitap - 4. Baskı Rev. (1992),1.5;1.13.4;1.19.1;3.3.3-3.3.6;6.4;12.2;14;44;44.1;44.2;51;51.1;53;53.1-53.4;60.8;67.3;69;69.1;69.4,"London, United Kingdom","Sure uzatimi, ek maliyet ve faiz taleplerinde bildirim sartlari (Cl.44.2/53.1) degerlendirildi.",Gecikme/EOT,Belirsiz/Sadece Claim Asamasi,Belirsiz/Veri Yok,ICC Interim Award in Case 10847,Corbett & Co Table,,,
181,İsveç,2003,Belirsiz/Veri Yetersiz,"FIDIC-benzeri (bespoke, tam FIDIC değil)",1.4; 20.6,"Svea Court of Appeal, Isvec","Hollanda-Cek BIT'i altinda verilen kararin iptali basvurusu; yedi ayri gerekce (yetki, hakem tarafsizligi, kamu duzeni vb.) reddedildi.",Hakem Karari Iptali,Istinaf/Temyiz/Yuksek Mahkeme,Belirsiz/Veri Yok,Case No. T 8735-01,Corbett & Co Table,,,
182,Trinidad ve Tobago,2004,Egitim/Kampus,Kırmızı Kitap - 4. Baskı (1987),5;5.2;5.2.4;8.1;11;11.1;12;12.1;12.2;20.4;39;39.1;39.2;51.2;52.3;53;53.1-53.4;63;63.1;66;67;67.3,"High Court, Trinidad and Tobago","ICC kararinin iptali reddedildi; Muhendis'in bagimsizligi, kotu iscilik/tasarim sorumlulugu ve fesih gecerliligi degerlendirilerek kararda hata bulunmadi.",Fesih,Ilk Derece Devlet Mahkemesi,Belirsiz/Veri Yok,ICS (Grenada) Limited v NH International (Caribbean) Limited,Corbett & Co Table,,,
184,Papua Yeni Gine,2004,Belirsiz/Veri Yetersiz,Kırmızı Kitap - 4. Baskı (1987),67,"National Court, Papua New Guinea",Sozlesmedeki yasadisilikilik iddiasiyla tahkimin durdurulmasi talep edildi; mahkeme Isveren'i ICC tahkiminde ileri adim atmaktan men etti.,Sozlesmenin Yasadisiligi Iddiasi,Ilk Derece Tahkim (ICC/ICSID/LCIA/vb),Belirsiz/Veri Yok,State v Barclay Bros (PNG) Ltd,Corbett & Co Table,,,
185,Yeni Zelanda,2004,Belirsiz/Veri Yetersiz,FIDIC (Kitap Rengi Belirsiz) - 3. Baskı (1977),1;1.1.12;8.1;19.1;30.1-30.5;42;42.1;42.2;42.4;42.6,"Court of Appeal, New Zealand","Yuklenici'nin operatore (isveren disi 3. taraf) karsi ozen borcu bulunmadigina, ticari taraflar arasinda esit pazarlik gucu oldugunda boyle bir yukumlulugun adil olmayacagina karar verildi.",Ucuncu Taraf Sorumlulugu (Duty of Care),Istinaf/Temyiz/Yuksek Mahkeme,Belirsiz/Veri Yok,Rolls-Royce New Zealand Ltd v Carter Holt Harvey Ltd,Corbett & Co Table,,,
186,BELİRSİZ (İncelenmeli),2004,Karayolu/Otoyol,Kırmızı Kitap - 4. Baskı (1987),47;53.1;60.1;60.2;60.10;67;67.1;67.4,Bati Afrika Devleti,"Isveren'in mahsup savunmasi (Cl.60.2) reddedildi (yetki yok); alacagin yanlis para biriminde (Euro) talep edilmis olmasi, faiz hakkini ortadan kaldirmadi (Cl.60.10).",Para Birimi/Faiz Uyusmazligi,Belirsiz/Sadece Claim Asamasi,Belirsiz/Veri Yok,ICC Second Partial Award in Case 12048,Corbett & Co Table,,,
187,İsviçre,2005,Egitim/Kampus,FIDIC (Kitap Rengi Belirsiz) - 1999 (1. Baskı),18;18.1;18.3,"Bern, Switzerland","Alt yuklenicinin gecikme/kusur/diger ihlallerden sorumlu olmasina ragmen, bunlarin fesih icin yeterli agirlikta olmadigina karar verildi.",Gecikme/EOT; Fesih; Kalite/Kusur,Belirsiz/Sadece Claim Asamasi,Belirsiz/Veri Yok,ICC Final Award in Case 10951,Corbett & Co Table,,,
188,BELİRSİZ (İncelenmeli),2005,Karayolu/Otoyol,Kırmızı Kitap - 4. Baskı (1987),20.2-20.4;42.1;42.2;44.1;65;65.2;65.5,Dogu Avrupa Devleti,"Devletin arazi kamulastirmasindaki basarisizligi ve savas kaynakli olaylarin 'ozel risk' (Cl.65.2) sayilip sayilmayacagi, vergi/harclarin iadesi degerlendirildi.",Force Majeure/Savas-Isgal; Devletlestirme/Kamulastirma,Belirsiz/Sadece Claim Asamasi,Belirsiz/Veri Yok,ICC Final Award in Case 12654,Corbett & Co Table,,,
189,İsviçre,2005,Fosil Yakit/Petrol-Gaz,Kırmızı Kitap - 4. Baskı (1987),51; 63,"Geneva, Switzerland",Is cikarma (omission) varyasyonunun sozlesme ihlali oldugu ama esasli ihlal/fesih hakki dogurmadigi; Isveren'in baska yuklenicilerle calisma yukumlulugu ihlalinin de esasli olmadigi tespit edildi.,Fesih,Belirsiz/Sadece Claim Asamasi,Belirsiz/Veri Yok,ICC Partial Award in Case 13258,Corbett & Co Table,,,
190,İngiltere/UK,2005,Belirsiz/Veri Yetersiz,Kırmızı Kitap - 4. Baskı (1987),60.1,"House of Lords, United Kingdom",Mevcut bir yetkinin hatali kullanilmasi tek basina 'yetki asimi' (excess of power) sayilmaz; salt hukuki hata yeterli degildir.,Yetki Itirazi; Vergi Uyusmazligi,Belirsiz/Sadece Claim Asamasi,Belirsiz/Veri Yok,Lesotho Highlands Development Authority v Impregilo SpA and others,Corbett & Co Table,,,
192,Hindistan,2005,Belirsiz/Veri Yetersiz,Kırmızı Kitap - 4. Baskı (1987),42.1;42.2;53.1-53.3;67.3,"Orissa High Court, India",Sure uzatimi karsiliginda tazminat talep etmeme taahhudune ragmen sonradan talep edilen tazminatin (yanlis cizim/veri nedeniyle) hakem tarafindan kabulu onandi.,Gecikme/EOT,Ilk Derece Devlet Mahkemesi,Belirsiz/Veri Yok,State of Orissa and Ors v Larsen and Toubro Ltd,Corbett & Co Table,,,
195,Hindistan,2006,Karayolu/Otoyol,Kırmızı Kitap - 4. Baskı (1987),10;44;60;67;70,"Delhi Yuksek Mahkemesi, Hindistan",Isveren'in bildirimsiz ve keyfi olarak tum teminatlari (performans + 17 stopaj teminati) nakde cevirmesi tartisildi.,Teminat Mektubu,Istinaf/Temyiz/Yuksek Mahkeme,Belirsiz/Veri Yok,Hindustan Construction Co Ltd v Satluj Jal Vidyut Nigam Ltd,Corbett & Co Table,,,
196,Jamaika,2006,Demiryolu/Metro,Kırmızı Kitap - 4. Baskı (1987),2;3;67;67.3,Jamaika Yuksek Mahkemesi,"FIDIC ICC tahkim sarti ile ozel (bespoke) Jamaika Tahkim Kanunu maddesi arasindaki celiskide, ozel hukumlerin onceligi kabul edildi.",Siniflandirilmamis/Veri Yetersiz,Istinaf/Temyiz/Yuksek Mahkeme,Belirsiz/Veri Yok,Attorney General for Jamaica v Construction Developers Associated Ltd,Corbett & Co Table,,,
197,İsviçre,2006,Madencilik,BELİRSİZ (kaynakta belirtilmemiş),Ozet Nota bakiniz,"Zurich, Switzerland","FIDIC, adjudikator atama makami olarak rol oynadi.",Siniflandirilmamis/Veri Yetersiz,Belirsiz/Sadece Claim Asamasi,Belirsiz/Veri Yok,ICC Procedural Order (Eylul 2006) in Case 14079,Corbett & Co Table,,,
198,BELİRSİZ (İncelenmeli),2006,Karayolu/Otoyol,Kırmızı Kitap - 4. Baskı (1987),52.1-52.3;58.1;60;60.10;67;67.1;67.3;70,Bati Afrika Devleti,Sozlesme Bedeli Ayarlamasi (Cl.52.3) icin miktar azaldiginda genel gider telafisi amaci acikca yorumlandi; hakem heyetinin on-hukum faizi tayin yetkisi mahkemelerinkiyle es tutuldu.,Para Birimi/Faiz Uyusmazligi,Ilk Derece Tahkim (ICC/ICSID/LCIA/vb),Belirsiz/Veri Yok,ICC Final Award in Case 12048 (Nihai Karar),Corbett & Co Table,,,
199,Avustralya,2006,Belirsiz/Veri Yetersiz,FIDIC-dışı,Ozet Nota bakiniz,"Supreme Court, Victoria, Australia",FIDIC-disi sozlesme; sure uzatimina ornek olarak FIDIC kullanildi.,Gecikme/EOT,Istinaf/Temyiz/Yuksek Mahkeme,Belirsiz/Veri Yok,620 Collins Street Pty Ltd v Abigroup Contractors Pty Ltd,Corbett & Co Table,,,
200,Papua Yeni Gine,2007,Karayolu/Otoyol,BELİRSİZ (kaynakta belirtilmemiş),Ozet Nota bakiniz,"National Court, Papua New Guinea",Alt sozlesme uyusmazligi; ana sozlesmedeki varyasyonlara atif yapildi.,Siniflandirilmamis/Veri Yetersiz,Belirsiz/Sadece Claim Asamasi,Belirsiz/Veri Yok,Nivani Ltd v China Jiangsu International (PNG) Ltd,Corbett & Co Table,,,
202,Kenya,2007,Belirsiz/Veri Yetersiz,BELİRSİZ (kaynakta belirtilmemiş),Ozet Nota bakiniz,"Kenya Yuksek Mahkemesi, Nairobi",FIDIC ile dogrudan ilgisi az; ekipman/isci bos zamani (idle time) kisaca aciklandi.,Siniflandirilmamis/Veri Yetersiz,Istinaf/Temyiz/Yuksek Mahkeme,Belirsiz/Veri Yok,Jacob Juma v Commissioner of Police,Corbett & Co Table,,,
203,Hindistan,2007,Belirsiz/Veri Yetersiz,Kırmızı Kitap - 4. Baskı (1987),48.1,"Gelir Vergisi Istinaf Kurulu, Yeni Delhi, Hindistan","Vergi davasi olmasina ragmen, Yuklenici'nin proje tam operasyonel oldugunda dahi devam eden yukumlulugu tespit edildi.",Vergi Uyusmazligi,Istinaf/Temyiz/Yuksek Mahkeme,Belirsiz/Veri Yok,Ahmedabad Vadodara v Income Tax Officer,Corbett & Co Table,,,
204,Trinidad ve Tobago,2007,Karayolu/Otoyol,FIDIC (Kitap Rengi Belirsiz) - 1999 (1. Baskı),3.1;14;14.1;14.3;14.6;14.7;16.1;20;20.4,"High Court, Trinidad and Tobago","2 IPC'nin odenmemesi nedeniyle verilen gaip (default) hukmu, uyusmazligin DAB'a (Cl.20) gonderilmesi gerektigi gerekcesiyle kaldirildi.",DAB/Hakem Prosedur Usulsuzlugu,Ilk Derece Devlet Mahkemesi,Belirsiz/Veri Yok,General Earthmovers Limited v Estate Management And Business Development Company,Corbett & Co Table,,,
205,Güney Afrika,2007,Karayolu/Otoyol,Gümüş Kitap - 1999 (1. Baskı),4.12;8.4;11.10,"High Court, Natal, South Africa",King Shaka Havaalani ihalesine iliskin belge ibrazi talebi; FIDIC'e sadece gecerken deginildi.,Ihale Sureci,Ilk Derece Devlet Mahkemesi,Belirsiz/Veri Yok,Avenge (Africa) Limited (eski Grinaker-LTA) and Others v Dube Tradeport and Others,Corbett & Co Table,,,
206,Botsvana,2007,Karayolu/Otoyol,Kırmızı Kitap - 4. Baskı (1987),4.1; 59.1,"High Court, Botswana","Alt yuklenici 'nominated' olmadigindan, fesih yetkisinin Ana Yuklenici'de kaldigina, tedbir talebinin reddine karar verildi.",Fesih,Ilk Derece Devlet Mahkemesi,Belirsiz/Veri Yok,Knowman Enterprises Ltd v China Jiangsu International Botswana,Corbett & Co Table,,,
207,Arnavutluk,2008,Su/Atik Su/Baraj,Kırmızı Kitap - 1999 (1. Baskı),20.6,Arnavutluk Yuksek Mahkemesi,Iki Arnavut taraf arasinda tahkimin (Sub-clause 20.6) uygun forum olup olmadigi degerlendirildi.,Siniflandirilmamis/Veri Yetersiz,Istinaf/Temyiz/Yuksek Mahkeme,Belirsiz/Veri Yok,Firma ELSIDI v Department of Water and Sewage (Ekim 2008),Corbett & Co Table,,,
208,Trinidad ve Tobago,2008,Su/Atik Su/Baraj,Kırmızı Kitap - 1999 (1. Baskı),2.4;15.2;16.1,"High Court, Trinidad and Tobago","Isveren'in finansal duzenleme (Cl.2.4) ihlali nedeniyle Yuklenici'nin fesih hakki oldugu, Isveren'in zenginligi tek basina yeterli kanit olmadigi tespit edildi.",Fesih,Ilk Derece Devlet Mahkemesi,Belirsiz/Veri Yok,National Insurance Property Development Company Ltd v NH International (Caribbean) Limited,Corbett & Co Table,,,
209,Svaziland/Eswatini,2008,Bina/Konut/Ticari,Kırmızı Kitap - 1999 (1. Baskı),14,High Court of Swaziland,"Nihai odeme belgesindeki tutarin odenmemesi uzerine ozet yargilama talebi; Muhendis'in Isveren'in acentesi oldugu, sertifikanin gecerliligine sartsiz itiraz edilemeyecegi tespit edildi.",Odeme Uyusmazligi,Ilk Derece Devlet Mahkemesi,Belirsiz/Veri Yok,Construction Associates (Pty) Ltd v CS Group of Companies (Pty) Ltd,Corbett & Co Table,,,
210,İngiltere/UK,2008,Belirsiz/Veri Yetersiz,Kırmızı Kitap - 1999 (1. Baskı),8.7,"Technology and Construction Court, England and Wales",FIDIC-disi sozlesme; 'temerrutten dogan tum borc' ifadesine dair yorum sagladi.,Siniflandirilmamis/Veri Yetersiz,Belirsiz/Sadece Claim Asamasi,Belirsiz/Veri Yok,Biffa Waste Services Ltd & Anor v Maschinenfabrik Ernst Hese GmbH & Ors,Corbett & Co Table,,,
211,Hindistan,2008,Karayolu/Otoyol,BELİRSİZ (kaynakta belirtilmemiş),Ozet Nota bakiniz,"Delhi Yuksek Mahkemesi, Hindistan",Devlet vergisinin (cess) Isveren mi Yuklenici mi tarafindan karsilanacagi; sozlesme FIDIC degildi ama FIDIC'e atif yapildi.,Vergi Uyusmazligi,Istinaf/Temyiz/Yuksek Mahkeme,Belirsiz/Veri Yok,National Highways Authority of India v M/S Afcons Infrastructure Limited,Corbett & Co Table,,,
212,İsviçre,2008,Belirsiz/Veri Yetersiz,Kırmızı Kitap - 1999 (1. Baskı),Red 1999: 3.4;20;20.2;20.4;20.6;20.8. Red 1992: 67;67.1;67.3,"Zurich, Switzerland",Adjudikasyona basvurmanin tahkimden once zorunlu adim oldugu; imzasiz taslak mektubun DAB niyetini bildirmek icin yetersiz oldugu tespit edildi.,DAB/Hakem Prosedur Usulsuzlugu,DAB/DAAB (On-Tahkim Kurulu),Belirsiz/Veri Yok,ICC Interim Award in Case 14431,Corbett & Co Table,,,
213,İngiltere/UK,2008,Yenilenebilir Enerji,Gümüş Kitap - 1999 (1. Baskı),1.4.1;8.4;8.7;20.2;20.2.2,"Technology and Construction Court, England and Wales",36 ruzgar turbini EPC sozlesmesinde hakem yerinin (seat) Ingiltere mi Iskocya mi oldugu tartismasi.,Siniflandirilmamis/Veri Yetersiz,Belirsiz/Sadece Claim Asamasi,Belirsiz/Veri Yok,Braes of Doune Wind Farm (Scotland) Ltd v Alfred McAlpine Business Services Ltd,Corbett & Co Table,,,
217,Hindistan,2009,Karayolu/Otoyol,Kırmızı Kitap - 4. Baskı (1987),54.1;60.7;63.1,"Delhi Yuksek Mahkemesi, Hindistan",Fesih sonrasi 3. taraftan kiralanan ekipmanin Isveren tarafindan elde tutulup tutulamayacagi; 3. tarafin heyete basvurabilecegine karar verildi (bkz. 2010 istinaf).,Fesih,Istinaf/Temyiz/Yuksek Mahkeme,Belirsiz/Veri Yok,National Highways Authority of India v M/S Youone Maharia JV (1 Temmuz 2009),Corbett & Co Table,,,1
218,Trinidad ve Tobago,2009,Su/Atik Su/Baraj,Kırmızı Kitap - 1999 (1. Baskı),2.5;11.10;13.5;16.4;19.6;20.1;53 (4th Ed.),"High Court, Trinidad and Tobago",Guncel kayit (Cl.20.1) tanimi netlestirildi: kayitsiz talep basarisiz olur; bagimsiz miktar surveyorunun yetkisi Cl.20.1'i gecersiz kilmaz.,Delil Degerlendirmesi/Tanik,Ilk Derece Devlet Mahkemesi,Belirsiz/Veri Yok,National Insurance Property Development v NH International (Caribbean) Limited,Corbett & Co Table,,,
219,Hindistan,2009,Karayolu/Otoyol,BELİRSİZ (kaynakta belirtilmemiş),51;51.1;51.2;52;52.1;52.2,"Delhi Yuksek Mahkemesi, Hindistan",Yol rehabilitasyonu ile ilgili hakem kararinin cogunlukla makul/onanabilir bulundugu (bir kalem haric) tespit edildi.,Siniflandirilmamis/Veri Yetersiz,Istinaf/Temyiz/Yuksek Mahkeme,Belirsiz/Veri Yok,National Highways Authority of India v M/S ITD Cementation India Ltd,Corbett & Co Table,,,
220,Rusya,2009,Fosil Yakit/Petrol-Gaz,Kırmızı Kitap - 1999 (1. Baskı),8.4;20.1;20.4,"Court of Supreme Supervision, Russia",Ihale belgelerinde belirtilmeyen ongorulemeyen zemin kosullari + odeme gecikmesi nedeniyle sure uzatimi Yuklenici lehine karara baglandi (DAB atanmamisti).,Gecikme/EOT; Zemin Kosullari; Odeme Uyusmazligi; Ihale Sureci,Belirsiz/Sadece Claim Asamasi,Belirsiz/Veri Yok,Russian case - 1,Corbett & Co Table,,,
221,Rusya,2010,Fosil Yakit/Petrol-Gaz,Kırmızı Kitap - 1999 (1. Baskı),11,"Court of Cassation, Russia","Rus hukukunda goturu tazminatin ispatlanmasi gerektigi, FIDIC'teki on-tahmini zararin ceza sayilabilecegi tespit edilerek Isveren'in talebi reddedildi.",Degisiklik/Change Order,Istinaf/Temyiz/Yuksek Mahkeme,Belirsiz/Veri Yok,Russian case - 2,Corbett & Co Table,,,
222,Rusya,2010,Fosil Yakit/Petrol-Gaz,BELİRSİZ (kaynakta belirtilmemiş),Belirtilmemis,"Court of Appeal, Russia",Tamamlama suresinin takvim tarihiyle belirtilmemis olmasi nedeniyle Rus hukukuna gore sozlesmenin kurulmadigina karar verildi; teminat iadesi emredildi.,Siniflandirilmamis/Veri Yetersiz,Istinaf/Temyiz/Yuksek Mahkeme,Belirsiz/Veri Yok,Russian case - 3,Corbett & Co Table,,,
223,BELİRSİZ (İncelenmeli),2010,Belirsiz/Veri Yetersiz,Kırmızı Kitap - 1999 (1. Baskı),20,Dogu Avrupa Sehri,"DAB'in fesih kararindan sonra, tamamlama maliyetinin DAB'a tekrar goturulmeden dogrudan tahkimde talep edilebilecegi; 42 gun icinde DAA imzalanmazsa DAB'in tek tarafli atanabilecegi tespit edildi.",Fesih,Belirsiz/Sadece Claim Asamasi,Belirsiz/Veri Yok,ICC Procedural Order in Case 15956,Corbett & Co Table,,,
224,BELİRSİZ (İncelenmeli),2010,Madencilik,Kırmızı Kitap - 2008,Red: 20.4-20.8. Gold: 20.8;20.9,Dogu Avrupa Baskenti,DAB kararlarinin baglayici oldugu ama hakemin kismi kararla bunu 'kesin' hale getiremeyecegi (DAB karari gecici niteliktedir) tespit edildi.,DAB/Hakem Prosedur Usulsuzlugu,DAB/DAAB (On-Tahkim Kurulu),Belirsiz/Veri Yok,ICC Partial Award in Case 16119,Corbett & Co Table,,,
225,İngiltere/UK,2010,Belirsiz/Veri Yetersiz,Sarı Kitap - 1999 (1. Baskı),1.5;1.6;20;20.2-20.8,"London, United Kingdom",DAA imzalanmamis olsa dahi DAB'in 'yerinde' (in place) sayilacagina karar verildi.,DAB/Hakem Prosedur Usulsuzlugu,Belirsiz/Sadece Claim Asamasi,Belirsiz/Veri Yok,ICC Partial Award in Case 16262,Corbett & Co Table,,,
226,BELİRSİZ (İncelenmeli),2010,Belirsiz/Veri Yetersiz,Kırmızı Kitap - 1999 (1. Baskı),2.5;3.5;4.19;4.20;14.12;15.2-15.4;20;20.3-20.8,Dogu Avrupa Sehri,DAB fesih kararindan sonra tamamlama maliyetinin tahkimde talep edilebilecegi teyit edildi.,Fesih,DAB/DAAB (On-Tahkim Kurulu),Belirsiz/Veri Yok,ICC Partial Award in Case 15956 (2. kayit),Corbett & Co Table,,,
227,Hindistan,2010,Karayolu/Otoyol,BELİRSİZ (kaynakta belirtilmemiş),Ozet Nota bakiniz,"Delhi Yuksek Mahkemesi, Hindistan","Muhendis'in cizimlerdeki belirsizlikleri duzeltme yetkisinin, sonradan celiski yaratan bir alt maddeyi de kapsadigina karar verildi (degistirilmis Cl.5.2).",Muhendis/Mimar Karari - Clause 67 Usulu,Istinaf/Temyiz/Yuksek Mahkeme,Belirsiz/Veri Yok,National Highways Authority of India v Unitech-NCC Joint Venture (8 Mart 2010),Corbett & Co Table,,,
228,Hindistan,2010,Karayolu/Otoyol,BELİRSİZ (kaynakta belirtilmemiş),Ozet Nota bakiniz,"Delhi Yuksek Mahkemesi, Hindistan",8 Mart 2010 karari ayni gerekcelerle onandi.,Siniflandirilmamis/Veri Yetersiz,Istinaf/Temyiz/Yuksek Mahkeme,Belirsiz/Veri Yok,"National Highways Authority of India v Unitech-NCC Joint Venture (30 Agustos 2010, istinaf)",Corbett & Co Table,,,
229,Hindistan,2010,Karayolu/Otoyol,Kırmızı Kitap - 4. Baskı Rev. (1992),1.1;54.1;61;61.1;63.1;63.1(4),"Delhi Yuksek Mahkemesi, Hindistan","Isveren'in, Yuklenici'nin sahaya getirdigi (3. taraftan kiralanmis dahil) tum ekipmani fesih sonrasi elde tutup kullanabilecegine karar verildi.",Fesih,Istinaf/Temyiz/Yuksek Mahkeme,Belirsiz/Veri Yok,"National Highways Authority of India v M/S You One Maharia JV (21 Eylul 2010, istinaf)",Corbett & Co Table,,,
230,Fransa (Paris - ICC Merkezi),2010,Belirsiz/Veri Yetersiz,Kırmızı Kitap - 1999 (1. Baskı),20.1;20.2;20.4;20.6;20.8,"Paris, France","Talep bilgisi eksik olsa dahi, DAB olmadigi icin Yuklenici'nin dogrudan tahkime basvurabilecegine karar verildi.",DAB/Hakem Prosedur Usulsuzlugu,DAB/DAAB (On-Tahkim Kurulu),Belirsiz/Veri Yok,ICC Interim Award in Case 16155,Corbett & Co Table,,,
231,BELİRSİZ (İncelenmeli),2010,Kopru/Tunel,Kırmızı Kitap - 4. Baskı (1987),5.2;9;48.1;48.2;49;49.1;50;60.3;64.1,Dogu Avrupa Baskenti,"12 aylik kusur donemi sonrasi teminat serbest birakmasinin, 5 yillik yasal garantiyle celismedigi tespit edildi.",Kalite/Kusur,Belirsiz/Sadece Claim Asamasi,Belirsiz/Veri Yok,ICC Final Award in Case 15789,Corbett & Co Table,,,
232,Hindistan,2010,Kopru/Tunel,Kırmızı Kitap - 4. Baskı (1987),53.1-53.5;67.3,Calcutta Yuksek Mahkemesi,Hakem heyetinin gerekce sunmamasi nedeniyle karar iptal edildi (Hindistan Tahkim Kanunu m.31(3)).,Hakem Karari Iptali; Usuli Ihlal (Adil Yargilanma),Istinaf/Temyiz/Yuksek Mahkeme,Belirsiz/Veri Yok,State Of West Bengal vs Afcons Infrastructure Ltd,Corbett & Co Table,,,
233,BELİRSİZ (İncelenmeli),2010,Egitim/Kampus,Kırmızı Kitap - 4. Baskı (1987),7.2;51;52;52.1-52.2;53;53.1;53.3;53.4;67;67.1,Dogu Avrupa Baskenti,84 gunluk sure icinde Muhendis karar vermediginde tahkim niyetinin 70 gun icinde bildirilmesi gerektigi; bu sure asildigi icin talep zamanasimina ugradi.,Zamanasimi/Sure Siniri,Belirsiz/Sadece Claim Asamasi,Belirsiz/Veri Yok,ICC Final Award in Case 15282,Corbett & Co Table,,,
234,Hindistan,2010,Karayolu/Otoyol,Kırmızı Kitap - 4. Baskı Rev. (1992),1.1(f)(v);54.1;61;61.1;63.1(4),"Delhi Yuksek Mahkemesi, Hindistan",Sahte/tahrif edilmis banka teminatlari nedeniyle Isveren'in feshi ve ekipmana el koymasi degerlendirildi.,Devletlestirme/El Koyma,Istinaf/Temyiz/Yuksek Mahkeme,Belirsiz/Veri Yok,National Highways Authority v M/S You One Maharia (ek kayit),Corbett & Co Table,,,
236,Kıbrıs,2010,Belirsiz/Veri Yetersiz,Kırmızı Kitap - 1999 (1. Baskı),1.6,Kibris Yuksek Mahkemesi,Damga vergisinin ihale mektubuna gore mi (Yuklenici) yoksa Cl.1.6'ya gore mi (Isveren) odenecegi tartismasi.,Ihale Sureci,Istinaf/Temyiz/Yuksek Mahkeme,Belirsiz/Veri Yok,Cybarco PLC v Cyprus,Corbett & Co Table,,,
237,Romanya,2010,Belirsiz/Veri Yetersiz,Sarı Kitap - 1999 (1. Baskı),3.1;3.2,Romanya Yargitay,"Ikinci bir ihalenin acilmasinin, ilk ihaledeki basarili teklif sahibinin mesru menfaatine zarar verdigi gerekcesiyle iptal basvurusu reddedildi.",Ihale Sureci,Istinaf/Temyiz/Yuksek Mahkeme,Belirsiz/Veri Yok,ICCJ Decision No. 3639/2010,Corbett & Co Table,,,
238,Fransa (Paris - ICC Merkezi),2010,Belirsiz/Veri Yetersiz,Gümüş Kitap - 1999 (1. Baskı),20;20.2-20.8,"Paris, France","Taraflarin DAB'i tahkim icin zorunlu on sart saymadigi, sadece tahkim yerini (seat) belirledigi tespit edildi.",Siniflandirilmamis/Veri Yetersiz,Belirsiz/Sadece Claim Asamasi,Belirsiz/Veri Yok,ICC Interim Award in Case 16083,Corbett & Co Table,,,
239,Botsvana,2010,Belirsiz/Veri Yetersiz,Kırmızı Kitap - 4. Baskı (1987),63;63.1,Botswana Yuksek Mahkemesi,Hakemin kendisine sunulmayan konularda karar verip vermedigi (yetki asimi) degerlendirildi.,Yetki Itirazi,Istinaf/Temyiz/Yuksek Mahkeme,Belirsiz/Veri Yok,Francistown City Council v Vlug and Another,Corbett & Co Table,,,
240,Singapur,2010,Kopru/Tunel,Turuncu Kitap - 1999 (1. Baskı),1.1.5.6;13.1;13.3;13.8;13.11;13.13;13.16,Singapore,"Isveren Temsilcisi'nin 'onayladigi' Nihai Odeme Belgesi'nin, yetkisi olmadigi icin Isveren'i baglamadigina; vergi/finansman/genel gider/kur zarari sorumluluklarina karar verildi.",Odeme Uyusmazligi,Belirsiz/Sadece Claim Asamasi,Belirsiz/Veri Yok,ICC Final Award in Case 16205,Corbett & Co Table,,,
241,Ürdün,2010,Belirsiz/Veri Yetersiz,Kırmızı Kitap - 4. Baskı (1987),67,ICSID,Urdun mahkemesinin Claimant lehine verilen tahkim kararini iptal etmesinin gecerliligi ICSID'de tartisildi.,Yatirim Anlasmasi Ihlali (BIT/ICSID),Ilk Derece Tahkim (ICC/ICSID/LCIA/vb),Belirsiz/Veri Yok,"ATA Construction, Industrial & Trading Company v Hashemite Kingdom of Jordan (18 Mayis 2010)",Corbett & Co Table,,,
242,Malezya,2010,Bina/Konut/Ticari,FIDIC (Kitap Rengi Belirsiz) - 1999 (1. Baskı),20.4;20.6,"High Court, Malaysia","Sozlesme ekinde sadece DAB'a atif olup tahkim sartina yer verilmediginden, tahkim anlasmasi bulunmadigina karar verildi.",DAB/Hakem Prosedur Usulsuzlugu,Ilk Derece Devlet Mahkemesi,Belirsiz/Veri Yok,Mersing Construction & Engineering Sdn Bhd v Kejuruteraan Bintai Kin Denko Sdn Bhd,Corbett & Co Table,,,
243,Romanya,2011,Belirsiz/Veri Yetersiz,Sarı Kitap - 1999 (1. Baskı),1.4;4.4,Romanya Yargitay,"14 alt yukleniciye (Muhendis onayi olmadan) is verilmesinin ihlal oldugu, ama farkli dilde belge kullanimi belgeleri gecersiz kilmadigi tespit edildi.",Alt Yuklenici Statusu,Istinaf/Temyiz/Yuksek Mahkeme,Belirsiz/Veri Yok,ICCJ Decision No. 2473/2011,Corbett & Co Table,,,
244,Romanya,2011,Madencilik,Kırmızı Kitap - Baskı Belirsiz,13.8;20;20.2,Romanya Yuksek Mahkemesi,"Doviz kuru referans tarihi uyusmazliginda tahkim anlasmasinin gecerli oldugu, iptal basvurusunun dayanaksiz oldugu tespit edildi.",Para Birimi/Faiz Uyusmazligi,Istinaf/Temyiz/Yuksek Mahkeme,Belirsiz/Veri Yok,ICCJ Decision No. 287/2011,Corbett & Co Table,,,
245,Ürdün,2011,Belirsiz/Veri Yetersiz,Kırmızı Kitap - 4. Baskı (1987),67,ICSID,Nihai kararin Urdun hukuku altinda tahkim anlasmasini sona erdirip erdirmedigi ve ICSID m.50 yorum talebinin sartlari degerlendirildi.,Yatirim Anlasmasi Ihlali (BIT/ICSID),Ilk Derece Tahkim (ICC/ICSID/LCIA/vb),Belirsiz/Veri Yok,ATA Construction v Hashemite Kingdom of Jordan (7 Mart 2011),Corbett & Co Table,,,
246,Ürdün,2011,Belirsiz/Veri Yetersiz,Kırmızı Kitap - 4. Baskı (1987),Ozet Nota bakiniz,ICSID,"18.05.2010 kararinin kismi iptaline yonelik sartli basvuru, ATA'nin yorumu reddedilince geri cekildi ve masraf talebi one surdu.",Tahkim Masraflari,Ilk Derece Tahkim (ICC/ICSID/LCIA/vb),Belirsiz/Veri Yok,ATA Construction v Hashemite Kingdom of Jordan (11 Temmuz 2011),Corbett & Co Table,,,
247,Fiji,2011,Sanayi Tesisi/Fabrika,BELİRSİZ (kaynakta belirtilmemiş),Belirtilmemis,Fiji Yuksek Mahkemesi,FIDIC ile dogrudan ilgisiz; ongorulemeyen isler icin yuzde bazli kontenjan uygulamasina atif yapildi.,Siniflandirilmamis/Veri Yetersiz,Istinaf/Temyiz/Yuksek Mahkeme,Belirsiz/Veri Yok,Amira Furnishing Company Ltd v New India Assurance Company Limited,Corbett & Co Table,,,
248,BELİRSİZ (İncelenmeli),2011,Belirsiz/Veri Yetersiz,Kırmızı Kitap - 1999 (1. Baskı),1999:20;20.1;20.4-20.7. 1987:67,Dogu Avrupa Baskenti,"DAB kararinin esasa girilmeden tenfizi: odememenin yeni bir ihlal/uyusmazlik oldugu, odememenin tekrar DAB'a goturulmesi gerektigi tespit edildi.",Tenfiz/Icra,Tenfiz/Icra (Nihai Asama),Belirsiz/Veri Yok,ICC Final Award in Case 16948,Corbett & Co Table,,,
250,Hindistan,2011,Kopru/Tunel,Kırmızı Kitap - 4. Baskı (1987),53;53.1-53.4;67.3,Calcutta Yuksek Mahkemesi,Hakem kararinin usulsuzluk gerekcesiyle iptali reddedildi; sozlesmenin 53.4 maddesi guncel kayit olmasa dahi bagimsiz degerlendirmeye izin verir.,Delil Degerlendirmesi/Tanik,Istinaf/Temyiz/Yuksek Mahkeme,Belirsiz/Veri Yok,State of West Bengal v Afcon Infrastructure Ltd (Ocak 2011),Corbett & Co Table,,,
251,Hindistan,2011,Bina/Konut/Ticari,Kırmızı Kitap - 4. Baskı (1987),6.1(b);9.5.1;9.5.4;10.1;63.1,"Andhra Yuksek Mahkemesi, Hindistan",Performans teminatinin cagirilmasinin durdurulmasi ve Isveren'in yuklenicilyi sahadan cikarma hakki degerlendirildi.,Teminat Mektubu,Istinaf/Temyiz/Yuksek Mahkeme,Belirsiz/Veri Yok,Progressive Construction Ltd v Louis Berger Group Inc. & Others,Corbett & Co Table,,,
252,Malezya,2011,Belirsiz/Veri Yetersiz,Turuncu Kitap - 1999 (1. Baskı),Ozet Nota bakiniz,"Court of Appeal, Malaysia",Alacagin devri (deed of assignment) kapsaminda temerrut degerlendirildi.,Sozlesme Devri (Assignment),Istinaf/Temyiz/Yuksek Mahkeme,Belirsiz/Veri Yok,Uniphone Telecommunications Berhad v Bridgecon Engineering,Corbett & Co Table,,,
253,Kenya,2011,Karayolu/Otoyol,Kırmızı Kitap - 4. Baskı (1987),Ozet Nota bakiniz,Mombasa Istinaf Mahkemesi,Teminatlarin cagirilmasi/varliklara el konulmasina karsi paralel davalar; ikinci davanin birinciyle benzer oldugu icin durdurulmasina karar verildi.,Teminat Mektubu,Istinaf/Temyiz/Yuksek Mahkeme,Belirsiz/Veri Yok,Tanzania National Roads Agency v Kundan Singh Construction Limited and Another,Corbett & Co Table,,,
254,Hindistan,2011,Karayolu/Otoyol,Kırmızı Kitap - 4. Baskı (1987),53.1-53.5;60;67.3,Calcutta Yuksek Mahkemesi (istinaf),"Hakem kararinin kamu duzenine aykirilik iddiasi, bir kalem haric reddedildi; hakem karari buyuk olcude onandi.",Kamu Duzeni/Politikasi Ihlali Iddiasi,Istinaf/Temyiz/Yuksek Mahkeme,Belirsiz/Veri Yok,"State of West Bengal, Public Works v AFCONS Infrastructure Ltd (Eylul 2011)",Corbett & Co Table,,,
255,İsviçre,2011,Madencilik,Kırmızı Kitap - 1999 (1. Baskı),18.3; 20,"First Civil Law Court, Switzerland",Cok katmanli uyusmazlik cozum prosedurune (DAB/uzlasma) uyulmamasinin sonuclari incelendi.,Siniflandirilmamis/Veri Yetersiz,Belirsiz/Sadece Claim Asamasi,Belirsiz/Veri Yok,Swiss Civil Court decision 4A_46/2011,Corbett & Co Table,,,
256,Bulgaristan,2012,Belirsiz/Veri Yetersiz,Sarı Kitap - 1999 (1. Baskı),3.5;20.1;20.4,Bulgaristan Ticaret ve Sanayi Odasi Tahkim Kurulu,28 gunluk Muhendis'e basvuru suresinin Bulgar hukukuna gore hak feragati/geçersiz olmadigina karar verildi.,Muhendis/Mimar Karari - Clause 67 Usulu,Belirsiz/Sadece Claim Asamasi,Belirsiz/Veri Yok,Bulgarian case,Corbett & Co Table,,,
257,Jamaika,2012,Belirsiz/Veri Yetersiz,FIDIC (Kitap Rengi Belirsiz) - 1999 (1. Baskı),Belirtilmemis,Jamaika Yuksek Mahkemesi,FIDIC'e dogrudan iliskisi yok; hakemin gorevden alinmasi (misconduct) ile ilgili.,Hakem Gorevden Alma/Tarafsizlik Itirazi,Istinaf/Temyiz/Yuksek Mahkeme,Belirsiz/Veri Yok,R.A Murray International Ltd v Brian Goldson,Corbett & Co Table,,,
258,BELİRSİZ (İncelenmeli),2012,Belirsiz/Veri Yetersiz,Sarı Kitap - 1999 (1. Baskı),15.3;15.4;16.3;16.4;20.2-20.8,Dogu Avrupa Baskenti,Zamanasimi suresinin tahkime yansimasi ve DAB'in olusumu degerlendirildi.,Zamanasimi/Sure Siniri,Belirsiz/Sadece Claim Asamasi,Belirsiz/Veri Yok,ICC Partial Award in Case 16570,Corbett & Co Table,,,
259,Hindistan,2012,Karayolu/Otoyol,FIDIC (Kitap Rengi Belirsiz) - 4. Baskı (1987),20.1-20.3,"Gelir Vergisi Istinaf Kurulu, New Delhi, India","Vergi iadesi davasi; FIDIC'e dogrudan ilgisiz, saha tesliminden sonraki yukumluluklere gecerken deginildi.",Vergi Uyusmazligi,Istinaf/Temyiz/Yuksek Mahkeme,Belirsiz/Veri Yok,"Kmc Construction Ltd, Hyderabad v Department of Income Tax",Corbett & Co Table,,,
261,BELİRSİZ (İncelenmeli),2012,Belirsiz/Veri Yetersiz,Kırmızı Kitap - 1999 (1. Baskı),1.2;20.2;20.4;20.6,Dogu Avrupa Baskenti,"DAB anlasmasinin kotu taslaklanmasi nedeniyle DAB'in gecici mi kalici mi oldugu, dolayisiyla feshin gecerliligi tartismasi.",DAB/Hakem Prosedur Usulsuzlugu,DAB/DAAB (On-Tahkim Kurulu),Belirsiz/Veri Yok,ICC Final Award in Case 18096,Corbett & Co Table,,,
262,İngiltere/UK (Kuzey İrlanda),2012,Hastane/Saglik,FIDIC (Kitap Rengi Belirsiz) - 1999 (1. Baskı),Ozet Nota bakiniz,"High Court, Northern Ireland",Uyusmazlik cozum semasini goz ardi ederek dava acmanin sonuclari; yeterince kesin sema mahkeme surecini durdurabilir.,Siniflandirilmamis/Veri Yetersiz,Ilk Derece Devlet Mahkemesi,Belirsiz/Veri Yok,Abbas & Hayes (t/a A H Design) v Rotary (International) Ltd,Corbett & Co Table,,,
263,BELİRSİZ (İncelenmeli),2013,Belirsiz/Veri Yetersiz,Sarı Kitap - 1999 (1. Baskı),10.2;16.1;16.2;20;20.4-20.7,Dogu Avrupa Baskenti,"Memnuniyetsizlik Bildirimi'nin (NoD) gerekce icermesi zorunlu degildir; DAB karari NoD verilse dahi baglayicidir, ancak esas incelenmeden hakemle uygulatilamaz.",DAB/Hakem Prosedur Usulsuzlugu,DAB/DAAB (On-Tahkim Kurulu),Belirsiz/Veri Yok,ICC Final Award in Case 18320,Corbett & Co Table,,,
264,BELİRSİZ (İncelenmeli),2013,Su/Atik Su/Baraj,Sarı Kitap - 1999 (1. Baskı),2.5;3.5;5.2;20.1;20.4,Dogu Avrupa Baskenti,Bildirim yapilmayan gecikme tazminati karsi talebi kabul edilemez bulundu; Yuklenici'nin sure/maliyet talebi de bildirim eksikligi nedeniyle reddedildi.,Gecikme/EOT,Belirsiz/Sadece Claim Asamasi,Belirsiz/Veri Yok,ICC Final Award in Case 16765,Corbett & Co Table,,,
265,Fransa (Paris - ICC Merkezi),2013,Belirsiz/Veri Yetersiz,Kırmızı Kitap - 1999 (1. Baskı),1.4;4.2;20.4;20.6;20.8,"Paris, France",Tahkim sartinda hukuk secimi olmayinca heyet ussal 3 ilkeye gore yorumlar; taraflarin ICC disi baska kurum tartismadigi icin ICC kabul edildi.,Siniflandirilmamis/Veri Yetersiz,Belirsiz/Sadece Claim Asamasi,Belirsiz/Veri Yok,ICC Final Award in Case 17146,Corbett & Co Table,,,
266,Trinidad ve Tobago,2013,Su/Atik Su/Baraj,Kırmızı Kitap - 1999 (1. Baskı),2.4;3.5;8.3;14;14.6;14.7;16;16.1;16.2;20.6;26;30,"Court of Appeal, Trinidad and Tobago","Hakemin Cl.2.4 icin Kabine onayi kaniti aramasinin, gereginden yuksek standart talep etmek oldugu tespit edildi.",Devlet/Kabine Onayi Sarti,Istinaf/Temyiz/Yuksek Mahkeme,Belirsiz/Veri Yok,National Insurance Property Development Company Ltd v NH International (Caribbean) Limited (istinaf),Corbett & Co Table,,,
268,Güney Afrika,2013,Karayolu/Otoyol,BELİRSİZ (kaynakta belirtilmemiş),Belirtilmemis,"High Court, North Gauteng, Pretoria",FIDIC sadece gecerken anilir; usuli bir gaip hukmun kaldirilmasi karari.,Siniflandirilmamis/Veri Yetersiz,Ilk Derece Devlet Mahkemesi,Belirsiz/Veri Yok,Johannesburg Roads Agency (Pty) Ltd v Midnight Moon Trading 105 (Pty) Ltd and Another,Corbett & Co Table,,,
269,İngiltere/UK,2013,Belirsiz/Veri Yetersiz,Kırmızı Kitap - 1999 (1. Baskı),4.2;10;20.2;20.4;20.8,"Technology and Construction Court, England and Wales",DAB olmadigindan dogrudan tahkim mumkun; Isveren'in on-talep performans teminatlarini cagirmasina karsi ihtiyati tedbir talebi degerlendirildi.,Teminat Mektubu; Ihtiyati Tedbir Talebi,DAB/DAAB (On-Tahkim Kurulu),Belirsiz/Veri Yok,Doosan Babcock v Comercializadora De Equipos y Materiales Mabe (11/10/13),Corbett & Co Table,,,
270,Hindistan,2013,Belirsiz/Veri Yetersiz,Kırmızı Kitap - 4. Baskı (1987),12.1;12.2;53.1-53.5;67.3,Calcutta Yuksek Mahkemesi,Hakem kararinin Hindistan kamu politikasina aykiri oldugu (sozlesmeye uygun/kanit temelli olmadigi) gerekcesiyle iptal edildi.,Kamu Duzeni/Politikasi Ihlali Iddiasi,Istinaf/Temyiz/Yuksek Mahkeme,Belirsiz/Veri Yok,State Of West Bengal vs Afcons Pauling (India) Ltd,Corbett & Co Table,,,
272,Güney Afrika,2013,Belirsiz/Veri Yetersiz,Kırmızı Kitap - 1999 (1. Baskı),20;20.4;20.6,"South Gauteng High Court, Johannesburg",DAB karari kesin olmasa da odeme/performans yukumlulugunu askiya almadigi; Isveren'in NoD vermesinin odemeyi durdurmayacagi teyit edildi.,Odeme Uyusmazligi,Ilk Derece Devlet Mahkemesi,Belirsiz/Veri Yok,Stefanutti Stocks (Pty) Ltd v S8 Property (Pty) Ltd,Corbett & Co Table,,,
273,Güney Afrika,2013,Fosil Yakit/Petrol-Gaz,Kırmızı Kitap - 1999 (1. Baskı),2.4;2.5;15.2,Guney Afrika Yuksek Mahkemesi,"On-demand teminatin yorumunun teminat belgesinin kendisine dayandigina, Cl.2.5 bildirim sartinin bu teminat turu icin gecerli olmadigina karar verildi.",Teminat Mektubu,Istinaf/Temyiz/Yuksek Mahkeme,Belirsiz/Veri Yok,Eskom Holdings SOC Limited v Hitachi Power Africa (Pty) Ltd and Hitachi Power of Europe GMBH,Corbett & Co Table,,,
274,BELİRSİZ (İncelenmeli),2013,Belirsiz/Veri Yetersiz,Sarı Kitap - 1999 (1. Baskı),20;20.1-20.5;20.8,Dogu Avrupa Baskenti,Davacinin tahkimden once DAB'a basvurmasi sart degildir (DAB yoksa); DAA imzalamayi reddetmek yetki itirazina temel olusturmaz.,Yetki Itirazi/Muhendis Karari,Belirsiz/Sadece Claim Asamasi,Belirsiz/Veri Yok,ICC Final Award in Case 18505,Corbett & Co Table,,,
276,Mauritius,2013,Madencilik,BELİRSİZ (kaynakta belirtilmemiş),20,"Port Louis, Mauritius",Adjudikator kararina itirazin resmi Tahkim Talebi mi yoksa niyet bildirimi mi gerektirdigi tartisildi; FIDIC'e dogrudan atif yok ama benzer sozlesmelerle birlikte yayinlandi.,Siniflandirilmamis/Veri Yetersiz,Belirsiz/Sadece Claim Asamasi,Belirsiz/Veri Yok,ICC Final Award in Case 16435,Corbett & Co Table,,,
277,Güney Afrika,2013,Belirsiz/Veri Yetersiz,Kırmızı Kitap - 1999 (1. Baskı),20.4; 20.6,"South Gauteng High Court, Johannesburg",DAB'in baglayici ama kesin olmayan kararina tahkim sonuclanana kadar uyulmasi gerektigi teyit edildi.,DAB/Hakem Prosedur Usulsuzlugu,Ilk Derece Devlet Mahkemesi,Belirsiz/Veri Yok,Tubular Holdings (Pty) Ltd v DBT Technologies (Pty) Ltd,Corbett & Co Table,,,
279,Hindistan,2013,Karayolu/Otoyol,Kırmızı Kitap - 4. Baskı (1987),52 (degistirilmis),"Delhi Yuksek Mahkemesi, Hindistan",BoQ miktarlarinin Muhendis tarafindan azaltilmasi/cikarilmasi nedeniyle fiyat varyasyonu talebi degerlendirildi.,Muhendis/Mimar Karari - Clause 67 Usulu,Istinaf/Temyiz/Yuksek Mahkeme,Belirsiz/Veri Yok,M/S Jsc Centrodostroy v M/S National Highways Authority,Corbett & Co Table,,,
280,Hindistan,2013,Karayolu/Otoyol,Kırmızı Kitap - 4. Baskı (1987),14.4;60.1;70.3 (degistirilmis),"Delhi Yuksek Mahkemesi, Hindistan",BoQ'daki tum kalemler icin fiyat ayarlamasi hakki tartisildi.,Fiyat Ayarlama Formulu (Escalation),Istinaf/Temyiz/Yuksek Mahkeme,Belirsiz/Veri Yok,National Highways Authority v MS Kmc-Rk-Sd JV,Corbett & Co Table,,,
281,İngiltere/UK,2013,Belirsiz/Veri Yetersiz,FIDIC (Kitap Rengi Belirsiz) - 1999 (1. Baskı),1.1.3.4;7.4;8.2;9;10;12,"Technology and Construction Court, England and Wales",11/10/2013 karari sonrasi Respondent'in tedbiri kaldirma basvurusu.,Siniflandirilmamis/Veri Yetersiz,Belirsiz/Sadece Claim Asamasi,Belirsiz/Veri Yok,Doosan Babcock v Comercializadora De Equipos y Materiales Mabe (24/10/13),Corbett & Co Table,,,
282,İsveç,2013,Madencilik,"FIDIC-benzeri (bespoke, tam FIDIC değil)",1.4; 20.4,"Svea Court of Appeal, Isvec",Muhendis'in IPC vermemesinden Isveren'in sorumlu tutulup tutulamayacagi (Muhendis'in idareyi temsil etmedigi tespit edildi); hukuk secimi hatasinin iptal gerekcesi olmadigina karar verildi.,Muhendis/Mimar Karari - Clause 67 Usulu,Istinaf/Temyiz/Yuksek Mahkeme,Belirsiz/Veri Yok,Case No. T 3735-12,Corbett & Co Table,,,
283,Romanya,2014,Belirsiz/Veri Yetersiz,BELİRSİZ (kaynakta belirtilmemiş),2.5;14.9;14.11;14.13;20.6,"Bucharest, Romania",Yeni taleplerin tahkime sonradan eklenip eklenemeyecegi ve buna bagli gecikme degerlendirildi.,Gecikme/EOT,Belirsiz/Sadece Claim Asamasi,Belirsiz/Veri Yok,ICC Procedural Order (Subat 2014) in ICC Case 19105,Corbett & Co Table,,,
284,Fransa (Paris - ICC Merkezi),2014,Belirsiz/Veri Yetersiz,BELİRSİZ (kaynakta belirtilmemiş),20,"Paris, France","Tahkim oncesi muzakere prosedurunun on-sart oldugu, uyulmazsa taleplerin reddedilecegi/durdurulacagi teyit edildi.",Siniflandirilmamis/Veri Yetersiz,Belirsiz/Sadece Claim Asamasi,Belirsiz/Veri Yok,ICC Final Award in Case 13686,Corbett & Co Table,,,
285,BELİRSİZ (İncelenmeli),2014,Belirsiz/Veri Yetersiz,Sarı Kitap - 1999 (1. Baskı),2.5;20;20.4-20.6,Dogu Avrupa Baskenti,"Bir konuda gec NoD verilmesi, ayni DAB kararindaki diger konularda zamaninda verilen NoD'lerin yetkisini engellemez.",DAB/Hakem Prosedur Usulsuzlugu,DAB/DAAB (On-Tahkim Kurulu),Belirsiz/Veri Yok,ICC Final Award in Case 19346,Corbett & Co Table,,,
286,BELİRSİZ (İncelenmeli),2014,Belirsiz/Veri Yetersiz,Kırmızı Kitap - 1999 (1. Baskı),3.5;4.2;11.9;14.9;20;20.1;20.4;20.6-20.8,Dogu Avrupa Baskenti,Performans teminati/sertifikasi/stopaj gibi taleplerin Cl.3.5 (Muhendis karari) prosedurune tabi olmadigi; 'or otherwise' ifadesinin DAB'in tarafsizlik eksikligini de kapsadigi tespit edildi.,Yetki Itirazi/Muhendis Karari,Muhendis/Mimar Karari (Clause 67),Belirsiz/Veri Yok,ICC Final Award in Case 19581,Corbett & Co Table,,,
287,İngiltere/UK,2014,Belirsiz/Veri Yetersiz,FIDIC (Kitap Rengi Belirsiz) - 1999 (1. Baskı),14.6;14.7;16.2;16.4;20.6,"Technology and Construction Court, England and Wales",Rusvet icin yapilan sozlesmeler uygulanamaz ama rusvetle elde edilen sozlesmeler kendiliginden uygulanamaz degildir.,Yolsuzluk,Belirsiz/Sadece Claim Asamasi,Belirsiz/Veri Yok,Honeywell International Middle East Ltd v Meydan Group LLC,Corbett & Co Table,,,
289,İngiltere/UK,2014,Belirsiz/Veri Yetersiz,Gümüş Kitap - 1999 (1. Baskı),1.2.6;1.4.1;20.2-20.5;20.7;20.8,"Technology and Construction Court, England and Wales",DAB yokken dogrudan tahkime gecisin (Cl.20.8) kosullari; DAA imzalamayi reddeden tarafin ifaya zorlanabilecegi tespit edildi.,DAB/Hakem Prosedur Usulsuzlugu,DAB/DAAB (On-Tahkim Kurulu),Belirsiz/Veri Yok,Peterborough City Council v Enterprise Managed Services Ltd,Corbett & Co Table,,,
290,Singapur,2014,Fosil Yakit/Petrol-Gaz,Kırmızı Kitap - 1999 (1. Baskı),20;20.4-20.7,"High Court, Singapore","'Persero 1' rehberligiyle, esas heyete sunularak verilen ara karar mahkemece iptal edilmedi.",Siniflandirilmamis/Veri Yetersiz,Ilk Derece Devlet Mahkemesi,Belirsiz/Veri Yok,"Francistown City Council v Vlug and Another (Singapore, 'Persero 2')",Corbett & Co Table,,,6
291,Hindistan,2014,Demiryolu/Metro,Kırmızı Kitap - 1999 (1. Baskı),20.6 (degistirilmis),Madras Yuksek Mahkemesi,Hakem gorevden alma talebiyle ilgili.,Hakem Gorevden Alma/Tarafsizlik Itirazi,Istinaf/Temyiz/Yuksek Mahkeme,Belirsiz/Veri Yok,Chennai Metro Rail Limited v M/S Lanco Infratech Limited,Corbett & Co Table,,,
296,Kenya,2014,Havalimani,FIDIC (Kitap Rengi Belirsiz) - 4. Baskı (1987),67,"Kenya Yuksek Mahkemesi, Nairobi","Sozlesmenin devri konusunda tedbir reddedildi (mahkeme sozlesmeyi yeniden yazamaz), ancak ekipman/malzemenin elden cikarilmasina karsi tedbir verildi.",Ihtiyati Tedbir Talebi,Istinaf/Temyiz/Yuksek Mahkeme,Belirsiz/Veri Yok,Talewa Road Contractors Limited v Kenya National Highways Authority,Corbett & Co Table,,,
297,Kenya,2014,Havalimani,FIDIC (Kitap Rengi Belirsiz) - 4. Baskı (1987),63.1,"Kenya Yuksek Mahkemesi, Nairobi","Sahaya teslim edilen bitumun mulkiyetinin, odeme Isveren'den Ana Yukleniciye gectiginde Isveren'e (2. Davali) gectigine karar verildi.",Odeme Uyusmazligi,Istinaf/Temyiz/Yuksek Mahkeme,Belirsiz/Veri Yok,South Shore International Limited v Talewa Road Contractors Limited & another,Corbett & Co Table,,,
298,İsviçre,2014,Belirsiz/Veri Yetersiz,Kırmızı Kitap - 1999 (1. Baskı),1.2;2;20;20.2;20.4-20.8,Isvicre Yuksek Mahkemesi,"DAB prosedurunun ('shall'/'may' terimleri) aslinda opsiyonel oldugu, DAA imzalanmadan gecerli DAB kurulamayacagi, tek care Cl.20.8 ile dogrudan tahkim oldugu tespit edildi.",DAB/Hakem Prosedur Usulsuzlugu,Istinaf/Temyiz/Yuksek Mahkeme,Belirsiz/Veri Yok,Decision 4A_124/2014,Corbett & Co Table,,,
299,İngiltere/UK,2015,Su/Atik Su/Baraj,Kırmızı Kitap - 1999 (1. Baskı),2.4;2.5;14;15.3;16;16.1-16.4;19.6,"Privy Council, Trinidad and Tobago",Kabine onayi kanitinin gerektigi hukmu onandi; bildirimsiz sunulan tutarlarin mahsup/karsi talep sayilamayacagina karar verildi.,Devlet/Kabine Onayi Sarti,Belirsiz/Sadece Claim Asamasi,Belirsiz/Veri Yok,NH International (Caribbean) Limited v National Insurance Property Development Company Limited (No.2),Corbett & Co Table,,,
300,Hindistan,2015,Demiryolu/Metro,BELİRSİZ (kaynakta belirtilmemiş),Ozet Nota bakiniz,Madras Yuksek Mahkemesi,"Banka teminatlarinin bagimsiz sozlesme olmadigi, tahkime tabi oldugu; JV'nin lider uyesinin bagimsiz basvuru yapabilecegine karar verildi.",Teminat Mektubu,Istinaf/Temyiz/Yuksek Mahkeme,Belirsiz/Veri Yok,M/S Gammon v M/S Chennai Metro Rail Limited,Corbett & Co Table,,,
304,Hindistan,2015,Belirsiz/Veri Yetersiz,Kırmızı Kitap - 4. Baskı (1987),70,Calcutta Yuksek Mahkemesi,Fiyat ayarlama formulunun cift-para-birimi sozlesmesi olup olmadigi ve uygulama yontemi tartisildi.,Fiyat Ayarlama Formulu (Escalation),Istinaf/Temyiz/Yuksek Mahkeme,Belirsiz/Veri Yok,Taisei Corporation v West Bengal State Electricity,Corbett & Co Table,,,
305,Kıbrıs,2015,Belirsiz/Veri Yetersiz,Kırmızı Kitap - 1999 (1. Baskı),1.6,Kibris Yuksek Mahkemesi,Damga vergisinin ihale kosullarina mi yoksa sozlesmeye mi gore odenecegi tartisildi.,Ihale Sureci,Istinaf/Temyiz/Yuksek Mahkeme,Belirsiz/Veri Yok,Venture Helector v Venture Tomi SA,Corbett & Co Table,,,
307,Bulgaristan,2015,Belirsiz/Veri Yetersiz,Kırmızı Kitap - 4. Baskı Rev. (1992),67.3,Sofia Istinaf Mahkemesi (Ticari Daire),Onceden Muhendis'e sunulmayan karsi taleplerin heyetce reddedilmesinin Bulgar kamu duzenine aykiri olmadigina karar verildi.,Muhendis/Mimar Karari - Clause 67 Usulu,Istinaf/Temyiz/Yuksek Mahkeme,Belirsiz/Veri Yok,Commercial Case No. 4069/2014,Corbett & Co Table,,,
308,Güney Afrika,2015,Su/Atik Su/Baraj,Sarı Kitap - 1999 (1. Baskı),4.1; 7.7,"South Africa Yuksek Mahkemesi, Johannesburg",Odeme alindiginda ekipman/malzeme mulkiyetinin Isveren'e gecip gecmedigi tartisildi.,Odeme Uyusmazligi,Istinaf/Temyiz/Yuksek Mahkeme,Belirsiz/Veri Yok,DBT Technologies (Pty) Limited v August General Servicing South Africa (Pty) Limited and others,Corbett & Co Table,,,
309,Hindistan,2015,Karayolu/Otoyol,Kırmızı Kitap - 4. Baskı (1987),Ozet Nota bakiniz,"Delhi Yuksek Mahkemesi, Hindistan","Bir belgenin kismi sorumluluk kabulu izlenimi verse dahi, belgenin butunuyle okunmasi gerektigine karar verildi.",Siniflandirilmamis/Veri Yetersiz,Istinaf/Temyiz/Yuksek Mahkeme,Belirsiz/Veri Yok,Ntpc v Hindustan Construction Company,Corbett & Co Table,,,
310,Avustralya,2015,Belirsiz/Veri Yetersiz,BELİRSİZ (Sınıflandırılamadı),1.6,"Court of Appeal, New South Wales, Australia",FIDIC sartlari agir sekilde degistirilmis gorunuyor.,Siniflandirilmamis/Veri Yetersiz,Istinaf/Temyiz/Yuksek Mahkeme,Belirsiz/Veri Yok,Aircraft Support Industries Pty Ltd v William Hare UAE LLC,Corbett & Co Table,,,
311,Kenya,2015,Fosil Yakit/Petrol-Gaz,FIDIC (Kitap Rengi Belirsiz) - 4. Baskı (1987),67,"Kenya Yuksek Mahkemesi, Nairobi",Sozlesme Formu imzalanmadigindan tahkim sarti Respondent'i baglamiyor; basvuru da gec yapildigi icin reddedildi.,Sozlesme/Tahkim Anlasmasi Gecerliligi,Istinaf/Temyiz/Yuksek Mahkeme,Belirsiz/Veri Yok,Triple Eight Construction (Kenya) Ltd v Kenya Pipeline Company Limited,Corbett & Co Table,,,
312,Kenya,2015,Belirsiz/Veri Yetersiz,FIDIC (Kitap Rengi Belirsiz) - 4. Baskı (1987),48.3; 60,"Kenya Istinaf Mahkemesi, Kisumu","Isveren'in borcu kabul ettigi tespit edilerek, Taking-Over Sertifikasi ibrazina gerek kalmadan tazminat onandi (zamanasimi kanunu yine de gecerliydi).",Zamanasimi/Sure Siniri,Istinaf/Temyiz/Yuksek Mahkeme,Belirsiz/Veri Yok,Kisii County Government v Masosa Construction Company Ltd,Corbett & Co Table,,,
313,Kenya,2015,Egitim/Kampus,FIDIC (Kitap Rengi Belirsiz) - 4. Baskı (1987),Belirtilmemis,"Kenya Yuksek Mahkemesi, Nairobi","Ucgen (tripartite) kredi anlasmasinin insaat sozlesmesinden ayri oldugu, tahkime tabi olmadigina karar verildi.",Siniflandirilmamis/Veri Yetersiz,Istinaf/Temyiz/Yuksek Mahkeme,Belirsiz/Veri Yok,True North Construction Company Limited & 3 others v Eco Bank Kenya Limited & another,Corbett & Co Table,,,
314,Uganda,2015,Demiryolu/Metro,"FIDIC-benzeri (bespoke, tam FIDIC değil)",Belirtilmemis,"Uganda Yuksek Mahkemesi, Kampala",Milletvekillerinin yargisal denetim basvurusunda 'kisisel olarak etkilenme' sarti aranarak dava reddedildi.,Siniflandirilmamis/Veri Yetersiz,Istinaf/Temyiz/Yuksek Mahkeme,Belirsiz/Veri Yok,Sekikubo & Ors v Attorney General,Corbett & Co Table,,,
315,PCA (Lahey - Uluslararası),2015,Belirsiz/Veri Yetersiz,Sarı Kitap - 1999 (1. Baskı),4.2;8.6;20,UNCITRAL Tahkim Heyeti (PCA),"Isveren'in odeme teminati saglamamasinin sozlesme ihlali oldugu, Yuklenici'nin kaybettigi kar (net vergi + %25 kar marji) tazmin edildi; goturu tazminat ve dolayli zararlar reddedildi.",Odeme Uyusmazligi,Ilk Derece Tahkim (ICC/ICSID/LCIA/vb),Belirsiz/Veri Yok,Active Partners Group Limited v Republic of South Sudan (PCA No. 2013/4),Corbett & Co Table,,,
316,Uganda,2015,Karayolu/Otoyol,FIDIC (Kitap Rengi Belirsiz) - 4. Baskı (1987),58.2;39.3;39.4;39.6;42;43;60.2;60.8,"Uganda Yuksek Mahkemesi, Kampala","Isveren'in Nihai Sertifika'yi tek tarafli olarak degistirmesinin GCC'ye aykiri oldugu, mahsubun karsi dava yoluyla yapilmasi gerektigi tespit edildi.",Odeme Uyusmazligi,Istinaf/Temyiz/Yuksek Mahkeme,Belirsiz/Veri Yok,Omega Construction Company v Kampala Capital City Authority,Corbett & Co Table,,,
318,İngiltere/UK,2016,Belirsiz/Veri Yetersiz,Sarı Kitap - Baskı Belirsiz,2.5; 3.5; 8.7,"Technology and Construction Court, England and Wales","Gecikme tazminati hakkinin Muhendis kararina bagli olmadigi, Cl.8.7'nin kendi basina yeterli oldugu; teminat cagirisi hile sayilmadi.",Gecikme/EOT,Muhendis/Mimar Karari (Clause 67),Belirsiz/Veri Yok,J Murphy & Sons Ltd v Beckton Energy Ltd,Corbett & Co Table,,,
319,Güney Afrika,2016,Belirsiz/Veri Yetersiz,Kırmızı Kitap - 1999 (1. Baskı),20; 20.2; 20.4; 20.5; 20.8,"South Africa Yuksek Mahkemesi, Johannesburg",Kalici DAB atanmamasinin sorunlari; basvuranin sonradan farkli bir talepte bulunup bulunamayacagi tartisildi.,DAB/Hakem Prosedur Usulsuzlugu,Istinaf/Temyiz/Yuksek Mahkeme,Belirsiz/Veri Yok,Divine Inspiration Trading 130 (PTY) Limited v Aveng Greenaker-LTA (PTY) Ltd and others,Corbett & Co Table,,,
321,Hindistan,2016,Belirsiz/Veri Yetersiz,FIDIC (Kitap Rengi Belirsiz) - 4. Baskı (1987),51.1; 52.1,Madras Yuksek Mahkemesi,Muhendis'in isin bir kismini cikarmasi (omission) nedeniyle kesinti/bosa giden maliyet talebi degerlendirildi.,Muhendis/Mimar Karari - Clause 67 Usulu,Istinaf/Temyiz/Yuksek Mahkeme,Belirsiz/Veri Yok,Ennore Port Limited v Hcc-Van Oord JV,Corbett & Co Table,,,
322,Fransa (Paris - ICC Merkezi),2016,Belirsiz/Veri Yetersiz,Kırmızı Kitap - 4. Baskı (1987),Belirtilmemis,"Paris, France",Zamanasimina uygulanacak hukukun maddi mi usuli mi oldugu; heyet ICC Kurallari m.15(1) geregi sozlesmenin esas hukukunu (State X) uyguladi.,Zamanasimi/Sure Siniri,Belirsiz/Sadece Claim Asamasi,Belirsiz/Veri Yok,ICC Final Award in Case 16247,Corbett & Co Table,,,
323,Hindistan,2016,Karayolu/Otoyol,Kırmızı Kitap - 4. Baskı (1987),70 (degistirilmis),Hindistan Yuksek Mahkemesi,Sigorta primi ve banka teminati uzerindeki hizmet vergisi artisi taleplerinde hakem karari onandi.,Teminat Mektubu; Sigorta Uyusmazligi,Istinaf/Temyiz/Yuksek Mahkeme,Belirsiz/Veri Yok,National Highways Authority v M/S Jsc Centrodostroy,Corbett & Co Table,,,
324,Yeni Zelanda,2016,Karayolu/Otoyol,Gümüş Kitap - 1999 (1. Baskı),1.10,"Court of Appeal, New Zealand","Tasarim belgelerindeki telif hakkinin (FIDIC benzeri Sub-clause 1.10) Siemens'te kaldigina, GE'nin ihracatinin engellenebilecegine karar verildi.",Fikri Mulkiyet/Telif Hakki,Istinaf/Temyiz/Yuksek Mahkeme,Belirsiz/Veri Yok,General Electric International Incorporated v Siemens (NZ) Limited,Corbett & Co Table,,,
325,İngiltere/UK,2016,Bina/Konut/Ticari,Kırmızı Kitap - 1999 (1. Baskı),20,"Technology and Construction Court, England and Wales","FIDIC Cl.20, zamanasimi maddesine ornek olarak kullanildi; 9 yil sonra ortaya cikan kusurlarda 28 gunluk bildirim sartinin gecerliligi tartisildi.",Kalite/Kusur,Belirsiz/Sadece Claim Asamasi,Belirsiz/Veri Yok,Commercial Management (Investment) Ltd v Mitchell Design and Construct Ltd & Anor,Corbett & Co Table,,,
326,Kenya,2016,Belirsiz/Veri Yetersiz,BELİRSİZ (kaynakta belirtilmemiş),15,"Kenya Yuksek Mahkemesi, Kakamega",Isveren'in feshi/yeni yukleniciye devri onlemek icin ihtiyati tedbir talebi kabul edildi.,Ihtiyati Tedbir Talebi,Istinaf/Temyiz/Yuksek Mahkeme,Belirsiz/Veri Yok,Smatt Construction Co Ltd v The Country Government of Kakamega,Corbett & Co Table,,,
328,Kenya,2016,Belirsiz/Veri Yetersiz,Yeşil Kitap (Kısa Form),Belirtilmemis,"Kenya Yuksek Mahkemesi, Nairobi",FIDIC Green Book'a atif var ama dava hile/hata/yanlis beyan uzerine.,Hile/Yanlis Beyan (Misrepresentation),Istinaf/Temyiz/Yuksek Mahkeme,Belirsiz/Veri Yok,Lafey Construction Co Ltd v Prism Investments Ltd,Corbett & Co Table,,,
329,Kenya,2016,Sanayi Tesisi/Fabrika,FIDIC (Kitap Rengi Belirsiz) - 4. Baskı (1987),67,"Kenya Yuksek Mahkemesi, Nairobi",Odenmemis tutarlarin FIDIC tahkim mekanizmasini tetikleyip tetiklemedigi tartisildi.,Odeme Uyusmazligi,Istinaf/Temyiz/Yuksek Mahkeme,Belirsiz/Veri Yok,Peeraj General Trading & Contracting Company Ltd v Mumias Sugar Company Ltd,Corbett & Co Table,,,
330,İsviçre,2016,Belirsiz/Veri Yetersiz,BELİRSİZ (kaynakta belirtilmemiş),Belirtilmemis,"First Civil Law Court, Switzerland","Libya mahkemelerinin yetkili oldugu itirazi reddedildi; 2. Davali'nin FIDIC sozlesmesine taraf olmadigini tahkim sirasinda ileri surmemesi, sonradan iptal davasinda kullanilamaz.",Hakem Karari Iptali,Hakem Karari Iptal Davasi/Mahkeme Denetimi,Belirsiz/Veri Yok,Decision 4A_490/2016,Corbett & Co Table,,,
331,Trinidad ve Tobago,2016,Bina/Konut/Ticari,FIDIC (Kitap Rengi Belirsiz) - 4. Baskı (1987),67.3,Trinidad ve Tobago Yuksek Mahkemesi,"Alt sozlesmenin ana sozlesmenin (tahkim iceren) sartlarini icerdigine dair kanit sunulamadigi icin, tahkime durdurma basvurusu reddedildi.",Siniflandirilmamis/Veri Yetersiz,Istinaf/Temyiz/Yuksek Mahkeme,Belirsiz/Veri Yok,Climate Control Limited v C.G. Construction Services Limited,Corbett & Co Table,,,
332,İngiltere/UK,2017,Egitim/Kampus,BELİRSİZ (kaynakta belirtilmemiş),Belirtilmemis,"Technology and Construction Court, England and Wales","Alt sozlesme uyusmazliginda odeme mekanizmasi tartismali bulunarak ozet yargilama reddedildi, dava esasa gitti.",Odeme Uyusmazligi,Belirsiz/Sadece Claim Asamasi,Belirsiz/Veri Yok,AIS Pipework Limited v Saxlund International Limited,Corbett & Co Table,,,
333,İngiltere/UK,2017,Fosil Yakit/Petrol-Gaz,Kırmızı Kitap - 1999 (1. Baskı),20.6,"Technology and Construction Court, England and Wales",Hakem heyetinin tum meseleleri ele almadigi iddiasi (ciddi usulsuzluk) reddedildi; tarafsizlik itirazi da kabul edilmedi.,Hakem Gorevden Alma/Tarafsizlik Itirazi,Ilk Derece Tahkim (ICC/ICSID/LCIA/vb),Belirsiz/Veri Yok,Symbion Power LLC v Venco Imtiaz Construction Company,Corbett & Co Table,,,
334,Bulgaristan,2017,Belirsiz/Veri Yetersiz,Kırmızı Kitap - 4. Baskı Rev. (1992),67.1-67.3,Bulgaristan Yargitay (Ticari Daire),"Clause 67'nin gecersiz olmadigina, ama Muhendis kararina uyulmazsa tenfiz edilemeyecegine, tarafin dogrudan hakem/mahkemeye basvurabilecegine karar verildi.",Tenfiz/Icra; Yetki Itirazi/Muhendis Karari,Tenfiz/Icra (Nihai Asama),Belirsiz/Veri Yok,Case No. 788/2016,Corbett & Co Table,,,
335,Kenya,2017,Belirsiz/Veri Yetersiz,Kırmızı Kitap - 1999 (1. Baskı),Belirtilmemis,"Kenya Yuksek Mahkemesi, Narok","Sozlesme disi baslatilan islerde hakemin yetkisinin, taraflarin isi durdurma mutabakatiyla sona erdigine, azami varyasyonun sozlesme bedelinin %15'i oldugu tespit edildi.",Sozlesme Disi Talep (Quasi-Contract),Istinaf/Temyiz/Yuksek Mahkeme,Belirsiz/Veri Yok,Narok County Government v Prime Tech Engineering Ltd,Corbett & Co Table,,,
336,Kenya,2017,Belirsiz/Veri Yetersiz,Gümüş Kitap - 1999 (1. Baskı),14,"Kenya Yuksek Mahkemesi, Migori","IPC'lerin kesin kabul edilmis odeme olmadigi, Isveren dogrulamasina tabi oldugu tespit edildi.",Odeme Uyusmazligi,Istinaf/Temyiz/Yuksek Mahkeme,Belirsiz/Veri Yok,County Government of Homa Bay v Oasis Group International and GA Insurance Limited,Corbett & Co Table,,,
337,Kenya,2017,Belirsiz/Veri Yetersiz,BELİRSİZ (kaynakta belirtilmemiş),Belirtilmemis,"Kenya Yuksek Mahkemesi, Narok",Hakemin sozlesme bedelini ve %15 varyasyon tavanini asan hesaplama yaptigi tespit edildi.,Siniflandirilmamis/Veri Yetersiz,Istinaf/Temyiz/Yuksek Mahkeme,Belirsiz/Veri Yok,Prime Tech v Engineering v Narok County Government,Corbett & Co Table,,,
338,Namibya,2017,Belirsiz/Veri Yetersiz,FIDIC (Kitap Rengi Belirsiz) - 1999 (1. Baskı),20.4,"Namibya Yuksek Mahkemesi, Windhoek","NoD verilmesinin DAB kararinin uygulanmasini askiya almadigina, negatif likiditenin ozel durum sayilmadigina karar verildi.",DAB/Hakem Prosedur Usulsuzlugu,Istinaf/Temyiz/Yuksek Mahkeme,Belirsiz/Veri Yok,Salz-Gossow (PTY) Ltd v Zillion Investment Holdings (PTY) Ltd,Corbett & Co Table,,,
339,Yeni Zelanda,2017,Fosil Yakit/Petrol-Gaz,Sarı Kitap - 1999 (1. Baskı),1.1.3.6; 12,Yeni Zelanda Yuksek Mahkemesi,"Uzlasmada kararlastirilan testlerin FIDIC Tamamlama Testi sayilabilecegine, sozlesmede acikca belirtilmis olmasi yeterli oldugu tespit edildi.",Siniflandirilmamis/Veri Yetersiz,Istinaf/Temyiz/Yuksek Mahkeme,Belirsiz/Veri Yok,SPX Flow Technology New Zealand Limited v Gas 1 Limited,Corbett & Co Table,,,
340,Kenya,2018,Telekom/Veri Merkezi,FIDIC (Kitap Rengi Belirsiz) - 1999 (1. Baskı),20,"Kenya Yuksek Mahkemesi, Nairobi",Cl.20 uyusmazlik cozumu tamamlanana kadar feshi onleyen tedbir talebi; basvuranin gercekleri acikca ortaya koyma yukumlulugu tartisildi.,Ihtiyati Tedbir Talebi,Istinaf/Temyiz/Yuksek Mahkeme,Belirsiz/Veri Yok,Ongata Works Limited v Tatu City Limited,Corbett & Co Table,,,
342,Güney Afrika,2018,Belirsiz/Veri Yetersiz,BELİRSİZ (kaynakta belirtilmemiş),15.2(f),"South Africa Yuksek Mahkemesi, Pretoria",Ticari rusvet nedeniyle iki sozlesmenin fesholundugu tespit edildi; iade talebi (Claimant'in kismen ise deger verdigi kabulu nedeniyle) reddedildi.,Yolsuzluk,Istinaf/Temyiz/Yuksek Mahkeme,Belirsiz/Veri Yok,Steenkampskraal Holding Ltd v Eres Engineering Projects (Pty) Ltd and others,Corbett & Co Table,,,
343,Güney Afrika,2018,Fosil Yakit/Petrol-Gaz,Kırmızı Kitap - 1999 (1. Baskı),4.2; 14.2,"South Africa Yuksek Mahkemesi, Johannesburg",Sartsiz performans teminatinin hileli cagrildigi iddiasi reddedildi; tum avans odemelerinin sozlesme kapsaminda sayildigi tespit edildi.,Odeme Uyusmazligi,Istinaf/Temyiz/Yuksek Mahkeme,Belirsiz/Veri Yok,Teichmann Structures (Pty) Ltd v (1) Hollard Insurance Company Ltd (2) ELB Engineering Services (Pty) Ltd,Corbett & Co Table,,,
345,Kenya,2018,Havalimani,BELİRSİZ (kaynakta belirtilmemiş),Madde yok,"Kenya Yuksek Mahkemesi, Nairobi","Ihale diskalifikasyonunun erken/hukuka aykiri (ultra vires) oldugu, feshin iptaline (certiorari) karar verildi.",Ihale Sureci,Istinaf/Temyiz/Yuksek Mahkeme,Belirsiz/Veri Yok,Republic v Kenya Airports Authority Ex Parte Seo & Sons Limited,Corbett & Co Table,,,
346,Kenya,2018,Belirsiz/Veri Yetersiz,FIDIC (Kitap Rengi Belirsiz) - 4. Baskı (1987),60.14 (PCC); 67,"Kenya Yuksek Mahkemesi, Nairobi","Alt yukleniciye ait islerin nihai hesaptan cikarilmasi uzerine acilan davanin zamanasimina ugramadigi, tahkime durdurulmasi gerekmedigi tespit edildi.",Zamanasimi/Sure Siniri,Istinaf/Temyiz/Yuksek Mahkeme,Belirsiz/Veri Yok,Machira Limited v China Wu Yi Limited & Another,Corbett & Co Table,,,
348,Singapur,2018,Belirsiz/Veri Yetersiz,FIDIC (Kitap Rengi Belirsiz) - 1999 (1. Baskı),20.6,Singapore Yuksek Mahkemesi,"Taraflarin imzaladiklari sozlesmedeki ICC tahkim sartinin gecerli oldugu, alternatif Sri Lanka tahkim sartinin uygulanmayacagi tespit edildi.",Siniflandirilmamis/Veri Yetersiz,Istinaf/Temyiz/Yuksek Mahkeme,Belirsiz/Veri Yok,Sinolanka Hotels & Spa (Private) Limited v Interna Contract SpA,Corbett & Co Table,,,
349,Kenya,2018,Egitim/Kampus,Kırmızı Kitap - 4. Baskı (1987) [varsayım],60,"Kenya Yuksek Mahkemesi, Nairobi",(Ozet kaynakta kisitli.),Siniflandirilmamis/Veri Yetersiz,Istinaf/Temyiz/Yuksek Mahkeme,Belirsiz/Veri Yok,Ecobank Kenya Ltd v True North Construction Company Limited & another,Corbett & Co Table,,,
350,Namibya,2019,Belirsiz/Veri Yetersiz,Kırmızı Kitap - 1999 (1. Baskı),20.4,Namibya Yuksek Temyiz Mahkemesi,"Zillion'un finansal durumunun odemeyi engellemedigi, DAB kararinin onandigi (Yuksek Mahkeme karari da onandi).",DAB/Hakem Prosedur Usulsuzlugu,Istinaf/Temyiz/Yuksek Mahkeme,Belirsiz/Veri Yok,Zillion Investment Holding (Pty) Ltd v Salz-Gossow (Pty) Ltd,Corbett & Co Table,,,
352,ABD,2019,Madencilik,"FIDIC-benzeri (bespoke, tam FIDIC değil)",60.8; 67.3,US District Court for District of Columbia,UNCITRAL Kurallari altinda verilen kararin (Kirgizistan Nisan Devrimi kaynakli gecikme/tasarim degisikligi tazminati) NY Sozlesmesi kapsaminda tenfizine karar verildi.,Gecikme/EOT; Degisiklik/Change Order,Tenfiz/Icra (Nihai Asama),Belirsiz/Veri Yok,Entes Industrial Plants Construction and Erection Contracting Co. Inc v The Ministry of Transport and Communications of the Kyrgyz Republic,Corbett & Co Table,,,
354,Fransa (Paris - ICC Merkezi),2010,Belirsiz/Veri Yetersiz,Kırmızı Kitap - 1999 (1. Baskı),20.1;20.2;20.4;20.6;20.8,"Paris, France",Talep bilgisi eksikligi ve DAB olmadan tahkime gecis,DAB/Hakem Prosedur Usulsuzlugu,DAB/DAAB (On-Tahkim Kurulu),Yuklenici Lehine,ICC Case 16155,"Seppala, 'Commentary on Recent ICC Arbitral Awards dealing with DABs under FIDIC Contracts', ICC Dispute Resolution Bulletin 2015 Issue 1",Yuklenici lehine - dogrudan tahkime gecis onaylandi,,
355,BELİRSİZ (İncelenmeli),2013,Su/Atik Su/Baraj,Sarı Kitap - 1999 (1. Baskı),2.5;3.5;5.2;20.1;20.4;20.6 para.6,Dogu Avrupa Baskenti,Isveren'in gecikme tazminati karsi talebinde Cl.2.5/3.5/20.4 zorunlu prosedurune uyulmamasi; Cl.20.1 bildirim suresinin baslangic tarihi,Gecikme/EOT,Belirsiz/Sadece Claim Asamasi,Karma/Kismi,ICC Case 16765,"Seppala, 'Commentary on Recent ICC Arbitral Awards dealing with DABs under FIDIC Contracts', ICC Dispute Resolution Bulletin 2015 Issue 1","Karma - Isveren'in karsi talebi usulden red, Yuklenici'nin talebi zamanasimindan red",,
356,BELİRSİZ (İncelenmeli),2014,Belirsiz/Veri Yetersiz,Kırmızı Kitap - 1999 (1. Baskı),3.5;4.2;11.9;14.9;20.1;20.8,Dogu Avrupa Baskenti,Teminat/sertifika/stopaj taleplerinin Cl.3.5 (Muhendis'e basvuru) ve Cl.20.1 (28 gun bildirim) prosedurune tabi olup olmadigi; tek DAB uyesinin tarafsizlik ihlali,Gecikme/EOT; Odeme Uyusmazligi,DAB/DAAB (On-Tahkim Kurulu),Yuklenici Lehine,ICC Case 19581,"Seppala, 'Commentary on Recent ICC Arbitral Awards dealing with DABs under FIDIC Contracts', ICC Dispute Resolution Bulletin 2015 Issue 1",Yuklenici lehine - hem usul hem esas acisindan,,
357,BELİRSİZ (İncelenmeli),2012,Belirsiz/Veri Yetersiz,Sarı Kitap - 1999 (1. Baskı),15.2;15.3;15.4;16.3;16.4;20.2-20.8,Dogu Avrupa Baskenti,Fesih sonrasi zamanasimi baslangici; DAB'in ad-hoc mi kalici mi oldugu; Isveren isbirligi yapmadan DAB kurulabilir mi,Fesih,DAB/DAAB (On-Tahkim Kurulu),Yuklenici Lehine,ICC Case 16570,"Seppala, 'Commentary on Recent ICC Arbitral Awards dealing with DABs under FIDIC Contracts', ICC Dispute Resolution Bulletin 2015 Issue 1",Kismen Yuklenici lehine (zamanasimi baslangici + DAB kurulusu netlestirildi),,
358,BELİRSİZ (İncelenmeli),2010,Belirsiz/Veri Yetersiz,Kırmızı Kitap - 1999 (1. Baskı),20.2-20.8,Dogu Avrupa Sehri,42 gunluk sureden sonra kurulan DAB'in gecerliligi; Isveren'in DAA imzalamamasi; fesih sonrasi tamamlama maliyetinin tekrar DAB'a goturulmesi gerekip gerekmedigi,Fesih,DAB/DAAB (On-Tahkim Kurulu),Yuklenici Lehine,ICC Case 15956,"Seppala, 'Commentary on Recent ICC Arbitral Awards dealing with DABs under FIDIC Contracts', ICC Dispute Resolution Bulletin 2015 Issue 1","Kismen her iki taraf - DAB gecerli (Yuklenici lehine), Isveren'in dogrudan tahkim hakki da onaylandi",,
359,İngiltere/UK,2010,Belirsiz/Veri Yetersiz,Sarı Kitap - 1999 (1. Baskı),20.2;20.3;20.8,"London, United Kingdom",'Yerinde' (in place) DAB tanimi; tek DAB uyesinin atanma surecinde 'gerekli istisare' (due consultation) yapilip yapilmadigi,DAB/Hakem Prosedur Usulsuzlugu,DAB/DAAB (On-Tahkim Kurulu),Isveren Lehine,ICC Case 16262,"Seppala, 'Commentary on Recent ICC Arbitral Awards dealing with DABs under FIDIC Contracts', ICC Dispute Resolution Bulletin 2015 Issue 1",Isveren lehine - heyet yetkisiz bulundu,,
360,BELİRSİZ (İncelenmeli),2013,Belirsiz/Veri Yetersiz,Sarı Kitap - 1999 (1. Baskı),20.1;20.4;20.8,Dogu Avrupa Baskenti,Isveren DAA imzalamayi surekli reddederse Yuklenici'nin Cl.20.1 (Muhendis'e basvuru) yukumlulugu devam eder mi,Fesih,Belirsiz/Sadece Claim Asamasi,Yuklenici Lehine,ICC Case 18505,"Seppala, 'Commentary on Recent ICC Arbitral Awards dealing with DABs under FIDIC Contracts', ICC Dispute Resolution Bulletin 2015 Issue 1",Yuklenici lehine - dogrudan tahkim onaylandi,,
361,İsviçre,2008,Belirsiz/Veri Yetersiz,Kırmızı Kitap - 1999 (1. Baskı),20.2;20.4,"Zurich, Switzerland",DAB prosedurunun zorunlu olup olmadigi (Cl.20.2 'shall' vs Cl.20.4 'may' celiskisi); DAB'a basvurulmadan baslatilan tahkimin akibeti,DAB/Hakem Prosedur Usulsuzlugu,DAB/DAAB (On-Tahkim Kurulu),Karma/Kismi,ICC Case 14431,"Seppala, 'Commentary on Recent ICC Arbitral Awards dealing with DABs under FIDIC Contracts', ICC Dispute Resolution Bulletin 2015 Issue 1",Karma - DAB zorunlu bulundu ama dava reddedilmeyip DAB surecine yonlendirildi,,
362,Fransa (Paris - ICC Merkezi),2010,Belirsiz/Veri Yetersiz,Gümüş Kitap - 1999 (1. Baskı),"20 (3 adimli surec, Cl.15 ozel sartlar)","Paris, France",Sozlesmenin ozel sartlarindaki 2 adimli surec ile standart Cl.20'deki 3 adimli surec (DAB dahil) arasindaki celiski; hangi hukukun tahkim sartina uygulanacagi,DAB/Hakem Prosedur Usulsuzlugu,DAB/DAAB (On-Tahkim Kurulu),Yuklenici Lehine,ICC Case 16083,"Seppala, 'Commentary on Recent ICC Arbitral Awards dealing with DABs under FIDIC Contracts', ICC Dispute Resolution Bulletin 2015 Issue 1",Yuklenici lehine - heyet yetkili bulundu,,
363,BELİRSİZ (İncelenmeli),2011,Belirsiz/Veri Yetersiz,Kırmızı Kitap - 1999 (1. Baskı),20.1;20.4-20.7,Dogu Avrupa Baskenti,"Odenmeyen DAB kararlarinin, tekrar DAB'a goturulup yeni bir DAB karariyla teyit edildikten sonra NIHAI karar (final award) ile tenfizi",Degisiklik/Change Order; Odeme Uyusmazligi,Tenfiz/Icra (Nihai Asama),Yuklenici Lehine,ICC Case 16948,"Seppala, 'Commentary on Recent ICC Arbitral Awards dealing with DABs under FIDIC Contracts', ICC Dispute Resolution Bulletin 2015 Issue 1",Yuklenici lehine - nihai karar ile tenfiz,,
364,BELİRSİZ (İncelenmeli),2010,Madencilik,Kırmızı Kitap - 2008,20.4-20.9,Dogu Avrupa Baskenti,Baglayici ama kesin olmayan DAB kararinin nihai karar (final award) ile mi yoksa sadece ara karar (interim award) ile mi tenfiz edilebilecegi,Odeme Uyusmazligi,Tenfiz/Icra (Nihai Asama),Diger/Siniflandirilmamis,ICC Case 16119,"Seppala, 'Commentary on Recent ICC Arbitral Awards dealing with DABs under FIDIC Contracts', ICC Dispute Resolution Bulletin 2015 Issue 1",Ara karar ile kismi tenfiz - nihai karar reddedildi,,
365,BELİRSİZ (İncelenmeli),2013,Belirsiz/Veri Yetersiz,Sarı Kitap - 1999 (1. Baskı),20.4;20.7,Dogu Avrupa Baskenti,Memnuniyetsizlik Bildirimi'nde (NoD) gerekce belirtilmemesinin gecerliligi; baglayici-ama-kesin-olmayan DAB kararinin nihai kararla tenfizi,Tenfiz/Icra; DAB/Hakem Prosedur Usulsuzlugu,Tenfiz/Icra (Nihai Asama),Karma/Kismi,ICC Case 18320,"Seppala, 'Commentary on Recent ICC Arbitral Awards dealing with DABs under FIDIC Contracts', ICC Dispute Resolution Bulletin 2015 Issue 1","Kismen - NoD gecerli sayildi, ama tenfiz sadece ara karar duzeyinde kabul edildi",,2
366,Mauritius,2013,Madencilik,"FIDIC-benzeri (bespoke, tam FIDIC değil)",Sozlesmeye ozel 28 gunluk kesinlik maddesi,"Port Louis, Mauritius",Adjudikator kararinin 28 gun icinde tahkime goturulmemesi halinde 'nihai ve baglayici' hale gelmesi,Siniflandirilmamis/Veri Yetersiz,Belirsiz/Sadece Claim Asamasi,Isveren Lehine,ICC Case 16435,"Seppala, 'Commentary on Recent ICC Arbitral Awards dealing with DABs under FIDIC Contracts', ICC Dispute Resolution Bulletin 2015 Issue 1",Isveren lehine - heyet esas konularda yetkisiz bulundu,,
367,BELİRSİZ (İncelenmeli),2014,Belirsiz/Veri Yetersiz,Sarı Kitap - 1999 (1. Baskı),20.4;20.6,Dogu Avrupa Baskenti,"Bir DAB kararindaki 4 ayri konudan sadece bazilarina NoD verilmesinin, digerlerini heyetin yetkisi disina cikarip cikarmadigi; 'uyusmazlik' kavraminin butunlugu",Gecikme/EOT,DAB/DAAB (On-Tahkim Kurulu),Isveren Lehine,ICC Case 19346,"Seppala, 'Commentary on Recent ICC Arbitral Awards dealing with DABs under FIDIC Contracts', ICC Dispute Resolution Bulletin 2015 Issue 1",Isveren lehine - heyet tum tespitler uzerinde yetkili bulundu,,
368,BELİRSİZ (İncelenmeli),2012,Belirsiz/Veri Yetersiz,Kırmızı Kitap - 1999 (1. Baskı),1.2;20.2;20.4;20.6,Dogu Avrupa Baskenti,DAB anlasmasinin kotu taslaklanmasi nedeniyle tarafların ad-hoc mi kalici DAB mi kurmak istedikleri konusundaki belirsizlik,DAB/Hakem Prosedur Usulsuzlugu,DAB/DAAB (On-Tahkim Kurulu),Belirsiz/Detay Sinirli,ICC Case 18096,"Seppala, 'Commentary on Recent ICC Arbitral Awards dealing with DABs under FIDIC Contracts', ICC Dispute Resolution Bulletin 2015 Issue 1",Belirsiz - taslak hatasi ornegi olarak sunuldu,,3
369,BELİRSİZ (İncelenmeli),1990,Belirsiz/Veri Yetersiz,Kırmızı Kitap - 3. Baskı (1977),67,Belirtilmemis (Arap ulkesi),Isveren'in hicbir zaman usulune uygun bir Muhendis atamamasi durumunda Yuklenici'nin dogrudan tahkime gidip gidemeyecegi,Muhendis/Mimar Karari - Clause 67 Usulu,Belirsiz/Sadece Claim Asamasi,Isveren Lehine,ICC Case No. 6276 and 6277 (Birlesik Kismi Karar),"Seppala, 'International Construction Contract Disputes: Commentary on ICC Awards Dealing with the FIDIC International Conditions of Contract', ICC Bulletin Vol.9 No.2, November 1998",Isveren lehine - tahkim talebi erken (prematur) bulundu,,
370,BELİRSİZ (İncelenmeli),1992,Belirsiz/Veri Yetersiz,Kırmızı Kitap - 2. Baskı (1969),44; 52; 67,Belirtilmemis,"Muhendis'e gonderilen mektuplarin (Cl.44 sure uzatimi, Cl.52 varyasyon odemesi talepleri) otomatik olarak Cl.67 kapsaminda 'uyusmazlik' referansi sayilip sayilmayacagi",Gecikme/EOT,Ilk Derece Tahkim (ICC/ICSID/LCIA/vb),Yuklenici Lehine,ICC Case No. 6535,"Seppala, 'International Construction Contract Disputes: Commentary on ICC Awards Dealing with the FIDIC International Conditions of Contract', ICC Bulletin Vol.9 No.2, November 1998",Isveren lehine - Yuklenici'nin 216 (!) talebi bu gerekceyle YETKI YOKLUGU nedeniyle reddedildi (Yuklenici'nin sonradan usulune uygun basvurarak yeni b,,
371,BELİRSİZ (İncelenmeli),1989,Belirsiz/Veri Yetersiz,Kırmızı Kitap - 3. Baskı (1977),67,Belirtilmemis,Muhendis'e Cl.67 kapsaminda GECERLI bir basvurunun (submission) unsurlari nelerdir,Muhendis/Mimar Karari - Clause 67 Usulu,Belirsiz/Sadece Claim Asamasi,Diger/Siniflandirilmamis,ICC Case No. 6238,"Seppala, 'International Construction Contract Disputes: Commentary on ICC Awards Dealing with the FIDIC International Conditions of Contract', ICC Bulletin Vol.9 No.2, November 1998","Basvuru sekli netlestirildi - taraf lehine/aleyhine belirtilmemis, ilke tespiti",,
372,Hollanda,1996,Hastane/Saglik,Kırmızı Kitap - 3. Baskı (1977),67,"The Hague, Netherlands / Belirtilmemis",Cl.67 kapsaminda 'nihai ve baglayici' hale gelmeyen bir Muhendis kararina karsi tahkim hakkini korumak icin fiilen tahkim BASLATMAK mi yoksa sadece NIYET bildirmek mi yeterlidir,Yetki Itirazi/Muhendis Karari,Muhendis/Mimar Karari (Clause 67),Davaci Lehine,ICC Case No. 7641 ve Case No. 5948 (Ara Karar 1991),"Seppala, 'International Construction Contract Disputes: Commentary on ICC Awards Dealing with the FIDIC International Conditions of Contract', ICC Bulletin Vol.9 No.2, November 1998","Davaci lehine (bu iki kararda) - ama emsal ictihat TUTARSIZ, riskli bir alan",,
373,Tunus,1996,Belirsiz/Veri Yetersiz,Kırmızı Kitap - 3. Baskı (1977),67,Tunisia,"Bir tarafin Muhendis'ten 'nihai ve baglayici' hale gelmis (karsi tarafca itiraz edilmemis) bir karar aldiktan sonra, karsi tarafin bu karara UYMAMASI durumunda dogrudan tahkime basvurulup basvurulamay",Muhendis/Mimar Karari - Clause 67 Usulu,Tenfiz/Icra (Nihai Asama),Davali Lehine,ICC Case No. 7910,"Seppala, 'International Construction Contract Disputes: Commentary on ICC Awards Dealing with the FIDIC International Conditions of Contract', ICC Bulletin Vol.9 No.2, November 1998","Davali lehine (heyet yetkisiz bulundu) - ONEMLI BOSLUK, 4. Baski ile duzeltildi",,
375,Kenya,1995,Belirsiz/Veri Yetersiz,Kırmızı Kitap - 3. Baskı (1977),67; 69,"Nairobi, Kenya","Ana sozlesmeye atifla kurulan alt sozlesmede, ana sozlesmenin Muhendis-once-tahkim sartinin (Cl.67) uygulanip uygulanmayacagi",Muhendis/Mimar Karari - Clause 67 Usulu,DAB/DAAB (On-Tahkim Kurulu),Davaci Lehine,ICC Case No. 7423,"Seppala, 'International Construction Contract Disputes: Commentary on ICC Awards Dealing with the FIDIC International Conditions of Contract', ICC Bulletin Vol.9 No.2, November 1998","Davaci lehine - tahkim dogrudan mumkun, Muhendis sarti dislandi",,
376,BELİRSİZ (İncelenmeli),1989,Belirsiz/Veri Yetersiz,FIDIC (Kitap Rengi Belirsiz) - 2. Baskı (1969),18(1); 18(2),Belirtilmemis,"Alt yuklenicinin ana yukleniciye karsi baslattigi tahkimin, ana yuklenicinin isverene karsi actigi ayri tahkimle BIRLESTIRILIP birlestirilemeyecegi; alt sozlesme tahkim heyetinin bu nedenle yetkisiz o",Alt Yuklenici Statusu,Ilk Derece Tahkim (ICC/ICSID/LCIA/vb),Davaci Lehine,ICC Case No. 5898 (Cok-Tarafli Tahkim/Birlestirme),"Seppala, 'International Construction Contract Disputes: Commentary on ICC Awards Dealing with the FIDIC International Conditions of Contract', ICC Bulletin Vol.9 No.2, November 1998",Davaci (alt yuklenici) lehine - alt sozlesme tahkimi bagimsiz devam etti,,
377,İsviçre,1993,Fosil Yakit/Petrol-Gaz,Kırmızı Kitap - 2. Baskı (1969),Sozlesmeye ozel 'pay when paid' maddesi,Belirtilmemis (Isvicre hukuku),'Isveren odemedikce ana yuklenici de odemez' (pay-when-paid) maddesinin Isvicre hukukunda gecerliligi ve bu davada kosulun gerceklesip gerceklesmedigi,Odeme Uyusmazligi,Belirsiz/Sadece Claim Asamasi,Davaci Lehine,"ICC Case No. 6611 (Nihai Karar, 1993 - Pay-When-Paid)","Seppala, 'International Construction Contract Disputes: Commentary on ICC Awards Dealing with the FIDIC International Conditions of Contract', ICC Bulletin Vol.9 No.2, November 1998",Davaci (alt yuklenici) lehine - odeme kosulu gerceklesmis sayildi,,
379,BELİRSİZ (İncelenmeli),1993,Hastane/Saglik,Kırmızı Kitap - 2. Baskı (1969),60(5) / Genel tazminat ilkeleri,Belirtilmemis,Muhendis tarafindan sertifikalandirilan avans odemesinin 202 gun gecikmeli yapilmasi nedeniyle tazminat hesaplama yontemi,Gecikme/EOT,Belirsiz/Sadece Claim Asamasi,Davaci Lehine,ICC Case No. 5948 (Nihai Karar - Gec Avans Odemesi Tazminati),"Seppala, 'International Construction Contract Disputes: Commentary on ICC Awards Dealing with the FIDIC International Conditions of Contract', ICC Bulletin Vol.9 No.2, November 1998",Davaci (Yuklenici) lehine - %20 bosa giden maliyet esasinda tazminat,,
380,İspanya,1997,Belirsiz/Veri Yetersiz,BELİRSİZ (Sınıflandırılamadı),FIDIC/ENAA ilkelerine atif (madde yok),"Madrid, Spain","FIDIC ve ENAA (Japonya Muhendislik Gelistirme Dernegi) sozlesme formlarinin, taraflarca acikca kabul edilmemis olsa dahi 'ticari tearuf' (trade usage) haline gelip gelmedigi",Muhendis/Mimar Karari - Clause 67 Usulu; Ticari Teamul (Trade Usage),Belirsiz/Sadece Claim Asamasi,Davali Lehine,ICC Case No. 8873,"Seppala, 'International Construction Contract Disputes: Commentary on ICC Awards Dealing with the FIDIC International Conditions of Contract', ICC Bulletin Vol.9 No.2, November 1998",Davali lehine - FIDIC/ENAA ilkeleri 'trade usage' sayilmadi,,
381,Romanya,2022,Belirsiz/Veri Yetersiz,Kırmızı Kitap - Baskı Belirsiz,14.6 (Ara Odeme Sertifikalari); CACIR tahkim sarti,"Inalta Curte de Casatie si Justitie (Romanya Yargitayi), Sectia a II-a civila",Insolvente giren Antreprenor konsorsiyumu liderinin degismesi - odeme talebinde hangi sirketin dava ehliyeti oldugu,Odeme Uyusmazligi,Istinaf/Temyiz/Yuksek Mahkeme,Davaci Lehine,ÎCCJ Decizia nr. 91/2022 (25.01.2022),"ICCJ (Inalta Curte de Casatie si Justitie, Romanya Yargitayi), Sectia a II-a civila - precedentia.md veritabani uzerinden erisildi",Davaci lehine - iptal davasi ve temyiz reddedildi,,
382,Romanya,2022,Belirsiz/Veri Yetersiz,Kırmızı Kitap - Baskı Belirsiz,13.7 (Kanun Degisikligi Maliyetleri); 14.3(c); 20.6,"Inalta Curte de Casatie si Justitie (Romanya Yargitayi), Sectia a II-a civila",Tahkim sartinin gecersizligi iddiasi (kamu ihalesi haklari tahkime elverisiz); OUG 114/2018'in geriye donuk uygulanmasi,Fesih; Ihale Sureci,Istinaf/Temyiz/Yuksek Mahkeme,Davaci Lehine,ÎCCJ Decizia nr. 471/2022 (02.03.2022),"ICCJ (Inalta Curte de Casatie si Justitie, Romanya Yargitayi), Sectia a II-a civila - precedentia.md veritabani uzerinden erisildi",Davaci lehine - tum itirazlar reddedildi,,
383,Romanya,2022,Belirsiz/Veri Yetersiz,Kırmızı Kitap - Baskı Belirsiz,FIDIC gecikme cezasi maddesi; HG 1405/2010,"Inalta Curte de Casatie si Justitie (Romanya Yargitayi), Sectia a II-a civila",Karsi davadaki gecikme cezasinin hakem tarafindan MK m.1541 uyarinca kendiliginden indirilmesi,Gecikme/EOT,Istinaf/Temyiz/Yuksek Mahkeme,Davali Lehine,ÎCCJ Decizia nr. 728/2022 (30.03.2022),"ICCJ (Inalta Curte de Casatie si Justitie, Romanya Yargitayi), Sectia a II-a civila - precedentia.md veritabani uzerinden erisildi",Davali lehine - ceza indirimi onandi,,
384,Romanya,2022,Belirsiz/Veri Yetersiz,Kırmızı Kitap - Baskı Belirsiz,"HMK m.250, m.14/6, m.272, m.603(1)(e)","Inalta Curte de Casatie si Justitie (Romanya Yargitayi), Sectia a II-a civila",Hakem heyetinin resmi delil listesinde olmayan mahkeme-disi bilirkisi raporunu delil olarak kabul etmesi,Bilirkisi/Uzman Gorusu,Tenfiz/Icra (Nihai Asama),Davali Lehine,ÎCCJ Decizia nr. 2046/2022 (18.10.2022),"ICCJ (Inalta Curte de Casatie si Justitie, Romanya Yargitayi), Sectia a II-a civila - precedentia.md veritabani uzerinden erisildi",Davali lehine - temyiz butlanla sonuclandi,,
385,Romanya,2024,Belirsiz/Veri Yetersiz,Kırmızı Kitap - Baskı Belirsiz,Fesih bildirimleri; HMK m.430 (autoritate de lucru judecat),"Inalta Curte de Casatie si Justitie (Romanya Yargitayi), Sectia a II-a civila","Iki ayri CACIR hakem karari arasinda 'kesin hukum' (res judicata) etkisi - ilk kararin (2019) sozlesmenin feshedildigini tespit etmesinin, ikinci karari (2022, farkli alt-sozlesmeler icin) baglayip ba",Fesih; Kalite/Kusur,Istinaf/Temyiz/Yuksek Mahkeme,Davali Lehine,ÎCCJ Decizia nr. 2008/2024 (05.11.2024),"ICCJ (Inalta Curte de Casatie si Justitie, Romanya Yargitayi), Sectia a II-a civila - precedentia.md veritabani uzerinden erisildi","Davali (Isveren) lehine - her iki temyiz de reddedildi, kesin hukum itirazi kabul edilmedi",,6
386,Romanya,2025,Belirsiz/Veri Yetersiz,Kırmızı Kitap - Baskı Belirsiz,"Sozlesme yorumu, kesin hukum (autoritate de lucru judecat)","Inalta Curte de Casatie si Justitie (Romanya Yargitayi), Sectia a II-a civila",Ayni konsorsiyum sozlesmesinden dogan farkli yillardaki (2016 vs 2017) alt-sozlesmeler arasinda hakem kararlarinin birbirini baglayip baglamadigi; ceza maddesi ve yonetim kurulu cagirma yetkisinin cel,Kalite/Kusur,Istinaf/Temyiz/Yuksek Mahkeme,Davali Lehine,ÎCCJ Decizia nr. 248/2025 (06.02.2025),"ICCJ (Inalta Curte de Casatie si Justitie, Romanya Yargitayi), Sectia a II-a civila - precedentia.md veritabani uzerinden erisildi","Davali (Isveren) lehine - temyiz reddedildi, ~119.000 RON masraf",,5
387,Romanya,2024,Belirsiz/Veri Yetersiz,Kırmızı Kitap - Baskı Belirsiz,Sub-clause 14.8 (finansman maliyeti/faiz),"Inalta Curte de Casatie si Justitie (Romanya Yargitayi), Sectia a II-a civila","CNAIR'in (devlet yol idaresi), Yuklenici'nin faiz talebinde Cl.14.8'in ikinci cumlesinin (ozel sartlar) incelenmemis olmasinin 'nemotivare' (gerekcesizlik) sayilip sayilmayagi",Para Birimi/Faiz Uyusmazligi,Istinaf/Temyiz/Yuksek Mahkeme,Davali Lehine,ÎCCJ Decizia nr. 2042/2024 (05.11.2024),"ICCJ (Inalta Curte de Casatie si Justitie, Romanya Yargitayi), Sectia a II-a civila - precedentia.md veritabani uzerinden erisildi",Davali (Yuklenici) lehine - CNAIR'in temyizi reddedildi,,
388,Romanya,2021,Belirsiz/Veri Yetersiz,Kırmızı Kitap - Baskı Belirsiz,"MK m.1270 (pacta sunt servanda), m.1538 (ceza maddesi ozgulluk ilkesi)","Inalta Curte de Casatie si Justitie (Romanya Yargitayi), Sectia a II-a civila",Sozlesmedeki ceza maddesinin (belirli bir yukumluluge ozgulenmis) genisletilerek baska yukumluluklere de uygulanmasinin 'pacta sunt servanda' ilkesini (kamu duzeni) ihlal edip etmedigi,Fesih; Odeme Uyusmazligi,Istinaf/Temyiz/Yuksek Mahkeme,Davali Lehine,ÎCCJ Decizia nr. 444/2021 (23.02.2021),"ICCJ (Inalta Curte de Casatie si Justitie, Romanya Yargitayi), Sectia a II-a civila - precedentia.md veritabani uzerinden erisildi",Davali lehine - temyiz reddedildi,,
389,Romanya,2022,Belirsiz/Veri Yetersiz,Kırmızı Kitap - Baskı Belirsiz,"Fesih bildirimleri, MK m.9/13, HMK m.9/22","Inalta Curte de Casatie si Justitie (Romanya Yargitayi), Sectia a II-a civila","Isveren'in birden fazla fesih bildirimi gonderdigi bir davada, hakemin sadece birini analiz etmesinin 'nemotivare' sayilip sayilmayacagi; onceki hakem kararinin (feshin gecerliligine iliskin) kesin hu",Fesih; Kalite/Kusur,Istinaf/Temyiz/Yuksek Mahkeme,Davali Lehine,ÎCCJ Decizia nr. 2263/2022 (02.11.2022),"ICCJ (Inalta Curte de Casatie si Justitie, Romanya Yargitayi), Sectia a II-a civila - precedentia.md veritabani uzerinden erisildi",Davali (Yuklenici) lehine - temyiz reddedildi,,
390,Romanya,2025,Belirsiz/Veri Yetersiz,Kırmızı Kitap - Baskı Belirsiz,"Performans teminati, MK m.1270/1350/1548, HMK m.608(1)(f)(g)(h)","Inalta Curte de Casatie si Justitie (Romanya Yargitayi), Sectia a II-a civila",Isveren'in performans teminatindan gecikme cezasi kesmesi; hakemin 'ortak kusur' (culpa comuna) esasinda hakkaniyet (echitate) yoluyla karar vermesinin usul/esas ihlali olusturup olusturmadigi; cok do,Gecikme/EOT; Kalite/Kusur,Istinaf/Temyiz/Yuksek Mahkeme,Davali Lehine,ÎCCJ Decizia nr. 88/2025 (16.01.2025),"ICCJ (Inalta Curte de Casatie si Justitie, Romanya Yargitayi), Sectia a II-a civila - precedentia.md veritabani uzerinden erisildi",Davali (Isveren) lehine - temyiz reddedildi,,
391,Romanya,2023,Belirsiz/Veri Yetersiz,Kırmızı Kitap - Baskı Belirsiz,"MK m.1341-1344 (haksiz odeme), m.1535 (faiz)","Inalta Curte de Casatie si Justitie (Romanya Yargitayi), Sectia a II-a civila",Haksiz yere yapilan bir odemenin (plata nedatorata) hem 'hukuka uygun fiil' (solvens acisindan) hem 'haksiz fiil' (accipiens'in kotu niyeti acisindan) olarak nitelendirilmesinin celiskili/hukuka aykir,Haksiz Fiil (Tort),Istinaf/Temyiz/Yuksek Mahkeme,Diger/Siniflandirilmamis,ÎCCJ Decizia nr. 495/2023 (07.03.2023),"ICCJ (Inalta Curte de Casatie si Justitie, Romanya Yargitayi), Sectia a II-a civila - precedentia.md veritabani uzerinden erisildi","Davaci (odemeyi alan/geri talep edilen taraf aleyhine) - temyiz reddedildi, faiz odeme yukumlulugu onandi",,
392,Romanya,2022,Belirsiz/Veri Yetersiz,Kırmızı Kitap - Baskı Belirsiz,"HMK m.550, m.567/568 (tahkimin dusurulmesi-caducitate), m.558/559","Inalta Curte de Casatie si Justitie (Romanya Yargitayi), Sectia a II-a civila",Tahkim sartinin (hakem atama usulu belirtilmemis) gecersizligi; tahkim heyetinin 6 aylik yasal sureyi asarak karar vermesi nedeniyle 'tahkimin dusmesi' (caducitate); hakemlerin tarafsizligi,DAB/Hakem Prosedur Usulsuzlugu,Istinaf/Temyiz/Yuksek Mahkeme,Davali Lehine,ÎCCJ Decizia nr. 2582/2022 (07.12.2022),"ICCJ (Inalta Curte de Casatie si Justitie, Romanya Yargitayi), Sectia a II-a civila - precedentia.md veritabani uzerinden erisildi",Davali (Isveren) lehine - tum itirazlar reddedildi,,
393,Romanya,2022,Belirsiz/Veri Yetersiz,Kırmızı Kitap - Baskı Belirsiz,OUG 34/2006 m.288^1 (tahkim yetkisi anayasaya uygunluk itirazi),"Inalta Curte de Casatie si Justitie (Romanya Yargitayi), Sectia a II-a civila","Kamu ihalesi sozlesmelerinde tahkimi mumkun kilan yasal hukmun (OUG 34/2006 m.288^1) anayasaya aykirilik itirazinin, mevcut hakem karari iptal davasiyla 'iliski' tasiyip tasimadigi",Ihale Sureci,Istinaf/Temyiz/Yuksek Mahkeme,Davali Lehine,ÎCCJ Decizia nr. 1124/2022 (12.05.2022),"ICCJ (Inalta Curte de Casatie si Justitie, Romanya Yargitayi), Sectia a II-a civila - precedentia.md veritabani uzerinden erisildi",Davali (Yuklenici) lehine - anayasaya aykirilik itirazi 'iliskisiz' bulunarak reddedildi,,
394,Romanya,2021,Belirsiz/Veri Yetersiz,Kırmızı Kitap - Baskı Belirsiz,"Sub-Clause 1.1.4.12, 14.3 (Situatie de Lucrari - Hakedis), Cl.67 usulu","Inalta Curte de Casatie si Justitie (Romanya Yargitayi), Sectia a II-a civila","FIDIC sisteminde 'uyusmazlik' (dispute) kavraminin, sadece talep/pretansiyon ile karistirilamayacagi; Muhendis'in bir Talimat'i (Instructiune de Modificare) degerlendirmesinin, gercek yapilan islerin ",Degisiklik/Change Order; Odeme Uyusmazligi,Istinaf/Temyiz/Yuksek Mahkeme,Davaci Lehine,ÎCCJ Decizia nr. 1208/2021 (18.05.2021),"ICCJ (Inalta Curte de Casatie si Justitie, Romanya Yargitayi), Sectia a II-a civila - precedentia.md veritabani uzerinden erisildi",Davaci (Yuklenici) lehine - temyiz reddedildi,,
395,Trinidad ve Tobago,2022,Karayolu/Otoyol,Sarı Kitap - 1999 (1. Baskı),14.6 (Ara Odeme Sertifikasi); 15.2(b) fesih-terk; 15.2(e) fesih-iflas; 16.1 (askiya alma sonrasi 'derhal' yeniden baslama); 20.10 (temyiz yasagi); 20.1,Trinidad ve Tobago Yuksek Mahkemesi (High Court of Justice),"LCIA tahkim heyetinin (John Fellas, Adam Constable KC, Andrew White KC) 'nihai ve baglayici' bir Kismi Nihai Karar'inin, sozlesmedeki 'Temyiz Yasagi' (No Appeals Provision) maddesine ragmen mahkeme ta",Odeme Uyusmazligi,Istinaf/Temyiz/Yuksek Mahkeme,Davaci Lehine,National Infrastructure Development Company Limited (NIDCO) v Construtora OAS S.A.,italaw.com (Uluslararasi Yatirim Hukuku Arsivi) - dava belgesi arsivi,"Davaci (Isveren/NIDCO) lehine - hakem karari IPTAL EDILDI, heyete yeniden inceleme icin gonderildi (nadir gorulen bir 'devlet tarafina hakem karari ip",126000000,4
440,İngiltere/UK,2026,Havalimani,Sarı Kitap - 1999 (1. Baskı),20.1 (Talep Bildirimi - on-sart); 13.1-13.3 (Varyasyon); 3.5-3.6 (Muhendis Karari),Privy Council (Birlesik Krallik - Trinidad ve Tobago temyizi),"Sahadaki Muhendis'in (site engineer) DORT KALEM ISI ('the Alleged Variations': yol dosemesinde boru hatti, uygunsuz dolgu cikarma, dolgu ithalati, gece calismasi) 'onaylamasinin', sozlesmedeki katı Cl",Degisiklik/Change Order; Odeme Uyusmazligi,Istinaf/Temyiz/Yuksek Mahkeme,Davali Lehine,Uniform Building Contractors Ltd (UBC) v The Water and Sewerage Authority of Trinidad and Tobago (WASA) [2026] UKPC 2,Clyde & Co Hukuk Bulteni (2026) - Privy Council karar ozeti,"Davali (Isveren/WASA) lehine - Istinaf karari bozuldu, Yuklenici'nin bildirim eksikligi nedeniyle talebi reddedildi",13900000,19
397,Kırgızistan,2009,Madencilik,FIDIC-dışı (bespoke sözleşme),Kirgizistan-Turkiye YKAT (BIT); mulksuzlestirme (expropriation) hukumleri,"ICSID (Ek Olanaklar Kurallari - Additional Facility), ARB(AF)/06/1",Yerel mahkeme kararlarinin (yatirimi gecersiz kilan) uluslararasi hukuk anlaminda 'mulksuzlestirme' (expropriation) teskil edip etmedigi; adli mulksuzlestirme (judicial expropriation) kavraminin uygul,Yolsuzluk; Devletlestirme/El Koyma,Ilk Derece Tahkim (ICC/ICSID/LCIA/vb),Davaci Lehine,Sistem Mühendislik İnşaat Sanayi ve Ticaret A.Ş. v. Kyrgyz Republic,italaw.com / jusmundi.com,"Davaci (Turk Yuklenici/Sistem) lehine - mulksuzlestirme tespit edildi, ~9,1 milyon USD tazminat (+faiz) hukmedildi",9100000,7
398,Türkmenistan,2016,Belirsiz/Veri Yetersiz,FIDIC-dışı (bespoke sözleşme),"Turkmenistan-Turkiye YKAT (BIT); adil ve hakkaniyetli muamele (FET), mulksuzlestirme","ICSID, ARB/10/24","Kisa surede (6 ay icinde, 2007) imzalanan 13 farkli insaat sozlesmesinin (okul, anaokulu, kultur merkezi, sinema, kanal, banka binasi vb.) coğunun tamamlanamamasi nedeniyle devletin fesih/el koyma isl",Fesih; Devletlestirme/El Koyma,Ilk Derece Tahkim (ICC/ICSID/LCIA/vb),Davali Lehine,İçkale İnşaat Limited Şirketi v. Turkmenistan,jusmundi.com / ICSID resmi sitesi,Davali (Turkmenistan) lehine - 570 milyon USD'lik tum talepler REDDEDILDI (Turk yuklenici tamamen kaybetti - dikkat cekici bir 'ters ornek'),570000000,6
399,İngiltere/UK,2005,Demiryolu/Metro,FIDIC-dışı (NEC2),Cl.10.1 (karsilikli guven/isbirligi ruhu); onaylanmamis-disallowed cost,"Technology and Construction Court, England and Wales",Proje Yoneticisi'nin (Muhendis benzeri) odeme onaylarken TARAFSIZLIK yukumlulugu var mi - NEC'de bu yukumluluk zimni olarak var mi,Odeme Uyusmazligi,Tenfiz/Icra (Nihai Asama),Karma/Kismi,Costain Ltd v Bechtel Ltd [2005] EWHC 1018 (TCC),Daniel CMS - NEC Case Law derlemesi (danielcms.co.uk) - Ingiliz/Iskoc/Kuzey Irlanda mahkeme karar ozetleri,Karma - tedbir reddedildi ama tarafsizlik ilkesi teyit edildi (davaya devam icin onemli emsal),,
400,İngiltere/UK,2014,Yenilenebilir Enerji,FIDIC (Kitap Rengi Belirsiz) - 2005,Cl.17.1 (celiski/belirsizlik); Option X5 (Bolumsel Tamamlama); Contract Data,"Court of Appeal, England and Wales","Works Information'daki detayli tanimla, Contract Data'daki Option X5'in genel dilinin celiskili olup olmadigi; oncelik sirasi maddesinin ne zaman devreye girecegi",Siniflandirilmamis/Veri Yetersiz,Istinaf/Temyiz/Yuksek Mahkeme,Davaci Lehine,RWE Npower Renewables Ltd v JN Bentley Ltd [2014] EWCA Civ 150,Daniel CMS - NEC Case Law derlemesi (danielcms.co.uk) - Ingiliz/Iskoc/Kuzey Irlanda mahkeme karar ozetleri,"Davaci (RWE) lehine - temyiz reddedildi, tam boru hatti tamamlama yukumlulugu onandi",,
401,İngiltere/UK,2015,Bina/Konut/Ticari,FIDIC-dışı (NEC3),Cl.10.1; Cl.12.3 (yazili degisiklik sarti); Defined Cost,"Technology and Construction Court, England and Wales","Sozlesme imzalanmadan once taraflarca birlikte gelistirilen gayri resmi 'Composite Codes' faturalama sisteminin, yazili-degisiklik-sarti olan resmi sozlesmeye ragmen baglayici sayilip sayilmayacagi (e",Degisiklik/Change Order; Odeme Uyusmazligi,Belirsiz/Sadece Claim Asamasi,Davaci Lehine,Mears Ltd v Shoreline Housing Partnership Ltd [2015] EWHC 1396 (TCC),Daniel CMS - NEC Case Law derlemesi (danielcms.co.uk) - Ingiliz/Iskoc/Kuzey Irlanda mahkeme karar ozetleri,Davaci (Mears) lehine - ~300.000 GBP tazminat,,
402,İngiltere/UK,2018,Sanayi Tesisi/Fabrika,FIDIC-dışı (NEC3),Ara odeme degerlendirmeleri; Proje Yoneticisi tarafsizligi,"Technology and Construction Court, England and Wales","Isveren'in (ICI) ana sirketinin (AkzoNobel) Proje Yoneticisi'ni FIILEN kendi calisaniyla degistirmesinin, ONCEDEN mutabik kalinan hakedis degerlerini gecersiz kilip kilmayacagi; bunun haksiz fesih (re",Fesih; Odeme Uyusmazligi,Belirsiz/Sadece Claim Asamasi,Davali Lehine,Imperial Chemical Industries Ltd v Merit Merrell Technology Ltd [2018] EWHC 1577 (TCC),Daniel CMS - NEC Case Law derlemesi (danielcms.co.uk) - Ingiliz/Iskoc/Kuzey Irlanda mahkeme karar ozetleri,"Davali (Merit Merrell/Yuklenici) lehine - hakedislerin buyuk cogunlugu onandi, kar kaybi tazminati verildi",,
403,İngiltere/UK,2022,Bina/Konut/Ticari,FIDIC-dışı (NEC2),Cl.90 (adjudikasyon); Cl.93 (tahkim); Option W2,"Technology and Construction Court, England and Wales","Genel/muglak bir 'Memnuniyetsizlik Bildirimi'nin (NoD - tum karara itiraz), adjudikasyon kararinin TENFIZINI (yetkiye dair somut itiraz olmadan) durdurmaya yeterli olup olmadigi",Tenfiz/Icra; DAB/Hakem Prosedur Usulsuzlugu,Tenfiz/Icra (Nihai Asama),Davaci Lehine,Metropolitan Borough Council of Sefton v Allenbuild Ltd [2022] EWHC 1443 (TCC),Daniel CMS - NEC Case Law derlemesi (danielcms.co.uk) - Ingiliz/Iskoc/Kuzey Irlanda mahkeme karar ozetleri,Davaci (Sefton) lehine - ozet yargilama ile tam tutar (2.204.217 GBP + faiz) tenfiz edildi,,
404,İngiltere/UK (İskoçya),2021,Liman/Deniz Altyapisi,FIDIC-dışı (NEC3),Cl.10.1 (karsilikli guven/isbirligi ruhu); Cl.14.3 (is cikarma); Cl.63.2/63.10 (tazminat olayi fiyatlama),"Inner House, Court of Session, Iskocya","Ana yuklenicinin, alt yuklenicinin isini SOZLESME IHLALI yaparak 3. taraflara devretmesinin ardindan, kalan is icin birim fiyati DUSURME hakkinin olup olmadigi - Cl.10.1'in (iyi niyet) bagimsiz hukuki",Alt Yuklenici Statusu,Istinaf/Temyiz/Yuksek Mahkeme,Davaci Lehine,Van Oord UK Ltd v Dragados UK Ltd [2021] CSIH 50,Daniel CMS - NEC Case Law derlemesi (danielcms.co.uk) - Ingiliz/Iskoc/Kuzey Irlanda mahkeme karar ozetleri,"Davaci (Van Oord/Alt Yuklenici) lehine - fiyat indirimi hakki reddedildi, dava esasa (proof) gonderildi",,
405,İngiltere/UK (Kuzey İrlanda),2025,Bina/Konut/Ticari,FIDIC (Kitap Rengi Belirsiz) - 2017 (2. Baskı),Cl.5 (aylik odeme); Cl.13.7/13.11; Cl.50.6 ve Y2.3 (odeme-azaltma bildirimi),"King's Bench Division, Kuzey Irlanda","Bir 'odeme azaltma bildiriminin' (pay less notice) sadece revize tutari belirtmesinin yeterli olup olmadigi, yoksa hesaplama DAYANAGINI da acikca belirtmesi gerekip gerekmedigi; adjudikatorun bu iceri",Odeme Uyusmazligi,Tenfiz/Icra (Nihai Asama),Davaci Lehine,Piperhill Construction Ltd v Northern Ireland Housing Executive [2025] NIKB 47,Daniel CMS - NEC Case Law derlemesi (danielcms.co.uk) - Ingiliz/Iskoc/Kuzey Irlanda mahkeme karar ozetleri,"Davaci (Piperhill/Yuklenici) lehine - tam basvuru tutari (888.275 GBP, KDV+faiz dahil) tenfiz edildi",,
406,İngiltere/UK,2026,Su/Atik Su/Baraj,FIDIC-dışı (NEC3),Cl.50.2 (degerlendirme); Cl.51.1 ('Yuklenici'den Isveren'e odeme'); Option Y(UK)2,"Technology and Construction Court, England and Wales","Proje Yoneticisi'nin NEGATIF bir hakedis sertifikasi duzenlemesinin (Yuklenici'nin Isveren'e BORCLU oldugunu gosteren), Insaat Kanunu anlaminda gecerli bir 'odeme bildirimi' (payment notice) sayilip s",Odeme Uyusmazligi,Tenfiz/Icra (Nihai Asama),Davaci Lehine,United Utilities Water Ltd v Northstone (NI) Ltd [2026] EWHC 1057 (TCC),Daniel CMS - NEC Case Law derlemesi (danielcms.co.uk) - Ingiliz/Iskoc/Kuzey Irlanda mahkeme karar ozetleri,"Davaci (United Utilities) lehine - tenfiz saglandi, ama negatif sertifikanin gecerliligi sorusu ACIK BIRAKILDI (gelecekteki davalar icin onemli bir bo",,
407,ABD,2023,Bina/Konut/Ticari,FIDIC-dışı (isimlendirilmiş standart),AIA A201 Tahkim Sarti kapsami,"3. Daire Federal Istinaf Mahkemesi (US Court of Appeals, 3rd Circuit)","Insaat SIRASINDA cikan uyusmazliklarla, insaat TAMAMLANDIKTAN SONRA ortaya cikan kusur/ayip uyusmazliklarinin AIA A201 tahkim sartinin kapsamina girip girmedigi",Kalite/Kusur,Istinaf/Temyiz/Yuksek Mahkeme,Davaci Lehine,"Blackman & Co., Inc. v. GE Business Financial Services, Inc. and Riverwinds Urban Renewal, LLC",Cobb Law Group - dava ozeti,"Davaci (Blackman) lehine - tahkim talebi reddedildi, dava mahkemede devam edebilecek",,
408,ABD,2024,Belirsiz/Veri Yetersiz,FIDIC-dışı (isimlendirilmiş standart),Degisiklik Emri Onay Kurulu (DCCB) yazili onay sarti; feragat (waiver) doktrini; iyi niyet ve durust ticaret yukumlulugu,"ABD Colorado Federal Bolge Mahkemesi (D. Colo., Case No. 19-cv-2811)","Devlet yolu (CDOT) genisletme projesinde, tasarim alt-yuklenicisinin (ATS/AECOM) 'Potansiyel Degisiklik Emirleri'nin (PCO) yazili onay kurulundan (DCCB) gecmemis olmasi nedeniyle odeme talebinin GECER",Gecikme/EOT; Degisiklik/Change Order; Odeme Uyusmazligi,Ilk Derece Devlet Mahkemesi,Davaci Lehine,"AECOM Technical Services, Inc. v. Flatiron - AECOM, LLC (C-470 Express Lanes davasi)",ENR / Bradley Arant Boult Cummings - dava ozeti,"Davaci (AECOM/ATS) lehine - 5,26 milyon USD hükmedildi, JV'nin karsi davasi (250M+ USD) tamamen reddedildi; ayrica 14,2 milyon USD dava masrafi da JV'",14200000,10
409,ABD,2024,Kopru/Tunel,BELİRSİZ (Sınıflandırılamadı),'Gecikme icin Tazminat Yok' (No Damages for Delay) maddesi,"2. Daire Federal Istinaf Mahkemesi (US Court of Appeals, 2nd Circuit)",'Gecikme icin Tazminat Yok' (No Damages for Delay - NDD) maddesinin gecerliligi ve istisnalari,Gecikme/EOT,Istinaf/Temyiz/Yuksek Mahkeme,Davali Lehine,"NASDI, LLC v. Skanska Koch Inc. Kiewit Infrastructure Co. (JV) (Bayonne Koprusu davasi)",Bradley Arant Boult Cummings / National Law Review - dava ozeti,"Davali (JV/Ana Yuklenici) lehine - NDD maddesi uygulandi, alt yuklenicinin tum talepleri (7,5M USD) reddedildi",7500000,7
410,Hong Kong,2020,Bina/Konut/Ticari,Gümüş Kitap - 2017 (2. Baskı),Bildirim on-sartlari (notice as condition precedent); sozlesmesel dayanagin bildirimde acikca belirtilmesi zorunlulugu,"Hong Kong Istinaf Mahkemesi (Court of Appeal) - [2020] HKCA 830; ayrica [2018] HKCFI 1057, [2019] HKCFI 916/1006, [2020] HKCA 158/768, [2021] HKCA 653/1420","MTR Express Rail Link projesinde, alt-yuklenicinin (Bauer) once bir sozlesme maddesine (Cl.21.1.6 - varyasyon) dayanarak bildirim yaptiktan sonra, tahkimde FARKLI bir sozlesme maddesine (Cl.21.1.1 - '",Zemin Kosullari,Istinaf/Temyiz/Yuksek Mahkeme,Davali Lehine,Maeda Kensetsu Kogyo Kabushiki Kaisha (Maeda Corporation) and China State Construction Engineering (HK) Ltd v Bauer Hong Kong Ltd,Cocking & Co (Hong Kong insaat hukuku butrosu) - dava ozeti,"Davali (Ana Yuklenici JV) lehine - CFI karari onandi, Bauer'in talebi bildirim eksikligi nedeniyle REDDEDILDI (dava Temyiz Mahkemesi'nden sonra Nihai ",,
411,Polonya,2011,Belirsiz/Veri Yetersiz,Kırmızı Kitap - 1999 (1. Baskı),Subklauzul 12.3 (Wycena/Degerlendirme); Subklauzul 13.5 (Kwoty Warunkowe/Sarti Miktarlar-Provisional Sums); Subklauzul 14.1 (Sozlesme Fiyati),Krajowa Izba Odwoławcza (Polonya Ulusal Itiraz Kurulu / Kamu Ihaleleri Ofisi),"Ihaleye katilan bir yuklenicinin doldurdugu 'Is Kalemi Listesi'nde (Przedmiar Robot) bazi kalemleri (kuyu, boru, beton vb.) atlamasinin, Idare'nin bunu 'diger hata' (art. 87.2.3 Kamu Ihale Kanunu) ola",Ihale Sureci,Belirsiz/Sadece Claim Asamasi,Davali Lehine,KIO 689/11 - PKP Polskie Linie Kolejowe S.A. ihalesi itirazi (Ciechanow demiryolu koprusu projesi),orzeczenia.uzp.gov.pl / arbitraz-sidir.pl (Polonya Kamu Ihale Ofisi resmi karar arsivi),"Davali (Idare/Kazanan Yuklenici) lehine - itiraz reddedildi, ihale sonucu onandi",,
412,Singapur,2025,Fosil Yakit/Petrol-Gaz,"FIDIC-benzeri (bespoke, tam FIDIC değil)",Adil yargilanma ilkesi (fair hearing rule); UNCITRAL Model Kanun m.34(4) (heyete geri gonderme/remission),Singapur Istinaf Mahkemesi (Court of Appeal); ilk derece [2024] SGHC (High Court),"Vietnam'daki bir termik santral EPC projesinde, Yuklenici'nin (Power Machines) ABD yaptirimlarina dayanarak once 'force majeure' (Birinci Bildirim) sonra 'uzun sureli odemesizlik' (Ikinci Bildirim) ge",Fesih; Force Majeure,Istinaf/Temyiz/Yuksek Mahkeme,Davaci Lehine,"Vietnam Oil and Gas Group v Joint Stock Company (Power Machines - ZTL, LMZ, Electrosila Energomachexport) and another appeal [2025] SGCA 50",Clyde & Co - dava ozeti (Ocak 2026),"Davaci (PVN/Isveren) lehine - SIAC karari (300 milyon USD) TAMAMEN IPTAL EDILDI, heyete geri gonderme REDDEDILDI (nadir gorulen, agir sonuclu bir ipta",300000000,11
413,Malezya,2019,Kopru/Tunel,FIDIC-dışı (isimlendirilmiş standart),CIPAA (Construction Industry Payment and Adjudication Act 2012) m.35 (pay-when-paid maddelerinin butlani); geriye donuk uygulanabilirlik,Malezya Federal Mahkemesi (en yuksek temyiz mercii),CIPAA'nin (Malezya'nin AIAC tarafindan yonetilen yasal adjudikasyon rejimi) 15 Nisan 2014'ten ONCE imzalanan sozlesmelere GERIYE DONUK uygulanip uygulanamayacagi,Odeme Uyusmazligi,Istinaf/Temyiz/Yuksek Mahkeme,Davali Lehine,Jack-In-Pile (M) Sdn Bhd v Bauer (Malaysia) Sdn Bhd [Federal Court Civil Appeal No. 02(f)-58-07/2018(B)],Donovan & Ho (Malezya hukuk burosu) - dava ozeti,"Davali (Bauer/Ana Yuklenici) lehine - adjudikasyon karari TAMAMEN IPTAL EDILDI, 'pay-when-paid' maddesi GECERLI kabul edildi",,3
414,Malezya,2023,Belirsiz/Veri Yetersiz,BELİRSİZ (Sınıflandırılamadı),CIPAA 2012 m.15(b) (dogal adalet ilkesinin ihlali - denial of natural justice),Malezya Yuksek Mahkemesi (High Court of Malaya),"Adjudikatorun, bir tarafin (Yuklenici) sunmus oldugu kapsamli bir bilirkisi raporuna (gecikme analizi) dayanarak karar vermesinin, KARSI TARAFA (Isveren) bu rapora YORUM YAPMA FIRSATI TANIMADAN yapilm",Gecikme/EOT,Tenfiz/Icra (Nihai Asama),Davali Lehine,Ssangyong Engineering & Construction Co Ltd v Oxley Rising Sdn Bhd and Another [2023] MLJU 404,RDS Law Partners (Malezya hukuk burosu) - dava ozeti,"Davali (Oxley Rising/Isveren) lehine - adjudikasyon karari IPTAL EDILDI, Yuklenici'nin tenfiz talebi REDDEDILDI",,
415,Hırvatistan,2022,Belirsiz/Veri Yetersiz,Kırmızı Kitap - 1999 (1. Baskı),Cl.8.2 (Tamamlanma Suresi); Cl.8.7 (Gecikme Cezasi); Cl.9.6/10.1 (Devir Alma Sertifikasi); Cl.20.1,Zagreb Ticaret Mahkemesi + Yuksek Ticaret Mahkemesi (Hirvatistan),144 gunluk gecikme tespiti - VRS/DAB'in ve FIDIC Muhendisi'nin gorusune ragmen mahkemenin bagimsiz bilirkisi incelemesiyle FARKLI bir gecikme suresi tespit etmesi; 'Devir Alma Sertifikasi' tarihinin m,Gecikme/EOT; Degisiklik/Change Order,Istinaf/Temyiz/Yuksek Mahkeme,Davaci Lehine,"Trgovacki sud u Zagrebu, br. 74. P-384/2021 (21.11.2022) + Visoki trgovacki sud istinaf onayi","Maja Mance, 'Primjena FIDIC ugovora u praksi' (Zagreb Univ. Hukuk Fak. tezi, 2024) - repozitorij.pravo.unizg.hr uzerinden gercek dava numaralariyla analiz","Davaci (Isveren) lehine - 144 gunluk gecikme cezasi (kabul edilebilir sozlesme fiyatinin gunluk %0,05'i, maksimum %10) onandi",,1
416,Hırvatistan,2018,Belirsiz/Veri Yetersiz,Kırmızı Kitap - Baskı Belirsiz,Anayasa m.29/1 (adil yargilanma hakki); Tahkim Kanunu m.36 (hakem karari iptal davasi kapsam),Hirvatistan Anayasa Mahkemesi,"VRS/DAB surecinin atlanip dogrudan tahkime basvurulmasi nedeniyle davanin 'Zakljucak' (usul kararı) ile reddedilmesinin, bu kararin İPTAL DAVASINA konu olup olamayacagi - sadece 'Pravorijek' (esasa il",Hakem Karari Iptali; Usuli Ihlal (Adil Yargilanma),Hakem Karari Iptal Davasi/Mahkeme Denetimi,Davali Lehine,"Ustavni sud Republike Hrvatske, U-III/790/2018 (20.6.2018)","Maja Mance, 'Primjena FIDIC ugovora u praksi' (Zagreb Univ. Hukuk Fak. tezi, 2024) - repozitorij.pravo.unizg.hr uzerinden gercek dava numaralariyla analiz","Davali (Tahkim Kurumu yorumu) lehine - anayasa sikayeti reddedildi, cok-katmanli uyusmazlik cozum klozlerinin (VRS on-sarti) sikica uygulanmasi teyit ",,
417,Hırvatistan,2019,Demiryolu/Metro,Kırmızı Kitap - 1999 (1. Baskı),Cl.4.4/4.6 (Alt Yukleniciler); demiryolu insaati konsorsiyum sozlesmesi,Hirvatistan Yuksek Ticaret Mahkemesi,"Bir demiryolu hatti insaatinda, konsorsiyum uyesi Yuklenici'nin, alt yuklenicisiyle olan sozlesmesini Isveren'in ONAYINI ALMADAN feshetmesinin, konsorsiyum anlasmasindaki 'once onay al' yukumluluguna ",Gecikme/EOT; Fesih,Istinaf/Temyiz/Yuksek Mahkeme,Davali Lehine,"Visoki trgovacki sud Republike Hrvatske, 73. Pz-5477/2019-3 (19.7.2019) - Trgovacki sud Zagreb P-1671/2018-29 istinaf onayi","Maja Mance, 'Primjena FIDIC ugovora u praksi' (Zagreb Univ. Hukuk Fak. tezi, 2024) - repozitorij.pravo.unizg.hr uzerinden gercek dava numaralariyla analiz","Davali (Yuklenici) lehine - istinaf reddedildi, feshin gecerliligi onandi",,
418,Hırvatistan,2022,Su/Atik Su/Baraj,Kırmızı Kitap - Baskı Belirsiz,Kamu Ihale Kanunu m.69/71/72/134 (orantililik ve ayrimcilik yasagi ilkeleri),Hirvatistan Osijek Idare Mahkemesi,"Bir su-atik su altyapisi 'Muhendis Kontrolu' hizmet ihalesinde, 'Takim Lideri/Bas Denetci Muhendis' pozisyonu icin 'en az BIR FIDIC projesinde deneyim' sartinin, ORANTISIZ/AYRIMCI bir kisitlama olup o",Ihale Sureci,Belirsiz/Sadece Claim Asamasi,Davali Lehine,"Upravni sud u Osijeku, Us I-598/2021-29 (13.4.2022)","Maja Mance, 'Primjena FIDIC ugovora u praksi' (Zagreb Univ. Hukuk Fak. tezi, 2024) - repozitorij.pravo.unizg.hr uzerinden gercek dava numaralariyla analiz","Davali (Denetim Kurumu/mali duzeltme) lehine - Idare'nin davasi reddedildi, mali duzeltme (%5) onandi",,
419,Hırvatistan,2023,Belirsiz/Veri Yetersiz,Kırmızı Kitap - Baskı Belirsiz,Kamu Ihale Kanunu m.69/256 (orantililik ve rekabetin korunmasi ilkeleri),Hirvatistan Split Idare Mahkemesi,"Bir insaat denetim ihalesinde, 'Takim Lideri' icin 'en az UC FIDIC modelinde sozlesmeli projede' deneyim sartinin asiri/orantisiz bir kisitlama olup olmadigi (Osijek davasindaki tek-proje sartindan da",Ihale Sureci,Belirsiz/Sadece Claim Asamasi,Davali Lehine,"Upravni sud u Splitu, Us I-3488/21 (8.2.2023)","Maja Mance, 'Primjena FIDIC ugovora u praksi' (Zagreb Univ. Hukuk Fak. tezi, 2024) - repozitorij.pravo.unizg.hr uzerinden gercek dava numaralariyla analiz",Davali (Denetim Kurumu) lehine - Idare'nin davasi reddedildi,,
420,Bulgaristan,2022,Sanayi Tesisi/Fabrika,Sarı Kitap - 1999 (1. Baskı),Sub-Cl.3.1/3.3/3.5 (Muhendis rolu); Sub-Cl.5.1/5.2/5.4 (Tasarim); Sub-Cl.8.4/20.1 (Sure Uzatimi Talebi); Sub-Cl.14.3/14.6/14.7 (Ara Hakedis); Sub-Cl.15.2 (Fesih),"Bulgaristan - Sofya Sehir Mahkemesi, Ticaret Dairesi","~6 milyon EURO'luk bir fabrika (laminat tabak/plastik kap uretim tesisi) projesinde, Yuklenici'nin bes ayri Ara Hakedis Sertifikasi'ndaki (~957.000 EURO) odenmeyen tutarlarin, Isveren'in feshi ONCESIN",Gecikme/EOT; Fesih; Kalite/Kusur; Odeme Uyusmazligi,Istinaf/Temyiz/Yuksek Mahkeme,Belirsiz/Detay Sinirli,"Sofiyski Gradski Sad (Sofya Sehir Mahkemesi), Ticaret Davasi No.1950/2018 (18 Temmuz 2022)","dela.bg (Bulgaristan mahkeme karari arsivi - ucretsiz, tam metin)","Belirsiz/Karma - kararin tam metni (temyiz asamasi dahil) kaynakta eksik, ancak dava dosyasi FIDIC Sub-Cl.20.1/8.4/14.3 uygulamasina iliskin cok zengi",6000000,
421,BAE (Dubai/DIFC),2023,Bina/Konut/Ticari,Kırmızı Kitap - 1999 (1. Baskı),Sub-Cl.20.1 (28 gunluk bildirim on-sarti + 42 gunluk detay bildirimi); Sub-Cl.3.5 (Muhendis Karari + 14 gunluk itiraz suresi); DIFC Sozlesme Kanunu m.57/58 (iyi niyet) ve m.86 (esasli ihlal/fesih); m.122 (asiri cezai sart indirimi),Dubai Uluslararasi Finans Merkezi (DIFC) Mahkemeleri - Teknoloji ve Insaat Dairesi (TCD) + Istinaf Mahkemesi,"Dubai'de 16 katli bir konut binasi projesinde (16 ay sozlesme suresi, 325 gun gecikme), Yuklenici'nin ONCEDEN Isveren'in kendisinin (306/325 gun) SORUMLU OLDUGU tespit edilmesine RAGMEN, bildirim on-s",Gecikme/EOT,Istinaf/Temyiz/Yuksek Mahkeme,Davaci Lehine,Panther Real Estate Development LLC v Modern Executive Systems Contracting LLC - CFI [2019] DIFC TCD-003 (26 Eylul 2022) + CA [2022] DIFC CA-016 (12 Mayis 2023),DIFC Courts (resmi karar metni) + Hogan Lovells / 39 Essex Chambers dava ozetleri,"Davaci (Isveren/Panther) lehine - TAM cezai sart (AED 42.500/gun, sozlesme bedelinin %10'una kadar) hukmedildi, Yuklenici'nin EOT/uzama maliyeti taleb",,
422,Singapur,2015,Fosil Yakit/Petrol-Gaz,Kırmızı Kitap - 1999 (1. Baskı),Sub-Cl.20.4 (DAB'in baglayici ama nihai olmayan karari); Sub-Cl.20.6 (tahkim); Sub-Cl.20.7 (nihai VE baglayici karara uyulmamasi),"Singapur Yuksek Mahkemesi + Istinaf Mahkemesi (proje Endonezya'da, tahkim yeri Singapur)","DUNYANIN EN ONEMLI FIDIC DAB davasi: Yuklenici CRW'nin, dogal gaz boru hatti projesinde ISVEREN'E (PGN) sundugu 13 AYRI VARYASYON EMRI TEKLIFININ (Variation Order Proposals - VOP) DEGERLEMESI konusund",Degisiklik/Change Order,Tenfiz/Icra (Nihai Asama),Davaci Lehine,PT Perusahaan Gas Negara (Persero) TBK v CRW Joint Operation - 'Persero I' [2010] SGHC 202 + [2011] SGCA 33 ve 'Persero II' [2014] SGHC 146 + [2015] SGCA 30,"FIDIC.org (Seppala makalesi, Construction Law Journal 2015) + jusmundi.com","Davaci (Yuklenici/CRW) lehine (Persero II, nihai) - DAB kararinin DOGRUDAN, ayrica DAB'a veya dostane cozume geri donmeden tahkim edilebilecegine kara",17000000,6
423,Filipinler,2009,Demiryolu/Metro,Gümüş Kitap - Baskı Belirsiz,Cl.20.4 (DAB'e onceden basvuru on-sarti); Yurutme Emri No.1008 (CIAC - Insaat Sanayi Tahkim Komisyonu'nun yasal yetkisi),Filipinler Yuksek Mahkemesi (Uçuncu Daire),"South Metro Manila Skyway Projesi'nde (369,5 milyon USD), sozlesmede DAB'e ONCEDEN basvuru sarti bulunmasina RAGMEN, CIAC'nin (Filipinler'in yasal insaat tahkim kurumu) bu on-sart yerine getirilmeden ",Gecikme/EOT,Istinaf/Temyiz/Yuksek Mahkeme,Davaci Lehine,"Hutama-RSEA Joint Operations, Inc. v Citra Metro Manila Tollways Corporation, G.R. No. 180640 (Filipinler Yuksek Mahkemesi, 24 Nisan 2009)","Philippine Supreme Court E-Library (elibrary.judiciary.gov.ph) / lawphil.net (resmi, ucretsiz arsiv)","Davaci (Alt Yuklenici/Hutama-RSEA) lehine - Istinaf Mahkemesi karari BOZULDU, dava CIAC'ye GERI GONDERILDI (DAB on-sartina ragmen CIAC yetkisi onaylan",369500000,13
424,Litvanya,2020,Demiryolu/Metro,FIDIC (Kitap Rengi Belirsiz),Sub-Cl.20.1 (Yuklenici Talebi - bildirim on-sarti); Kamu Ihale Kanunu (VPI) sozlesme uygulama kurallari,"Litvanya Yuksek Mahkemesi (Lietuvos Aukscausiasis Teismas, LAT)","Bir demiryolu hatti insaati kamu ihalesi sozlesmesinde, sozlesme Sub-Cl.20.1'e gore bildirim on-sartina UYULMAMASININ, Yuklenici'nin ek is bedeli talep etme hakkini KAYBETMESINE yol acip acmadigi; 'ek",Degisiklik/Change Order; Odeme Uyusmazligi; Ihale Sureci,Istinaf/Temyiz/Yuksek Mahkeme,Karma/Kismi,"Lietuvos Aukscausiasis Teismas (Litvanya Yuksek Mahkemesi), Medeni Dava No.3K-3-360-916/2020 (30 Aralik 2020)","Lietuvos Aukscausiasis Teismas (lat.lt) - resmi, ucretsiz karar arsivi","Kismen Kabul (Karma) - bazi 'ek is' kalemleri icin odeme onandi (Isveren'in geç onayina dayanarak), bazi kalemler icin (jeolojik risk Yuklenici'de old",,
425,Almanya,2019,Belirsiz/Veri Yetersiz,FIDIC-dışı (isimlendirilmiş standart),VOB/B Par.2 Abs.3 Nr.2 (Miktar Artisi/Fiyat Yeniden Belirleme),"Almanya Federal Mahkemesi (BGH), VII. Insaat Hukuku Dairesi","TARIHI KARAR: Sozlesme bedelinin %10'unu asan MIKTAR ARTISLARINDA yeni birim fiyatin nasil hesaplanacagi - onceki 'iyi fiyat iyi kalir, kotu fiyat kotu kalir' (guter Preis bleibt guter Preis) ilkesini",Degisiklik/Change Order; Fiyat Ayarlama Formulu (Escalation),Belirsiz/Sadece Claim Asamasi,Davaci Lehine,"Bundesgerichtshof (Alman Federal Mahkemesi), Urteil vom 08.08.2019 - VII ZR 34/18",BGH resmi karar arsivi (bundesgerichtshof.de) + arge-baurecht.com,"Davaci (Yuklenici) lehine - yeni fiyatlandirma yontemi (gercek maliyet+makul kar) benimsendi, tum Alman insaat sektorunu etkileyen bir emsal karar",,
426,Almanya,2019,Belirsiz/Veri Yetersiz,FIDIC-dışı (isimlendirilmiş standart),VOB/B Par.1 Abs.3/4 (Degisiklik Talimati); Par.2 (Nachtrag/Ek Is Bedeli),"Almanya Federal Mahkemesi (BGH), VII. Insaat Hukuku Dairesi","Isveren'in YAZILI bir degisiklik talimati VERMEDEN, ORTUK (konkludent) davranisla is degisikligi talep etmesi halinde, Yuklenici'nin ek is bedeli (Nachtragsverguetung) talep edip edemeyecegi",Degisiklik/Change Order; Odeme Uyusmazligi,Belirsiz/Sadece Claim Asamasi,Davaci Lehine,"Bundesgerichtshof (Alman Federal Mahkemesi), Urteil vom 21.08.2019 - VII ZR 121/17",kanzlei-herfurtner.de - dava ozeti,Davaci (Yuklenici) lehine - yazili talimat olmasa da ek is bedeli talebi KABUL EDILEBILIR bulundu,,
427,Almanya,2022,Belirsiz/Veri Yetersiz,FIDIC-dışı (isimlendirilmiş standart),BGB Par.650f (Insaatci Teminati - Bauhandwerkersicherheit); VOB/B ek is bedeli,"Almanya Federal Mahkemesi (BGH), VII. Insaat Hukuku Dairesi","Yuklenici'nin, HENUZ TUTARI UZERINDE MUTABIK KALINMAMIS (tartismali) bir EK IS BEDELI icin de Isveren'den TEMINAT (guvence) talep edip edemeyecegi",Degisiklik/Change Order,Belirsiz/Sadece Claim Asamasi,Davaci Lehine,"Bundesgerichtshof (Alman Federal Mahkemesi), Urteil vom 20.10.2022 - VII ZR 154/21",bmv-rechtsanwaelte.de - dava ozeti,Davaci (Yuklenici) lehine - tartismali ek is bedeli icin de teminat hakki ONANDI,,
428,Avusturya,2023,Belirsiz/Veri Yetersiz,FIDIC-dışı (isimlendirilmiş standart),ONORM B2110 md.12.3.1 (hafif ihmalde sorumluluk sinirlamasi) vs ABGB (Avusturya Medeni Kanunu) genel sorumluluk rejimi,Avusturya Yuksek Mahkemesi (OGH),"Sozlesmede 'ilgili O-Normlarin uygulanacagi' seklindeki GENEL bir atfin, ONORM B2110'un (Yuklenici lehine, ABGB'den daha HAFIF olan) sorumluluk sinirlamasi hukmunu GECERLI KILMAYA YETERLI olup olmadig",Muhendis/Mimar Karari - Clause 67 Usulu,Istinaf/Temyiz/Yuksek Mahkeme,Davaci Lehine,"Oberster Gerichtshof (Avusturya Yuksek Mahkemesi, OGH), 19.10.2023 - 5 Ob 70/23i",mslegal.at - dava ozeti,"Davaci (Insaat Sahibi) lehine - genel atif yetersiz bulundu, ABGB'nin daha agir sorumluluk rejimi UYGULANDI (ONORM B2110'un sorumluluk sinirlamasi dev",,
429,Pakistan,2005,Karayolu/Otoyol,Kırmızı Kitap - 4. Baskı (1987),Cl.67.1 (Muhendis'e Basvuru + Tahkim On-sarti); Turkiye-Pakistan YKAS (BIT) m.VII (Bildirim/Muzakere Sarti),ICSID (Dunya Bankasi Yatirim Uyusmazliklari Merkezi),"Pakistan'da M1 Otoyolu (Islamabad-Peshawar) projesinde, Turk yuklenicinin sozlesme feshi ve 'kamulastirma' iddiasinin, SOZLESME ihlali (Contract Claim) mi yoksa YATIRIM ANLASMASI ihlali (Treaty Claim)",Devletlestirme/Kamulastirma,Ilk Derece Tahkim (ICC/ICSID/LCIA/vb),Davaci Lehine,"Bayindir Insaat Turizm Ticaret ve Sanayi A.S. v Islamic Republic of Pakistan, ICSID Case No.ARB/03/29 (Karar: Yetki, 14 Kasim 2005)","italaw.com (ucretsiz, tam metin ICSID karar arsivi)","Davaci (Bayindir/Turk Yuklenici) lehine (yetki asamasinda) - ICSID heyeti yetkisini KABUL ETTI, dava ESASA gecti (nihai kararda Bayindir'in bazi talep",,12
430,Kuzey Makedonya,2022,Fosil Yakit/Petrol-Gaz,Gümüş Kitap - 1999 (1. Baskı),"Sub-Cl.20.6 (Tahkim - Londra merkezli, Ingiliz hukuku); Turkiye-Makedonya YKAS (BIT)",ICC Uluslararasi Tahkim Mahkemesi (yatirim anlasmasi tahkimi),"Makedonya'da bir 220MW'lik kombine cevrim enerji santralinin (CCPP Skopje, 135,8 milyon EUR) insaatindan dogan bir UZLASMA SOZLESMESI alacaginin (5 milyon EUR), Makedon mahkemelerinin SOZLESMEDEKI ACI",Devletlestirme/Kamulastirma,Istinaf/Temyiz/Yuksek Mahkeme,Belirsiz/Detay Sinirli,"GAMA Guc Sistemleri Muhendislik ve Taahhut A.S. v Republic of North Macedonia, ICC Arbitration No.26696/HBH (Talep Dilekcesi, 2 Aralik 2022)","italaw.com (ucretsiz, tam metin - Talep Dilekcesi)","Belirsiz/Devam Ediyor - dava hala ICC tahkiminde gorulmekte, nihai karar henuz verilmedi",135800000,16
431,Kanada,2024,Hastane/Saglik,FIDIC-dışı (isimlendirilmiş standart),CCDC Degisiklik Emri (Change Order) hukumleri; 'yazili olmayan feragat/rizayet gecersizdir' klozu,"Kanada - Manitoba Istinaf Mahkemesi + Kanada Yuksek Mahkemesi (SCC, temyiz izni reddi)","Bir kat mulkiyeti binasinin dis cephe iyilestirme projesinde, Isveren'in (WCC) degisiklik emirlerini YAZILI OLARAK IMZALAMAMASININ, 'ek is' (extras) taleplerine RIZA GOSTERDIGI (acquiescence) ANLAMINA",Degisiklik/Change Order; Odeme Uyusmazligi,Istinaf/Temyiz/Yuksek Mahkeme,Davaci Lehine,"Winnipeg Condominium Corporation No.40 v Marrbeck Construction Ltd. and Transcona Roofing Ltd., 2024 MBCA 83 (Manitoba Istinaf Mahkemesi, 25 Ekim 2024) - SCC temyiz izni REDDEDILDI (Mayis 2025)","Kanada Yuksek Mahkemesi (scc-csc.ca) resmi dava dosyasi + CanLII (canlii.org, ucretsiz)","Davaci (Yuklenici Marrbeck) lehine - ilk derece mahkemesinin 1.497.929,01 CAD'lik hukmu byuk olcude ONANDI (tazminat kismen 1.052.053,42 CAD'e indiril",,2
432,Kanada,2020,Belirsiz/Veri Yetersiz,FIDIC-dışı (isimlendirilmiş standart),'Iflas Halinde Kesinti Karsiti Kural' (Anti-Deprivation Rule); sozlesmedeki '%10 kesinti cezasi (iflas halinde)' klozu,"Kanada Yuksek Mahkemesi (Supreme Court of Canada, SCC)","Bir alt yuklenicinin (Capital Steel) IFLAS ETMESI durumunda, ana sozlesmedeki 'iflas halinde sozlesme bedelinin %10'unun ANA YUKLENICIYE (Chandos) odenecegi' seklindeki klozun, Kanada'nin 'iflas halin",Odeme Uyusmazligi,Istinaf/Temyiz/Yuksek Mahkeme,Davaci Lehine,"Chandos Construction Ltd. v Deloitte Restructuring Inc. (Capital Steel Inc. iflas idaresi), 2020 SCC 25 (Kanada Yuksek Mahkemesi, 2 Ekim 2020)","CanLII (canlii.org, ucretsiz) + Norton Rose Fulbright dava ozeti","Davaci (Iflas idaresi/alacaklilar) lehine - %10 kesinti klozu GECERSIZ sayildi, tam sozlesme bedelinin iflas kutlesine odenmesi gerektigine karar veri",,
433,Kanada,1981,Bina/Konut/Ticari,FIDIC-dışı (genel kamu ihalesi),'Sozlesme A / Sozlesme B' Doktrini (Contract A/Contract B) - Kanada ihale hukukunun temeli,"Kanada Yuksek Mahkemesi (Supreme Court of Canada, SCC)","Bir yuklenicinin ihaleye teklif verirken YANLISLIKLA (hesaplama hatasi) dusuk fiyat vermesi ve bunu fark edip TEKLIFINI GERI CEKMEYE calismasi durumunda, teklif teminatinin (bid bond/deposit) IADE EDI",Ihale Sureci,Istinaf/Temyiz/Yuksek Mahkeme,Davaci Lehine,"The Queen (Ontario) v Ron Engineering & Construction (Eastern) Ltd., [1981] 1 SCR 111 (Kanada Yuksek Mahkemesi, 27 Ocak 1981) - TEMEL EMSAL","CanLII (canlii.org, ucretsiz) + Wikipedia (Kanada hukuku ozeti)","Davaci (Isveren) lehine - teklif teminati IADE EDILMEDI; 'Sozlesme A/Sozlesme B' doktrini Kanada insaat/ihale hukukunun TEMEL TASI haline geldi, 40+ y",,
434,Güney Afrika,2012,Karayolu/Otoyol,Kırmızı Kitap - 1999 (1. Baskı),Sub-Cl.20.4 (DAB Karari - baglayici ama nihai olmayan); Sub-Cl.20.6 (Tahkim),Guney Afrika - Gauteng Yuksek Mahkemesi (Johannesburg),"Gautrain hizli tren hatti projesinde (kazik/yanal destek isleri), Isveren'in memnuniyetsizlik bildirimi (NOD) vermesine RAGMEN, DAB kararina uyulmasinin (odeme yapilmasinin) GEREKIP GEREKMEDIGI",Degisiklik/Change Order; Odeme Uyusmazligi,Istinaf/Temyiz/Yuksek Mahkeme,Davaci Lehine,"Esor Africa (Pty) Ltd / Franki Africa (Pty) Ltd JV v Bombela Civils JV (Pty) Ltd, [2012] ZAGPJHC 54 (11 Nisan 2012)","dr-hoek.com (akademik derleme, ucretsiz) + SAFLII/orijinal karar arsivleri","Davaci (Yuklenici) lehine - ozel performans emri verildi, Isveren'in odemeyi ERTELEMESI mumkun degil",,
435,Güney Afrika,2020,Kopru/Tunel,Kırmızı Kitap - 1999 (1. Baskı),Sub-Cl.4.2 (Performans Teminati); Sub-Cl.19.6 (Force Majeure); Sub-Cl.15.2 (Isveren Feshi),"Guney Afrika Yuksek Istinaf Mahkemesi (Supreme Court of Appeal, SCA)","Mtentu Nehri Koprusu projesinde (N2 Wild Coast yolu), toplumsal kargasa/isyan nedeniyle isin durmasinin 'force majeure' sayilip sayilmayacagi ve bunun Isveren'in PERFORMANS TEMINATINI (guvence) TAHSIL",Degisiklik/Change Order; Fesih; Force Majeure,Istinaf/Temyiz/Yuksek Mahkeme,Davali Lehine,"Joint Venture between Aveng (Africa) (Pty) Ltd and Strabag International GmbH v South African National Roads Agency SOC Ltd, [2020] ZASCA 146 (13 Kasim 2020)","dr-hoek.com (akademik derleme, ucretsiz) + SAFLII/orijinal karar arsivleri","Davali (Isveren SANRAL) lehine - teminat tahsilini durduran ihtiyati tedbir REDDEDILDI, Isveren teminati tahsil edebilir",,
437,Kenya,2013,Belirsiz/Veri Yetersiz,Kırmızı Kitap - 4. Baskı (1987),Clause 67 (coklu-katmanli uyusmazlik cozumu - Muhendis -> dostane cozum -> DAB -> tahkim),Kenya Yuksek Mahkemesi (Nairobi),"Bir yuklenicinin, FIDIC'in coklu-katmanli uyusmazlik cozum mekanizmasini (once Muhendis, sonra DAB, en son tahkim) ATLAYARAK DOGRUDAN MAHKEMEYE basvurmasinin ERKEN (premature) olup olmadigi",Muhendis/Mimar Karari - Clause 67 Usulu,Istinaf/Temyiz/Yuksek Mahkeme,Davali Lehine,"Midroc Water Drilling Co Ltd v Cabinet Secretary, Ministry of Environment, Water & Natural Resources & 2 Others, [2013] eKLR (17 Aralik 2013)","dr-hoek.com (akademik derleme, ucretsiz) + SAFLII/orijinal karar arsivleri","Davali (Hukumet) lehine - dava DURDURULDU, taraflarin FIDIC mekanizmasini tuketmesi EMREDILDI",,
438,Namibya,2016,Karayolu/Otoyol,Kırmızı Kitap - Baskı Belirsiz,DAB yargi yetkisi; DAB'in ARA (interim) karar verme yetkisi,"Namibya Yuksek Mahkemesi (Ana Bolum, Windhoek)","Bir yol projesinde, DAB'in kendi yargi yetkisi konusunda bir ARA KARAR vermesinin ardindan, Isveren'in bu ara karari DOGRUDAN TAHKIME GONDERMEYE calismasinin, DAB surecinin DEVAM ETMESINI ENGELLEYIP E",Gecikme/EOT; Degisiklik/Change Order,Istinaf/Temyiz/Yuksek Mahkeme,Davali Lehine,"Roads Authority v Kuchling, (A 188/2015) [2016] NAHCMD 32 (22 Subat 2016)","dr-hoek.com (akademik derleme, ucretsiz) + SAFLII/orijinal karar arsivleri","Davali (Yuklenici) lehine - Isveren'in DAB surecini durdurma talebi REDDEDILDI, DAB sureci DEVAM ETTI",,
439,İsviçre,2014,Karayolu/Otoyol,BELİRSİZ (Sınıflandırılamadı),DAB'in ZORUNLULUGU; Dispute Adjudication Agreement (DAA) IMZALANMAMASININ etkisi,Isvicre Federal Mahkemesi (Bundesgericht/Tribunal federal),"15 ay suren basarisiz gorusmeler sonrasi, DAA (Uyusmazlik Degerlendirme Anlasmasi) HENUZ IMZALANMAMISKEN, sabirsizlanan Yuklenici'nin DOGRUDAN TAHKIME basvurmasinin GECERLI olup olmadigi; bunun ICIN I",DAB/Hakem Prosedur Usulsuzlugu; Arabuluculuk/Dostane Cozum,Ilk Derece Tahkim (ICC/ICSID/LCIA/vb),Davaci Lehine,"Isveren'in (Contractor) FIDIC DAB Klozunun Gecerliligi Davasi, Isvicre Federal Mahkemesi (Bundesgericht), 4A_124/2014 (7 Temmuz 2014)","dr-hoek.com (akademik derleme, ucretsiz) + SAFLII/orijinal karar arsivleri",Davaci (Yuklenici) lehine - tahkim heyetinin yetkisi ONANDI (Isvicre'nin genelde KATI DAB SARTI yorumuna bir ISTISNA),,
443,İngiltere/UK,2014,Kopru/Tunel,Sarı Kitap - 1999 (1. Baskı),Sub-Cl.20.1 (Bildirim On-sarti); Cl.15 (Isveren Feshi),Ingiltere Teknoloji ve Insaat Mahkemesi (TCC) + Istinaf [2015] EWCA Civ 712,"Cebelitarik'te bir havalimani tuneli/yol projesinde, Sub-Cl.20.1 bildirim on-sartinin NASIL YORUMLANACAGI (hangi 'farkindalik' anindan itibaren 28 gunun baslayacagi) ve Isveren'in feshinin GECERLI olu",Gecikme/EOT,Istinaf/Temyiz/Yuksek Mahkeme,Davali Lehine,"Obrascon Huarte Lain SA v Her Majesty's Attorney General for Gibraltar, [2014] EWHC 1028 (TCC)","BAILII (bailii.org, resmi ve ucretsiz)","Davali (Isveren) lehine - fesih GECERLI bulundu, ama Sub-Cl.20.1 yorumu konusunda DUNYA CAPINDA yol gosterici bir emsal olustu (28 gunun ne zaman basl",,
444,İngiltere/UK,2020,Fosil Yakit/Petrol-Gaz,BELİRSİZ (Sınıflandırılamadı),Saha Kosullari Riski Tahsisi; Cl.15 (Fesih) - Obrascon emsaline atif,Ingiltere Teknoloji ve Insaat Mahkemesi (TCC),"Bir biyokutle enerji santrali projesinde, saha/yeralti kosullarinin (site survey, imar izni belgeleri) riskinin HANGI TARAFA (Yuklenici mi Isveren mi) ait oldugu ve bunun Isveren'in feshini nasil etki",Fesih,Belirsiz/Sadece Claim Asamasi,Davali Lehine,"PBS Energo AS v Bester Generacion UK Ltd & Anor, [2020] EWHC 223 (TCC)","BAILII (bailii.org, resmi ve ucretsiz)",Davali (Isveren Bester) lehine - saha kosullari riski Yuklenici'de kaldi,,
445,İngiltere/UK,2014,Bina/Konut/Ticari,Kırmızı Kitap - 4. Baskı (1987),Muhendis'in Rolu ve Bagimsizligi; Sozlesme Yorumu,Ingiltere Teknoloji ve Insaat Mahkemesi (TCC),"Libya'da (Trablus) bir otel projesinde, FIDIC 4. Baski (1987) sozlesmesinin Muhendis'in (Dar Al Handasah) rolu ve saglik/guvenlik sorumluluklarina iliskin ek maddelerinin (Cl.2.7) nasil yorumlanacagi",Muhendis/Mimar Karari - Clause 67 Usulu,Belirsiz/Sadece Claim Asamasi,Karma/Kismi,"Al-Waddan Hotel Ltd v Man Enterprise SAL (Offshore), [2014] EWHC 4796 (TCC)","BAILII (bailii.org, resmi ve ucretsiz)",Karma/usul agirlikli - sozlesme yorumu detaylica incelendi,,
446,İngiltere/UK,2004,Fosil Yakit/Petrol-Gaz,Sarı Kitap - Baskı Belirsiz,Muhendislik Tasarim Sorumlulugu; Sorumluluk Sinirlamasi (4 milyon GBP),Ingiltere Teknoloji ve Insaat Mahkemesi (TCC),"Filipinler'de (Pangasinan) bir enerji santrali projesinde, zemin arastirmasi/tasarim sozlesmesindeki FIDIC sartlarina gore, kaya mukavemeti degerlendirmesindeki HATALARIN muhendislik firmasinin (OAPIL",Muhendis/Mimar Karari - Clause 67 Usulu,Belirsiz/Sadece Claim Asamasi,Karma/Kismi,"Mirant-Asia Pacific Ltd & Anor v Oapil & Anor, [2004] EWHC 1750 (TCC)","BAILII (bailii.org, resmi ve ucretsiz)",Karma - kusur tespit edildi ama tazminat SINIRLI (4 milyon GBP tavan),4000000,
449,Hindistan,2022,Su/Atik Su/Baraj,BELİRSİZ (Sınıflandırılamadı),Sub-Cl.20 (DAB'a onceden basvurulmamis bir karsi-davanin ARBITRABILITY'si - tahkime elverisliligi); Tahkim ve Uzlasma Kanunu m.34,Hindistan - Karnataka Yuksek Mahkemesi,"Bir su tedarik projesinde, Isveren'in Cl.20 (DAB) surecine ONCEDEN SUNULMAMIS bir KARSI-DAVAYI (bulk flow meter tamiri) dogrudan tahkimde ileri surmesinin GECERLI olup olmadigi",Zamanasimi/Sure Siniri; DAB/Hakem Prosedur Usulsuzlugu,Istinaf/Temyiz/Yuksek Mahkeme,Davali Lehine,"Abhiram Infra Projects Pvt. Ltd v Bangalore Water Supply and Sewerage Board, (Karnataka Yuksek Mahkemesi, 27 Temmuz 2022)",indiankanoon.org (Hindistan mahkeme kararlari resmi/ucretsiz arsivi),"Davali (Isveren) lehine - tahkim karari (karsi-dava kabulu) ONANDI, iptal talebi REDDEDILDI",,
452,Hindistan,2019,Karayolu/Otoyol,FIDIC (Kitap Rengi Belirsiz),"Hindistan Tahkim ve Uzlasma Kanunu m.34(2)(b)(ii) (Kamu Duzeni) + m.34(2A) (Acik Hukuka Aykirilik - 'Patent Illegality', 2015 degisikligi)",Hindistan Yuksek Mahkemesi (Supreme Court of India),Bir otoyol projesinde fiyat ayarlama formulunun (celik/cimento endeksi) Bakanlik GENELGESI ile GERIYE DONUK degistirilip degistirilemeyecegi - COGUNLUK Hakem Kurulu KARARININ (NHAI lehine) mi yoksa AZ,Fiyat Ayarlama Formulu (Escalation),Istinaf/Temyiz/Yuksek Mahkeme,Davaci Lehine,"Ssangyong Engineering & Construction Co. Ltd. v National Highways Authority of India (NHAI), (2019) 15 SCC 131 - Hindistan Yuksek Mahkemesi, 8 Mayis 2019 - HINDISTAN'IN EN ONEMLI TAHKIM EMSALI","indiankanoon.org + jusmundi.com (ikisi de ucretsiz, tam metin)","Davaci (Ssangyong) lehine - Delhi Yuksek Mahkemesi Istinaf Dairesi'nin cogunluk karari IPTAL kararı ONANDI, azinlik (muhalefet) gorusu NIHAI KARAR ola",,
453,Avustralya,2013,Sanayi Tesisi/Fabrika,Gümüş Kitap - 1999 (1. Baskı),Cl.14.6 (Ara Hakedis); Cl.14.10 (Tamamlanma Beyani/Statement at Completion),"Avustralya - Queensland Yuksek Mahkemesi (proje Botsvana'da, Queensland hukuku uygulanan)","Botsvana'da (Maun yakininda) Boseto Bakir Madeni isleme tesisi EPC projesinde, EPC Yuklenicisi'nin Cl.14.10 kapsaminda sundugu 'Tamamlanma Beyani'na dayali 20 milyon USD'lik (degisiklik taleplerini de",Gecikme/EOT; Degisiklik/Change Order; Odeme Uyusmazligi,Istinaf/Temyiz/Yuksek Mahkeme,Davali Lehine,"Sedgman South Africa (Pty) Limited & Ors v Discovery Copper Botswana (Pty) Limited, [2013] QSC 105 (Queensland Yuksek Mahkemesi, 30 Nisan 2013) - GENISLETILMIS KAYIT","AustLII (Avustralya Hukuk Bilgi Enstitusu, austlii.edu.au - ucretsiz) + FIDIC.org (SOCLA 2015 konferans tebligi)","Davali (Isveren) lehine - Yuklenici'nin dogrudan hukum talebi REDDEDILDI, uyusmazlik DAB/tahkim surecine yonlendirildi",20000000,
454,Avustralya,1982,Demiryolu/Metro,FIDIC-dışı (bespoke sözleşme),Sozlesme Yorumunda 'Cevre Kosullari Delili' (Extrinsic Evidence) Kullanimi; Ifa Imkansizligi (Frustration),Avustralya Yuksek Mahkemesi (High Court of Australia),"Bir metro tuneli insaatinda, komsu sakinlerin GECE CALISMASINA karsi MAHKEME EMRI (injunction) almasi sonucu isin GECICI OLARAK DURMASININ, sozlesmeyi 'IFA IMKANSIZLIGINA' (frustration) UGRATIP UGRATM",Ihtiyati Tedbir Talebi,Istinaf/Temyiz/Yuksek Mahkeme,Davaci Lehine,"Codelfa Construction Pty Ltd v State Rail Authority of New South Wales, [1982] HCA 24; (1982) 149 CLR 337 - AVUSTRALYA'NIN EN COK ATIF YAPILAN SOZLESME YORUMU DAVASI","AustLII (austlii.edu.au, ucretsiz, resmi)",Davaci (Yuklenici Codelfa) lehine - frustration doktrini uygulandi; bu karar Avustralya sozlesme hukukunda sozlesme YORUMU konusunda 40+ yildir TEMEL ,,
455,Yeni Zelanda,2003,Karayolu/Otoyol,FIDIC-dışı,Ihalede 'Adil ve Esit Muamele' Zimni Yukumlulugu; Ihale Degerlendirme Kriterlerinin Uygulanmasi,Privy Council (Ingiltere - Yeni Zelanda'dan temyiz),"Iki otoyol isi ihalesinde, kaybeden bir teklif sahibinin, ihaleyi acan Isveren'in (Transit NZ) DEGERLENDIRME KRITERLERINI (gecmis performans puanlamasi) HAKSIZCA/ONYARGILI UYGULADIGI iddiasinin, Isver",Ihale Sureci,Istinaf/Temyiz/Yuksek Mahkeme,Davali Lehine,"Pratt Contractors Ltd v Transit New Zealand, [2005] 2 NZLR 433 - Privy Council (Yeni Zelanda Istinaf Mahkemesi'nden temyiz)","NZLII (nzlii.org, ucretsiz) + Wikipedia (ozet)",Davali (Isveren Transit NZ) lehine - Pratt Contractors'in iddiasi REDDEDILDI; bu karar Commonwealth ulkelerinde (Kanada'nin Ron Engineering 'Sozlesme ,,
456,Fransa (Paris - ICC Merkezi),1998,Liman/Deniz Altyapisi,Kırmızı Kitap - 2. Baskı (1969),"Cl.1, 60, 67, 69 (Idari Sozlesme Statusu, Fesih)","ICC Tahkimi (yer: Paris, Fransa)","Bir liman projesinde, Italyan Yuklenici'nin akreditif acilmamasi nedeniyle sozlesmeyi TEK TARAFLI feshetmesinin, sozlesmenin 'IDARI SOZLESME' (idare hukukuna tabi kamu sozlesmesi) statusunde GECERLI o",Gecikme/EOT; Fesih; Ihale Sureci,Ilk Derece Tahkim (ICC/ICSID/LCIA/vb),Davali Lehine,"ICC Case No.9202 (Kismi Karar, Aralik 1998, Paris)","Seppala, ICC Bulletin Vol.19/No.2 (2008) - fidic.org ucretsiz offprint","Davali (Isveren) lehine - Yuklenici'nin tek tarafli feshi HAKSIZ bulundu, projeyi TERK ETMEKTEN SORUMLU tutuldu - COMMON LAW ile CIVIL LAW ulkeleri ar",,
457,Yeni Zelanda,2002,Karayolu/Otoyol,Kırmızı Kitap - 3. Baskı (1977),"Cl.11, 12 (Ongorulemeyen Fiziksel Kosullar); Cl.65 (Ozel Riskler/Kargasa)","ICC Tahkimi (yer: Wellington, Yeni Zelanda)","Bir cakil yolu iyilestirme projesinde, (1) yol MALZEMESI TEDARIKINDE karsilasilan ongorulemeyen kosullarin Cl.12 kapsaminda SAHA KOSULU sayilip sayilmayacagi; (2) yerli halkin YOL KAPATMA EYLEMININ Cl",Zemin Kosullari,Ilk Derece Tahkim (ICC/ICSID/LCIA/vb),Davali Lehine,"ICC Case No.11499 (Kismi Karar, Eylul 2002, Wellington)","Seppala, ICC Bulletin Vol.19/No.2 (2008) - fidic.org ucretsiz offprint",Davali (Isveren) lehine (her iki konuda da) - Yuklenici'nin HER IKI talebi de REDDEDILDI,,
458,ICC Tahkimi (Yer/Ülke Belirsiz),2002,Bina/Konut/Ticari,Kırmızı Kitap - 4. Baskı (1987),Cl.1.1 (Muhendis Tanimi); Cl.39 (Talimatlar); Cl.63 (Fesih/Musadere),ICC Tahkimi (yer: Karayipler),"Bir spor stadyumu projesinde, Isveren'in Part II'de MUHENDIS ISMINI HIC DOLDURMAMASI sonucu, KIMIN 'Muhendis' sayilacagi VE Isveren'in kendi VEKILI araciligiyla verdigi FESIH BILDIRIMININ (14 gunluk s",Fesih; Kalite/Kusur,Ilk Derece Tahkim (ICC/ICSID/LCIA/vb),Davaci Lehine,"ICC Case No.10892 (Nihai Karar, Mart 2002, Karayip)","Seppala, ICC Bulletin Vol.19/No.2 (2008) - fidic.org ucretsiz offprint","Davaci (Yuklenici) lehine - Isveren'in feshi USULE AYKIRI bulundu, 'Isveren=Muhendis' olma DURUMUNUN TARAFSIZLIGA ZARAR VERDIGI TESPIT EDILDI - Muhend",,
459,İngiltere/UK,1997,Belirsiz/Veri Yetersiz,Kırmızı Kitap - 4. Baskı (1987),Cl.20 (Isin Bakimi/Riski); Cl.65 (Ozel Riskler - Savas/Istila),"ICC Tahkimi (yer: Londra, Ingiltere)","Bir Orta Dogu Yuklenicisi'nin, KENDI ULKESINDEKI SAVAS/ISTILA nedeniyle, DAHA SAHAYA GONDERILMEMIS (henuz kendi ulkesinde depolanan) Ekipman/Malzemenin YAGMALANMASINDAN dogan zararin, Cl.20/Cl.65 kaps",Force Majeure/Savas-Isgal,Ilk Derece Tahkim (ICC/ICSID/LCIA/vb),Davaci Lehine,"ICC Case No.8677 (Nihai Karar, Eylul 1997, Londra)","Seppala, ICC Bulletin Vol.19/No.2 (2008) - fidic.org ucretsiz offprint",Davaci (Yuklenici) lehine - yaklasik 5 milyon USD'lik ekipman kaybi TAZMIN EDILDI - FIDIC OZEL RISKLERININ 'DUNYA CAPINDA' UYGULANABILIRLIGI konusunda,5000000,
461,ICC Tahkimi (Yer/Ülke Belirsiz),2003,Fosil Yakit/Petrol-Gaz,Kırmızı Kitap - 4. Baskı (1987),Cl.12.2 (Ongorulemeyen Fiziksel Kosullar); Cl.44 (Sure Uzatimi); Cl.53 (Bildirim),ICC Tahkimi (yer: Londra),"Bir hidroelektrik projesinde, GELISMEKTE OLAN ULKEDEKI telefon/elektrik hizmet KALITESININ, 'ongorulemeyen fiziksel kosul' sayilip sayilmayacagi; ES ZAMANLI GECIKME (concurrent delay) durumunda kritik",Gecikme/EOT,Ilk Derece Tahkim (ICC/ICSID/LCIA/vb),Karma/Kismi,"ICC Case No.10847 (Ilk Ara Karar, 2003, Londra)","Seppala, ICC Bulletin Vol.23/No.2 (2012) - fidic.org ucretsiz offprint","Karma - bazi talepler (telefon kalitesi, guc kesintisi Cl.12.2 kapsaminda) REDDEDILDI, bazilari (Cl.44.1(e) kapsaminda) KISMEN KABUL EDILDI - 'GELISME",,
462,ICC Tahkimi (Yer/Ülke Belirsiz),2005,Karayolu/Otoyol,Kırmızı Kitap - 4. Baskı (1987),Cl.42.2 (Saha Teslimi Gecikmesi); Cl.65.2/65.5 (Ozel Riskler - Komsu Ulke Krizi); Vergi Muafiyeti,ICC Tahkimi,"Bir Balkan devletinde yol projesinde, (1) KOMSU BOLGEDEKI bir kriz/savasin (yabanci askeri gucun konuslanmasi) Isveren'in 'ozel riski' sayilip sayilmayacagi; (2) AB HIBESI ile finanse edilen, VERGIDEN",Force Majeure/Savas-Isgal; Vergi Uyusmazligi,Ilk Derece Tahkim (ICC/ICSID/LCIA/vb),Davaci Lehine,"ICC Case No.12654 (Nihai Karar, 2005)","Seppala, ICC Bulletin Vol.23/No.2 (2012) - fidic.org ucretsiz offprint",Davaci (Yuklenici JV) lehine (her iki konuda) - 'ozel risklerin ULKE SINIRI OTESI uygulanabilirligi' ve 'DEVLETIN TEK TUZEL KISILIK OLDUGU' ilkeleri o,,
463,İsviçre,2005,Fosil Yakit/Petrol-Gaz,Kırmızı Kitap - 4. Baskı (1987),Cl.51.1 (Degisiklik Emri Yetkisi); Cl.63.1 (Fesih/Musadere),ICC Tahkimi (yer: Cenevre),"Bir hidroelektrik projesinde, (1) Muhendis'in bir DEGISIKLIK EMRIYLE, ileride BASKA BIR YUKLENICIYE verilecek isleri OMITTING (cikararak) sozlesmeden CIKARMASININ GECERLI olup olmadigi; (2) Yuklenici'",Degisiklik/Change Order; Fesih,Ilk Derece Tahkim (ICC/ICSID/LCIA/vb),Davali Lehine,"ICC Case No.13258 (Kismi Karar, 2005)","Seppala, ICC Bulletin Vol.23/No.2 (2012) - fidic.org ucretsiz offprint","Karma/Davali (Isveren) lehine agirlikli - VO4 teknik olarak ihlal ama Yuklenici'nin fesih tepkisi ORANTISIZ bulundu, Isveren'in feshi ONANDI",,
464,ICC Tahkimi (Yer/Ülke Belirsiz),2008,Madencilik,BELİRSİZ (Sınıflandırılamadı),Tuzel Kisilik Perdesinin Kaldirilmasi (Piercing the Corporate Veil),ICC Tahkimi,"Bir Yuklenici FINANSAL ZORLUGA dustugunde, Isveren'in ANA SIRKETE (parent company) karsi tahkim sartini GENISLETEREK dava acip acamayacagi - ozellikle ANA SIRKET'IN, Yuklenici'nin VARLIKLARINI BASKA B",Kalite/Kusur,Ilk Derece Tahkim (ICC/ICSID/LCIA/vb),Davaci Lehine,ICC Case No.14208/14236 (2008),"Seppala, ICC Bulletin Vol.24/No.2 (2013) - fidic.org ucretsiz offprint",Davaci (Isveren) lehine - Ana Sirket tahkime DAHIL EDILDI - COK ONEMLI bir emsal: Yuklenici sirketler ARTIK sadece 'ayri tuzel kisilik' savunmasiyla a,,
467,Bangladeş,2026,Karayolu/Otoyol,"FIDIC-benzeri (bespoke, tam FIDIC değil)",Anayasa m.102 (Yuksek Mahkeme 'Yazili Emir' - Writ - Yetkisi) vs Sozlesmesel Tahkim/Uzlasma Mekanizmasi,Bangladesh Yuksek Mahkemesi - Istinaf Dairesi (Appellate Division),"Bir insaat sozlesmesi uyusmazliginda, sozlesme TAHKIM VEYA BASKA BIR ALTERNATIF UYUSMAZLIK COZUM MEKANIZMASI ONGORUYORSA, tarafin bu mekanizmayi ATLAYARAK DOGRUDAN YUKSEK MAHKEMEYE 'WRIT' (yazili emir",Odeme Uyusmazligi,Istinaf/Temyiz/Yuksek Mahkeme,Davali Lehine,"Faraz Construction v Government of Bangladesh (Appellate Division, Bangladesh Yuksek Mahkemesi, 30 Agustos 2026)",dhakatribune.com (Bangladesh Yuksek Mahkemesi resmi karar yayinina dayali haber) + supremecourt.gov.bd,Davali (Hukumet) lehine - Yuklenici'nin temyizi REDDEDILDI - Guney Asya'da (Hindistan/Pakistan/Bangladesh) YAYGIN olan 'once sozlesmesel mekanizmayi t,,
GAP1-001,İngiltere/UK,2025,Madencilik,FIDIC-dışı (isimlendirilmiş standart),Cl.5 (Degisiklik/Varyasyon Degerleme Kurallari),Ingiltere - Technology and Construction Court (Leeds),"8 VARYASYONUN ('Relevant Changes') degerlemesi tartismali bir hakemlik (adjudication) surecinde, hakemin TARAFLARA GERI DONMEDEN 'adil ve makul' YENI ORANLAR kullanmasinin VE TEK BIR KALEMI YENIDEN OL",DAB/Hakem Prosedur Usulsuzlugu,Tenfiz/Icra (Nihai Asama),Davaci Lehine,"Clegg Food Projects Limited v Prestige Car Direct Properties Limited, [2025] EWHC 2173 (TCC)","BAILII / caselaw.nationalarchives.gov.uk (resmi, ucretsiz)","Davaci (Yuklenici) lehine - hakem karari TENFIZ EDILDI, 'asiri ayrintili' (excessively granular) itiraz YAKLASIMI reddedildi",,
GAP1-002,İngiltere/UK,2013,Bina/Konut/Ticari,FIDIC-dışı (bespoke sözleşme),"Kayip/Masraf Talebi (Loss and Expense) - OHP, Verimlilik Kaybi, Ek Denetim",Ingiltere - Technology and Construction Court (Londra),"Bir tugla ORME alt yuklenicisinin, 6 aylik bir GECIKME nedeniyle ugradigi KAYIP/MASRAF (ek genel gider+kar, VERIMLILIK KAYBI, ek denetim/yonetim) taleplerinin bir hakem tarafindan NASIL DEGERLENDIRILE",Gecikme/EOT; Kalite/Kusur,Tenfiz/Icra (Nihai Asama),Davaci Lehine,"Roe Brickwork Limited v Wates Construction Limited, [2013] EWHC 3417 (TCC)","BAILII / caselaw.nationalarchives.gov.uk (resmi, ucretsiz)",Davaci (Alt Yuklenici) lehine - hakem karari TENFIZ EDILDI,,
GAP1-003,İngiltere/UK,2000,Belirsiz/Veri Yetersiz,FIDIC-dışı (bespoke sözleşme),Varyasyon Degerlemesinde Genel Gider ve Kar Dahil Edilmesi,Ingiltere - Technology and Construction Court,"Bir hakem kararinin, VARYASYON (degisiklik emri) BEDELI hesaplanirken GENEL GIDER VE KAR unsurlarini DISLAMASININ 'adil bir degerleme' (fair valuation) STANDARDINA UYGUN olup olmadigi - VARYASYON DEGE",Degisiklik/Change Order,Istinaf/Temyiz/Yuksek Mahkeme,Davaci Lehine,"Weldon Plant Ltd v The Commission for the New Towns, [2000] BLR 496 (TCC)",BLR (Building Law Reports) + akademik ozet (matec-conferences.org),Davaci (Yuklenici) lehine - hakem karari BOZULDU; 'ADIL DEGERLEME' STANDARDININ tanimi konusunda INGILTERE'DE HALA ATIF YAPILAN TEMEL bir emsal,,
GAP1-004,İngiltere/UK,2002,Yenilenebilir Enerji,FIDIC-dışı (isimlendirilmiş standart),Hakemin Kendi Kritik Yol Analizini Olusturmasi - Dogal Adalet Ihlali,Ingiltere - Technology and Construction Court (Londra),"Bir hakemin, TARAFLARIN SUNMADIGI kendi KRITIK YOL (critical path) analizini OLUSTURARAK sure uzatimi kararina VARMASININ, taraflara YORUM YAPMA FIRSATI VERILMEDEN, DOGAL ADALETI IHLAL EDIP ETMEDIGI -",Gecikme/EOT,Tenfiz/Icra (Nihai Asama),Davaci Lehine,"Balfour Beatty Construction Ltd v The London Borough of Lambeth, [2002] EWHC 597 (TCC)","BAILII / caselaw.nationalarchives.gov.uk (resmi, ucretsiz)","Davaci (Yuklenici) lehine - hakem karari TENFIZ EDILMEDI; 'HAKEMIN KENDI MACERASINA CIKMASI' (frolic of his own) DOKTRININ TEMEL kaynagi, INGILIZ hake",,
GAP1-005,Güney Afrika,2021,Fosil Yakit/Petrol-Gaz,FIDIC-dışı (isimlendirilmiş standart),Anayasa m.34 (Adil Yargilanma Hakki) vs JBCC Hakemlik/Tahkim Kurallarinin Ozel Niteligi,"Guney Afrika - Eastern Cape Yuksek Mahkemesi, Grahamstown","JBCC sozlesmesindeki HAKEMLIK (adjudication) surecinin, Guney Afrika Anayasasi'nin m.34'undeki (mahkemeye/BAGIMSIZ foruma erisim hakki) ADIL YARGILANMA GUVENCESINE DOGRUDAN TABI olup OLMADIGI",DAB/Hakem Prosedur Usulsuzlugu,Istinaf/Temyiz/Yuksek Mahkeme,Davali Lehine,"Zingwazi Contractors CC v Eastern Cape Department of Human Settlements and Others, [2021] ZAECGHC 50","SAFLII (Guney Afrika Hukuk Bilgi Enstitusu, saflii.org - resmi, ucretsiz)",Davali (JBCC/Isveren) lehine - JBCC'nin OZEL HAKEMLIK doktrini ONANDI,,
GAP1-006,Güney Afrika,2020,Belirsiz/Veri Yetersiz,FIDIC-dışı (isimlendirilmiş standart),Hakem Kararinin Tahkimde YENIDEN GOZDEN GECIRILME/DEGISTIRILME Yetkisi,"Guney Afrika Yuksek Istinaf Mahkemesi (Supreme Court of Appeal, SCA)","Bir JBCC HAKEM (adjudicator) kararinin, DEVAM EDEN bir tahkim surecinde YARGISAL DENETIME (review) TABI TUTULUP TUTULAMAYACAGI, yoksa boyle bir denetimin SADECE 'AGIR ADALETSIZLIK' durumunda MI mumkun",Degisiklik/Change Order,Istinaf/Temyiz/Yuksek Mahkeme,Davali Lehine,"Ekurhuleni West College v Segal and Another (Trencon Construction), [2020] ZASCA 32","SAFLII (Guney Afrika Hukuk Bilgi Enstitusu, saflii.org - resmi, ucretsiz)",Davali (Trencon/Isveren) lehine - hakem karari denetim talebi REDDEDILDI,,
GAP1-007,Güney Afrika,2026,Fosil Yakit/Petrol-Gaz,FIDIC-dışı (isimlendirilmiş standart),Cl.30.7 (Tahkim); Yazili Sozlesme/Imza SARTI OLMADAN Sozlesmenin Olusmasi,"Guney Afrika - Western Cape Yuksek Mahkemesi, Cape Town","Bir JBCC sozlesmesinin, taraflarca HIC IMZALANMAMIS olmasina RAGMEN, teklif/ihale, niyet mektubu, ARA HAKEDISLER VE taraflarin DAVRANISI yoluyla GECERLI OLARAK KURULUP KURULMADIGI ve TAHKIM SARTININ B",Odeme Uyusmazligi; Ihale Sureci,Istinaf/Temyiz/Yuksek Mahkeme,Davaci Lehine,"CCC Consultancy (Pty) Ltd t/a Capecon Construction (Pty) Ltd v Springs Car Wholesalers (Pty) Ltd, [2026] ZAWCHC 199 (29 Nisan 2026)","SAFLII (Guney Afrika Hukuk Bilgi Enstitusu, saflii.org - resmi, ucretsiz)",Davaci (Yuklenici) lehine - tahkime SEVK EDILDI,,
GAP1-008,Avustralya,2002,Belirsiz/Veri Yetersiz,FIDIC-dışı (isimlendirilmiş standart),Cl.35.5 (Sure Uzatimi - Superintendent'in Tek Tarafli Yetkisi),Avustralya - New South Wales Istinaf Mahkemesi (NSWCA),"Bir insaat sozlesmesinde, Yuklenici'nin SURE UZATIMI (EOT) TALEP ETMEMESINE/GEC TALEP ETMESINE RAGMEN, SUPERINTENDENT'IN (Isveren'in atadigi bagimsiz yetkilisi) 'HERHANGI BIR NEDENLE' kendiliginden EO",Gecikme/EOT,Istinaf/Temyiz/Yuksek Mahkeme,Davali Lehine,"Peninsula Balmain Pty Ltd v Abigroup Contractors Pty Ltd, [2002] NSWCA 211","AustLII (Avustralya Hukuk Bilgi Enstitusu, austlii.edu.au - resmi, ucretsiz)","Davali (Yuklenici Abigroup) lehine - LD talebi REDDEDILDI; bu, AVUSTRALYA'DA 'onleme ilkesinin' YERINI ALAN, Superintendent'in 'DURUSTLUK VE TARAFSIZL",,
GAP1-009,Avustralya,2017,Belirsiz/Veri Yetersiz,FIDIC-dışı (bespoke sözleşme),Peninsula Balmain'in 'Durustluk/Tarafsizlik' Yukumlulugunun SINIRLARI - Superintendent OLMADAN Sozlesmelerde,Avustralya - New South Wales Istinaf Mahkemesi (NSWCA),"SUPERINTENDENT bulunmayan (Ana Yuklenici'nin KENDISININ tek tarafli EOT verme yetkisine sahip oldugu) bir sozlesmede, Peninsula Balmain'deki 'DURUSTLUK VE TARAFSIZLIK' yukumlulugunun UYGULANIP UYGULAN",Gecikme/EOT,Istinaf/Temyiz/Yuksek Mahkeme,Davaci Lehine,"Probuild Constructions (Aust) Pty Ltd v DDI Group Pty Ltd, [2017] NSWCA 151","AustLII (Avustralya Hukuk Bilgi Enstitusu, austlii.edu.au - resmi, ucretsiz)",Davaci (Ana Yuklenici Probuild) lehine - 'durustluk' yukumlulugu bu sozlesmeye UYGULANMADI,,
GAP2-001,Yeni Zelanda,2022,Belirsiz/Veri Yetersiz,FIDIC-dışı (isimlendirilmiş standart),Cl.13.4.1 (Tahkim - Muhendis Karari Sonrasi),Yeni Zelanda Istinaf Mahkemesi (NZCA),"NZS3910:2013 sozlesmesinde, TAHKIM hakkinin SADECE INSAAT DONEMI ICINDE mi gecerli oldugu, yoksa PROJE TAMAMLANDIKTAN SONRA da BASVURULABILIR mi oldugu - sozlesmenin LAFZI kesin bir son tarih ONGORMEM",Siniflandirilmamis/Veri Yetersiz,Istinaf/Temyiz/Yuksek Mahkeme,Davaci Lehine,"SRG Global Remediation Services Ltd v BC 197281 Ltd, [2022] NZCA 518",NZLII (Yeni Zelanda Hukuk Bilgi Enstitusu) + johnwalton.co.nz dava ozeti,Davaci lehine (kismen) - tahkim hakkinin insaat donemiyle SINIRLI olabilecegi yorumu ONANDI; bu karar dogrudan NZS3910'UN 2023 REVIZYONUNA YOL ACTI,,10
GAP2-002,Yeni Zelanda,2017,Bina/Konut/Ticari,FIDIC-dışı (isimlendirilmiş standart),Cl.14.3 (Fesih/Temerrut Bildirimi); On-Talep Teminati (%25 - normalin cok uzerinde),Yeni Zelanda Istinaf Mahkemesi (NZCA),"Bir otel donusum projesinde ($14,5 milyon), Yuklenici'nin ODENMEYEN HAKEDISLER icin Cl.14.3 kapsaminda FESIH/temerrut BILDIRIMI VERMESININ ardindan, sozlesmenin FESHEDILME SURECININ nasil ISLEDIGI ve ",Fesih; Odeme Uyusmazligi,Istinaf/Temyiz/Yuksek Mahkeme,Karma/Kismi,"Custom Street Hotel Limited v Plus Construction Co Limited & Anor, [2017] NZCA 36",NZLII (Yeni Zelanda Hukuk Bilgi Enstitusu) + johnwalton.co.nz dava ozeti,"Karma - fesih sureci detaylica ACIKLIGA KAVUSTURULDU, NZS3910 fesih hukumlerinin YORUMU icin ONEMLI bir emsal",14500000,3
GAP2-003,Hindistan,2022,Egitim/Kampus,FIDIC-dışı (isimlendirilmiş standart),Tahkim ve Uzlasma Kanunu m.34(2)(b) (Kamu Duzeni/Tahkime Elverislilik); Zamanasimi,Hindistan - Delhi Yuksek Mahkemesi,"CPWD (Merkezi Kamu Isleri Dairesi) standart sozlesmesi kapsaminda, bir universite kampusu insaatinda (Haryana), Yuklenici'nin 9 talebinden bazilarinin ZAMANASIMINA UGRADIGININ tespiti VE geri kalan ta",Zamanasimi/Sure Siniri,Istinaf/Temyiz/Yuksek Mahkeme,Davali Lehine,"Union of India (CPWD) v M/S Multi-Tech Construction Co, Delhi Yuksek Mahkemesi, 7 Ocak 2022","indiankanoon.org (Hindistan mahkeme kararlari, resmi/ucretsiz)",Davali (Yuklenici) lehine (buyuk olcude) - hakem karari BUYUK OLCUDE ONANDI,,
GAP2-004,Hindistan,2021,Belirsiz/Veri Yetersiz,FIDIC-dışı (isimlendirilmiş standart),Hakem Atama Kisitlamasi - SADECE CPWD Sef Muhendisi Tarafindan Atama,Hindistan - Delhi Yuksek Mahkemesi (Yargic Vibhu Bakhru),"CPWD standart sozlesmesindeki, hakemin SADECE CPWD'nin KENDI Sef Muhendisi (veya ust yetkilisi) TARAFINDAN ATANABILECEGINI ongoren HUKMUN, TARAFSIZLIK acisindan GECERLI olup OLMADIGI - kamu kurumunun ",Muhendis/Mimar Karari - Clause 67 Usulu,Istinaf/Temyiz/Yuksek Mahkeme,Davaci Lehine,"Sagar Constructions v Government of NCT of Delhi, Delhi Yuksek Mahkemesi, 6 Ekim 2021","indiankanoon.org (Hindistan mahkeme kararlari, resmi/ucretsiz)",Davaci (Yuklenici) lehine - CPWD'nin TEK TARAFLI hakem atama YETKISI GECERSIZ sayildi,,
GAP2-005,Hindistan,2025,Bina/Konut/Ticari,FIDIC-dışı (isimlendirilmiş standart),Hakem Ucreti - Kanunun IV.Cetveli mi yoksa CPWD'nin KENDI Genelgesi mi Uygulanir,"Hindistan - Delhi Yuksek Mahkemesi (Yargiclar Vibhu Bakhru, Sachin Datta)","CPWD sozlesmesi kapsaminda atanan bir HAKEMIN UCRETININ, Tahkim Kanunu'nun IV.CETVELINE GORE mi, yoksa CPWD'NIN KENDI ic GENELGESINE (Office Memorandum) GORE mi HESAPLANACAGI",Tahkim Masraflari,Istinaf/Temyiz/Yuksek Mahkeme,Devam Eden Dava,"Union of India v M/S Roshan Real Estate Pvt. Ltd, Delhi Yuksek Mahkemesi, 13 Mayis 2025","indiankanoon.org (Hindistan mahkeme kararlari, resmi/ucretsiz)","Belirsiz/Devam eden inceleme - usul agirlikli, hakem ucreti REJIMI konusunda ONEMLI bir emsal",,
GAP2-006,Polonya,2015,Belirsiz/Veri Yetersiz,Kırmızı Kitap - Baskı Belirsiz,Cl.20 (DAB/Dispute Adjudication Board) - Cok Katmanli Uyusmazlik Cozum Mekanizmasinin ZORUNLU/IHTIYARI Niteligi,Polonya Yuksek Mahkemesi (Sad Najwyzszy),"Bir Idare'nin (Isveren), FIDIC'in COK KATMANLI uyusmazlik cozum mekanizmasinin (once DAB, sonra tahkim) 'dava mahkemeye GITMEDEN ONCE TUKETILMESI GEREKEN ZORUNLU bir yol' oldugunu ILERI SUREREK, DAB s",DAB/Hakem Prosedur Usulsuzlugu,Istinaf/Temyiz/Yuksek Mahkeme,Belirsiz/Detay Sinirli,"Polonya Yuksek Mahkemesi (Sad Najwyzszy), IV CSK 443/14 (19 Mart 2015)",codozasady.pl (Polonya hukuk bulteni) + Polonya Yuksek Mahkemesi,"Belirsiz/Karma - dogrudan DAB zorunlulugu SORUSU CEVAPLANMADAN, somut olay bazinda KARAR verildi",,
GAP3-001,İngiltere/UK,2025,Belirsiz/Veri Yetersiz,FIDIC-dışı (bespoke sözleşme),Sozlesme Kurulmasi - Resmi Olmayan Dijital Iletisim (WhatsApp) Yoluyla,Ingiltere - Technology and Construction Court,"Bir yikim ISI icin, TARAFLAR ARASINDA hicbir RESMI/IMZALI SOZLESME OLMAMASINA RAGMEN, WHATSAPP mesajlasmasi yoluyla (kapsam, fiyat, odeme SARTLARI konusunda) BAGLAYICI bir INSAAT SOZLESMESI KURULUP KU",Odeme Uyusmazligi,Tenfiz/Icra (Nihai Asama),Davali Lehine,"Jaevee Homes Ltd v Steve Fincham (t/a Fincham Demolition), [2025] EWHC 942 (TCC)","BAILII / caselaw.nationalarchives.gov.uk (resmi, ucretsiz)","Davali (Yuklenici Fincham) lehine - WhatsApp mesajlasmasi BAGLAYICI sozlesme SAYILDI, hakem karari TENFIZ EDILDI",,
GAP3-002,İngiltere/UK,2025,Belirsiz/Veri Yetersiz,FIDIC-dışı (bespoke sözleşme),"'Gercek Deger' (True Value) Tahkiminin, ODENMEMIS 'BILDIRILEN TUTAR' (Notified Sum) YUKUMLULUGUNE TABI OLMASI",Ingiltere - Technology and Construction Court,"Bir Isveren'in, ODEMEMIS OLDUGU 'BILDIRILEN TUTARI' (gecerli odeme/kesinti bildirimi VERMEDIGI icin OLUSAN) ONCE ODEMEDEN, ayni HAKEDISIN 'GERCEK DEGERI' konusunda AYRI bir hakemlik BASLATIP BASLATAMA",Odeme Uyusmazligi,Tenfiz/Icra (Nihai Asama),Davaci Lehine,"VMA Services Ltd v Project One London Ltd, [2025] EWHC 1815 (TCC)","BAILII / caselaw.nationalarchives.gov.uk (resmi, ucretsiz)","Davaci (Yuklenici VMA) lehine - hakem karari TENFIZ EDILDI, 'ONCE ODE SONRA TARTIS' ilkesi 'GERCEK DEGER' hakemliklerine de UYGULANDI",,
GAP4-001,Singapur,2026,Karayolu/Otoyol,Sarı Kitap - 1999 (1. Baskı),Sub-Cl.20.2/20.4/20.8 (Ad-hoc DAB'in Birden Fazla Uyusmazligi Kabul Yukumlulugu); Yetki vs Kabul Edilebilirlik Ayrimi,Singapur Yuksek Mahkemesi,"Bir ad-hoc DAB'in, KENDISINE ATANDIKTAN SONRA ORTAYA CIKAN 4 YENI uyusmazligi ('Dispute 1-4'), 'SADECE ILK UYUSMAZLIK ICIN ATANDIGI' GEREKCESIYLE REDDETMESININ GECERLI olup olmadigi; boyle bir RET son",DAB/Hakem Prosedur Usulsuzlugu,Tenfiz/Icra (Nihai Asama),Davaci Lehine,"DSR v DSQ, [2026] SGHC 67",Fenwick Elliott International Quarterly Issue 43 (30 Temmuz 2026) - elitigation.sg,"Davaci (Yuklenici) lehine - Tahkim Heyeti'nin karari TENFIZ EDILDI, Isveren'in yetki itirazi REDDEDILDI - AD-HOC DAB'IN cok-uyusmazlik kapasitesi VE '",,
GAP5-001,Hindistan,2024,Demiryolu/Metro,FIDIC (Kitap Rengi Belirsiz),Sub-Cl.20.4 (DAB Karari - NOD suresi); Fiyat Varyasyonu Tazminati (proje arka plani),Hindistan Yuksek Mahkemesi (Supreme Court of India) - alt kademe: Delhi Yuksek Mahkemesi,"DFCCIL'in (Hindistan Demiryollari) bir double-track demiryolu hatti projesinde, DAB'IN VERDIGI bir KARARA karsi, taraflardan birinin SOZLESMEDE ONGORULEN KESIN SURE ICINDE 'memnuniyetsizlik bildirimi'",Gecikme/EOT,Istinaf/Temyiz/Yuksek Mahkeme,Davaci Lehine,Dedicated Freight Corridor Corporation of India Limited v Ferrovia Transrail Solution Pvt. Ltd.,lexology.com (Construction Arbitration in India makalesi) + Hindistan Yuksek Mahkemesi,"Davaci (DFCCIL/Isveren) lehine - DAB karari NIHAI VE BAGLAYICI sayildi, Tahkim Heyeti'nin bu YONDEKI bulgusu ONANDI",,
GAP6-001,Singapur,2021,Belirsiz/Veri Yetersiz,BELİRSİZ (Sınıflandırılamadı),"Sozlesmede 'SADECE YAZILI Talimatla' Sartinin, SOZLU Varyasyon Talebine Dayali Odeme Hakkini TAMAMEN Ortadan Kaldirip Kaldirmadigi",Singapur Yuksek Mahkemesi,"Alt-alt-yuklenici Vim'in, SOZLU olarak talimatlandirildigini iddia ettigi EK ISLER icin odeme talep etmesi; sozlesmenin ACIKCA 'varyasyon SADECE Proje Yoneticisinden YAZILI talimatla yapilir' SARTI ic",Degisiklik/Change Order; Odeme Uyusmazligi,Istinaf/Temyiz/Yuksek Mahkeme,Davali Lehine,"Vim Engineering Pte Ltd v Deluge Fire Protection (SEA) Pte Ltd, [2021] SGHC 63",Akin Gump Strauss Hauer & Feld / Mondaq (Kluwer Arbitration cevresi analiz),Davali (Deluge) lehine - Vim'in sozlu varyasyon talebi TAMAMEN REDDEDILDI,,
GAP6-002,İngiltere/UK,2025,Bina/Konut/Ticari,FIDIC-dışı (bespoke sözleşme),Yazili Sozlesmeye Dayali EK TALEP (TT$11.7 milyon) - 'Additional Claim' Yorumu,Privy Council (Ingiltere - Trinidad ve Tobago'dan temyiz),"Bir konut gelistirme projesinde (Oropune Gardens Phase II), Muhendislik hizmetleri sozlesmesi kapsaminda, Davacinin (Dipcon) TT$11.686.956,15'lik bir EK TALEBININ, 2004 tarihli YAZILI SOZLESMEYE dayan",Muhendis/Mimar Karari - Clause 67 Usulu,Istinaf/Temyiz/Yuksek Mahkeme,Belirsiz/Detay Sinirli,"Dipcon Engineering Services Limited v Urban Development Corporation of Trinidad and Tobago Limited (UDeCOTT), [2025] UKPC 29","caselaw.nationalarchives.gov.uk (resmi, ucretsiz)","Belirsiz/detay incelenmedi - COK YENI (25 Haziran 2025) bir Privy Council karari, Trinidad muhendislik sozlesmesi uyusmazliklari icin guncel bir emsal",,21
GAP7-001,İngiltere/UK,2023,Bina/Konut/Ticari,FIDIC-dışı (bespoke sözleşme),Adjudikasyon vs Mahkeme Paralel Yetkisi; Ara Odeme Basvurusu Gecerliligi; VARYASYON HESABI,Ingiltere - Istinaf Mahkemesi (Court of Appeal) + Technology and Construction Court (7 ayri karar),"Brighton Universitesi ogrenci yurdu projesinde bir tesisat alt-yuklenicisinin (A&V), aylik ARA ODEME BASVURUSUNUN ZAMANINDA yapilip yapilmadigi VE bunu onaylayan bir ADJUDIKATOR KARARININ mahkemede PA",Gecikme/EOT; Odeme Uyusmazligi,Tenfiz/Icra (Nihai Asama),Davaci Lehine,"A & V Building Solutions Limited v J & B Hopkins Limited, [2023] EWCA Civ 54 (Istinaf) + [2022] EWHC 1186, [2024] EWHC 1510/2295/2516/2914 (TCC) - 7 KARAR SERISI","caselaw.nationalarchives.gov.uk (resmi, ucretsiz) + Keating Chambers + Clyde & Co dava ozetleri","Davaci (Alt Yuklenici A&V) lehine (buyuk olcude, coklu asamalarda) - varyasyon hesabi ONANDI, sure uzatimi VERILDI, ama adjudikator ucretleri konusund",,
GAP8-001,Filipinler,2013,Liman/Deniz Altyapisi,FIDIC-dışı (bespoke sözleşme),Degisiklik Emirleri (Variation/Change Orders) Kaynakli Odenmemis Alacak; Devlet Kurumuna Karsi Dava Acmada COA'nin (Sayistay) ONCELIKLI YETKISI,Filipinler Yuksek Mahkemesi,"Caticlan Iskele Limani ve Terminali projesinde (38.9 milyon PHP), Isveren'in (Aklan Vilayeti) INSAAT SIRASINDA verdigi VARYASYON/DEGISIKLIK EMIRLERI (ek isler icin) SONRASINDA, Yuklenici'nin (Jody Kin",Degisiklik/Change Order,Tenfiz/Icra (Nihai Asama),Davali Lehine,"The Province of Aklan v Jody King Construction and Development Corp., G.R. Nos. 197592 & 202623 (Filipinler Yuksek Mahkemesi, 27 Kasim 2013)",lawphil.net (Filipinler Yuksek Mahkemesi resmi/ucretsiz arsivi),"Davali (Aklan Vilayeti/Isveren) lehine - Ilk Derece Mahkemesi'nin KARARI VE ICRA EMRI IPTAL EDILDI, dosyanin ONCE COA'YA (Sayistay) GONDERILMESI GEREK",38900000,15
GAP9-001,BAE (Abu Dhabi/ADGM),2023,Fosil Yakit/Petrol-Gaz,"BELİRSİZ (sadece tahkim kuralı belirtilmiş, sözleşme standardı yok)",Cl. Tahkim Sarti - 'Abu Dhabi City (UAE)' Yeri; Yargi Yetkisine 'Opt-In' (Gonullu Katilim),ADGM Ilk Derece Mahkemesi (Abu Dhabi Global Market Court of First Instance),"Bir ENTEGRE DOGALGAZ BORU HATTI projesinde, alt yuklenicinin ANA YUKLENICIYE karsi actigi ICC tahkiminde (2019 baslangicli), COGUNLUK Hakem Heyeti'nin taleplerin BUYUK KISMINI REDDETMESI sonrasi, Dava",Alt Yuklenici Statusu,Hakem Karari Iptal Davasi/Mahkeme Denetimi,Belirsiz/Detay Sinirli,"A6 v B6, [2023] ADGMCFI 0005 (Abu Dhabi Global Market Ilk Derece Mahkemesi, 13 Mart 2023)",Freshfields Bruckhaus Deringer + dailyjus.com (ADGM resmi karar arsivine dayali analiz),Belirsiz/karma - Davaci'nin yetki argumani KABUL EDILDI (ADGM yetkisini USTLENDI) ama esas HAKEM KARARININ iptali konusunda SONUC belirtilmedi - bu ka,,1
GAP10-001,İngiltere/UK,2026,Su/Atik Su/Baraj,FIDIC-dışı (bespoke sözleşme),On-Talep Performans Teminati (On-Demand Bond) - Otonomi Ilkesi ve Hile Istisnasi,Ingiltere - Technology and Construction Court,"Isverenin, Yuklenici'nin FESIH SONRASI GECIKME CEZASI icin 11,7 milyon GBP'lik (%10) ON-TALEP TEMINATI TAHSIL ETMESI uzerine, Yuklenici'nin BANKAYA (Barclays) karsi ODEMEYI ENGELLEMEK icin IHTIYATI TE",Gecikme/EOT; Fesih,Belirsiz/Sadece Claim Asamasi,Davali Lehine,"CR Construction (UK) Company Ltd v Barclays Bank Plc (Northern Gateway FEC No.7 Ltd, Mudahil), [2026] EWHC 202 (TCC)","BAILII / caselaw.nationalarchives.gov.uk (resmi, ucretsiz)","Davali (Banka) lehine - ihtiyati tedbir talebi REDDEDILDI, on-talep teminatlarda 'OTONOMI ILKESI' ve 'HILE ISTISNASI' konusunda GUNCEL (2026) bir emsa",11700000,
GAP10-002,İngiltere/UK,2011,Sanayi Tesisi/Fabrika,FIDIC-dışı (bespoke sözleşme),On-Talep Performans Teminati - Kabul Sertifikasi Sonrasi 'Sifirlanma/Iade' Sarti,Ingiltere - Technology and Construction Court,"Bir bioetanol tesisi projesinde, KABUL SERTIFIKASI (acceptance certificate) VERILDIKTEN SONRA, sozlesmenin ACIKCA teminatin ISVEREN'E IADE EDILMESI gerektigini ONGORMESINE RAGMEN, Isveren'in teminati ",Teminat Mektubu; Ihtiyati Tedbir Talebi; Hile/Yanlis Beyan (Misrepresentation),Belirsiz/Sadece Claim Asamasi,Davaci Lehine,"Simon Carves Ltd v Ensus UK Ltd, [2011] EWHC 657 (TCC)","BAILII / caselaw.nationalarchives.gov.uk (resmi, ucretsiz)","Davaci (Yuklenici) lehine - ihtiyati tedbir DEVAM ETTIRILDI, Isveren teminati TAHSIL EDEMEDI",,
GAP10-003,İngiltere/UK,2016,Fosil Yakit/Petrol-Gaz,Sarı Kitap - Baskı Belirsiz,On-Talep Performans Teminati - Gecikme Cezasi (LD) Icin Cagri Bildirimi,Ingiltere - Technology and Construction Court,"Bir enerjiden atik tesisi projesinde, Isveren'in GECIKME CEZASI (liquidated damages) icin ON-TALEP TEMINATI CAGIRMA NIYET BILDIRIMI VERMESI uzerine, Yuklenici'nin bu CAGRIYI ENGELLEMEYE calismasi - FI",Gecikme/EOT,Belirsiz/Sadece Claim Asamasi,Belirsiz/Detay Sinirli,"J. Murphy & Sons Limited v Beckton Energy Limited, [2016] EWHC 607 (TCC)",Lexology (Bonds and Guarantees) analizi + BAILII,"Belirsiz/detay - genel ilke: FIDIC bazli sozlesmelerde teminat cagrisi HALA OTONOMI ilkesine TABI, ama SOZLESME METNI ACIKCA SINIRLANDIRMISSA bu SINIR",,
GAP11-001,İngiltere/UK,2014,Yenilenebilir Enerji,Gümüş Kitap - 1999 (1. Baskı),Sub-Cl.20.2-20.8 (DAB'in Zorunlulugu - Ad-Hoc vs Daimi DAB Ayrimi),Ingiltere - Technology and Construction Court (Yargic Edwards-Stuart),"Bir 1.5 MW gunes enerjisi santralinin (catideki) kurulumu icin FIDIC Gumus Kitap sozlesmesinde, tesisin GEREKEN GUC CIKISINI (55 kW) SAGLAYAMADIGI iddiasiyla Isveren'in FIYAT INDIRIMI (£1.3 milyon) ta",DAB/Hakem Prosedur Usulsuzlugu,DAB/DAAB (On-Tahkim Kurulu),Davali Lehine,"Peterborough City Council v Enterprise Managed Services Ltd, [2014] EWHC 3193 (TCC)",Fenwick Elliott Dispatch + Building.co.uk + ArbDB Chambers (cok kaynakli dogrulama),"Davali (Yuklenici EMS) lehine - Isveren'in mahkeme davasi ERTELENDI (stayed), taraflarin ONCE DAB surecini TAMAMLAMASI EMREDILDI - FIDIC DAB'in ZORUNL",1300000,
GAP12-001,Şili (CAM Santiago),2023,Fosil Yakit/Petrol-Gaz,FIDIC-benzeri/Belirsiz (CISG veya EPC sözleşmesi),"CISG m.1(1), 3, 6 (Mal Satimi Sozlesmesi Kapsaminin Belirlenmesi - Tedarik+Montaj+Devreye Alma)",Sili - Santiago Ticaret Odasi Tahkim ve Arabuluculuk Merkezi (CAM Santiago),"Ekvador'da (Pichincha, Santo Domingo de los Tsachilas ve Cotopaxi eyaletleri kesisiminde) bir HIDROELEKTRIK SANTRALI projesi (Toachi-Pilaton) icin, Rus devlet sirketi Inter Rao UES'in TURBOJENERATOR U",Gecikme/EOT; Kalite/Kusur,Ilk Derece Tahkim (ICC/ICSID/LCIA/vb),Karma/Kismi,"Inter Rao UES & Sociedad Anonima Abierta Inter Rao Ues v Empresa Publica Estrategica Corporacion Electrica del Ecuador (CELEC E.P.), CAM Santiago Case No.3568-18 (29 Mayis 2023)","UNCITRAL CLOUT Newsletter 2025/1 (Case 2226) + cisg-online.org (resmi, ucretsiz)","Karma/detay tam erisilemedi - BUYUK BIR GUNEY AMERIKA HIDROELEKTRIK PROJESI UYUSMAZLIGI, 'insaat-bitisik ekipman tedarik sozlesmelerinin CISG mi FIDIC",,
GAP12-002,Ekvador,2021,Su/Atik Su/Baraj,FIDIC-benzeri/Belirsiz (CISG veya EPC sözleşmesi),EPC Sozlesmesi Kalite/Kusur Hukumleri; Sozlesme-Oncesi Tahkim Mekanizmasi (contractual pre-arbitration ruled against CELEC),ICC Uluslararasi Tahkim Mahkemesi (Paris) - Ekvador Devlet Sirketi v Cin Devlet Sirketi,"8000+ CATLAK tespit edilen turbogenerator DAGITICILARINDA (distributors) YAPISAL KUSURLAR nedeniyle, Ekvador'un devlet elektrik sirketi CELEC EP'nin, Cin devlet sirketi Sinohydro'ya (barajın EPC Yukle",Kalite/Kusur,DAB/DAAB (On-Tahkim Kurulu),Uzlasma,"Empresa Publica Estrategica Corporacion Electrica del Ecuador (CELEC EP) v Sinohydro Corporation Limited, ICC Uluslararasi Tahkim Mahkemesi (basvuru 17 Mayis 2021, uzlasma Haziran 2025)","Business & Human Rights Resource Centre + China Global South + Wikipedia (cok kaynakli, kamu yararı nedeniyle YOGUN haber takibi)","UZLASMA ILE SONUCLANDI (tahkim resmi olarak SONA ERDIRILDI) - Sinohydro/PowerChina, tesisin ISLETMESINI DEVRALMA KARSILIGINDA 400 milyon USD tazminat/",580000000,13
GAP13-001,Peru,2018,Karayolu/Otoyol,FIDIC-dışı (İmtiyaz Sözleşmesi),Yolsuzluk Iddiasi (Odebrecht Skandali) ile Sozlesme Geçersizliği; Sosyal Protestolar (Force Majeure/Ozel Risk); Tahkim Karari Tenfizi (FAA m.10),PCA (Lahey) Tahkimi + ABD Columbia Bolgesi Federal Mahkemesi + D.C. Temyiz Mahkemesi,"2013'te Lima Belediyesi (MML) ile Rutas de Lima (Odebrecht'in yan kurulusu) arasinda, LIMA'DA KENTSEL YOLLARIN INSAASI, IYILESTIRILMESI VE ISLETILMESI icin imzalanan IMTIYAZ SOZLESMESI kapsaminda, (1)",Degisiklik/Change Order; Kalite/Kusur; Yolsuzluk,Tenfiz/Icra (Nihai Asama),Davaci Lehine,"Rutas de Lima S.A.C. v Municipalidad Metropolitana de Lima (MML), PCA Case No.2023-34 + Ilk/Ikinci Tahkim (2018-2020) + ABD Federal Mahkemeleri (D.D.C. + D.C. Cir., 2024-2025)","jusmundi.com (tam metin, kismi ucretsiz) + law.justia.com + BNamericas",Davaci (Rutas de Lima) lehine (COK KATMANLI) - iki tahkim ODULU (toplam ~196 milyon USD) hem TAHKIM ASAMASINDA hem ABD FEDERAL MAHKEMELERINDE (Ilk Der,196000000,10
GAP14-001,Kazakistan,2025,Belirsiz/Veri Yetersiz,FIDIC-benzeri/Belirsiz,Tahkim Karari Tenfizi - Tek Hakemli Karar,"Kazakistan - AIFC Mahkemesi (Astana Uluslararasi Finans Merkezi, Yargic Lord Faulks KC)","Bir KARAYOLU BAKIM/INSAAT sozlesmesi kapsaminda, Kazak Yuklenici'nin (Temirzhol Zhondeu), Cin devlet insaat sirketi CITIC Constructions'a karsi, ODENMEYEN 228.429.662,08 KAZAKISTAN TENGESI'NIN (KZT) T",Gecikme/EOT,Tenfiz/Icra (Nihai Asama),Davaci Lehine,"Temirzhol Zhondeu LLP v CITIC Constructions Co. Ltd., AIFC Ilk Derece Mahkemesi (Astana Uluslararasi Finans Merkezi), Case No.AIFC-C/CFI/2025/0046 (19 Aralik 2025)","AIFC Mahkemesi resmi karar arsivi (court.aifc.kz, ucretsiz)","Davaci (Temirzhol Zhondeu, Kazak Yuklenici) lehine - tahkim karari TENFIZ EDILDI - AIFC MAHKEMESI'NIN (Astana, Kazakistan) ULUSLARARASI insaat TAHKIM ",470000,
GAP14-002,İsrail,2024,Karayolu/Otoyol,FIDIC-benzeri/Belirsiz,Tahkim Sozlesmesinin BAGIMSIZLIGI (Severability) Ilkesi - 1968 Tahkim Kanunu m.3,Israil - Tel Aviv Bolge Mahkemesi,"Haifa'daki Carmel Tunelleri (BOT/Yap-Islet-Devret) projesinde, tahkim SARTININ GECERLILIGINE iliskin USUL/TEKNIK EKSIKLIKLERIN, tarafların TAHKIME RIZA GOSTERMIS OLMALARINI GECERSIZ KILIP KILMADIGI",Muhendis/Mimar Karari - Clause 67 Usulu,Ilk Derece Devlet Mahkemesi,Davali Lehine,"Carmel Tunnels Ltd v Shapir Civil and Marine Engineering Ltd, Tel Aviv Bolge Mahkemesi (2024)",Lexology (Year in Review: Construction Disputes in Israel),"Davali (Yuklenici Shapir) lehine - tahkim sartinin GECERLILIGI ONANDI, Israil'de tahkim BAGIMSIZLIGI (severability) ilkesi konusunda GUNCEL bir emsal",,
GAP14-003,İsrail,2024,Su/Atik Su/Baraj,FIDIC-benzeri/Belirsiz,Devam Eden Tahkim Sirasinda Ara Basvurularin (Interlocutory Motions) Sinirlandirilmasi,Israil - Kudus Bolge Mahkemesi,"Israil'in ulusal su sirketi Mekorot ile Yuklenici Solel Boneh ARASINDAKI bir su altyapisi projesi UYUSMAZLIGINDA, TAHKIM SURECI DEVAM EDERKEN taraflardan birinin MAHKEMEYE ARA BASVURULAR (interlocutor",Siniflandirilmamis/Veri Yetersiz,Ilk Derece Devlet Mahkemesi,Davali Lehine,"Mekorot v Solel Boneh, Kudus Bolge Mahkemesi (2024)",Lexology (Year in Review: Construction Disputes in Israel),"Davali (Yuklenici Solel Boneh) lehine (usul acisindan) - mahkeme MUDAHALESI SINIRLANDIRILDI, Israil'de tahkim OZERKLIGI konusunda tamamlayici bir emsa",,
GAP15-001,İrlanda,2021,Belirsiz/Veri Yetersiz,FIDIC-dışı,Adjudikasyon Sonrasi Performans Teminati Cagrisinin Ihtiyati Tedbirle Engellenmesi,Irlanda Yuksek Mahkemesi (High Court),"Bir insaat projesinde, Yuklenici'nin (Construgomes) DAHA ONCE ADJUDIKASYON SURECINDE ELE ALINMIS/COZULMUS konularla ilgili olarak, Isveren'in (Dragados) AYRI BIR TALEP ile PERFORMANS TEMINATINI CAGIRM",DAB/Hakem Prosedur Usulsuzlugu,Istinaf/Temyiz/Yuksek Mahkeme,Devam Eden Dava,"Construgomes & Another v Dragados Ireland Limited & Others, [2021] IEHC 79",Hayes Solicitors (Construction Dispute Adjudication analizi) + Irlanda Yuksek Mahkemesi resmi karar arsivi (courts.ie),"Belirsiz/detay tam erisilemedi - IRLANDA'DA on-talep teminat CAGRILARININ, DEVAM EDEN VEYA TAMAMLANMIS ADJUDIKASYON SURECIYLE ILISKISI konusunda ONEML",,
GAP15-002,İrlanda,2002,Su/Atik Su/Baraj,FIDIC-dışı,Ihale Degerlendirmesinde 'En Ekonomik Avantajli Teklif' Kriterinin Yorumlanmasi - AB Kamu Ihale Direktifi,Irlanda Yuksek Mahkemesi (Supreme Court of Ireland),"Bir kamu yol/altyapi ihalesinde, Isveren'in (Mayo County Council) EN DUSUK TEKLIFI VEREN Yuklenici (SIAC Construction) YERINE, 'EN EKONOMIK AVANTAJLI TEKLIF' kriterine dayanarak BASKA BIR TEKLIFI KABU",Ihale Sureci,Istinaf/Temyiz/Yuksek Mahkeme,Davali Lehine,"SIAC Construction Ltd v The County Council of the County of Mayo, [2002] IESC 39 (9 Mayis 2002)",Wikipedia (SIAC Construction Ltd v Mayo County Council) + Irlanda Yuksek Mahkemesi resmi karar arsivi,Davali (Mayo County Council/Isveren) lehine - SIAC Construction'in TEMYIZI REDDEDILDI - IRLANDA'DA kamu ihalesi DEGERLENDIRME KRITERLERININ yorumu kon,,
GAP16-001,Fas,2001,Karayolu/Otoyol,FIDIC-dışı/Belirsiz (Yatırım Tahkimi),ICSID Sozlesmesi m.25(1) - 'YATIRIM' KAVRAMININ TANIMI (SALINI TESTI'NIN DOGUSU),ICSID (Dunya Bankasi Yatirim Uyusmazliklari Cozum Merkezi),"Iki Italyan sirketinin (Salini Costruttori ve Italstrade) OLUSTURDUGU KONSORSIYUMUN, Fas'ta 50 KM'LIK BIR OTOYOLUN INSAASI icin kazandigi ihale SONRASI, insaati 36 AYDA (planlanandan 4 AY GEC) TAMAMLA",Gecikme/EOT; Odeme Uyusmazligi; Ihale Sureci,Ilk Derece Tahkim (ICC/ICSID/LCIA/vb),Davaci Lehine,"Salini Costruttori S.p.A. and Italstrade S.p.A. v Kingdom of Morocco, ICSID Case No.ARB/00/4 (Yetki Karari, 23 Temmuz 2001)","investmentpolicy.unctad.org (resmi, ucretsiz) + Jus Mundi 'Salini Test' analizi + Fordham Law Review","Davaci (Italyan Konsorsiyum) lehine (yetki asamasi) - ICSID YETKISI ONANDI; 'SALINI TESTI', SONRAKI 20+ YILDIR YUZLERCE ICSID davasinda 'yatirim' tani",,6
GAP16-002,Cezayir,2020,Karayolu/Otoyol,FIDIC-dışı/Belirsiz (Yatırım Tahkimi),"Cezayir-Ispanya IKILI YATIRIM ANLASMASI (1994) - Dolayli Kamulastirma, Adaletin Reddi",ICSID (Dunya Bankasi Yatirim Uyusmazliklari Cozum Merkezi),"Ispanyol insaat sirketinin (Ortiz), Cezayir'de 5.000 KONUT UNITESI INSAASI VE SATISI icin BIR ORTAK GIRISIM SIRKETI araciligiyla katildigi bir kamu IHALE SURECINDE, Cezayir MAKAMLARININ KENDISINE SOZ ",Ihale Sureci,Ilk Derece Tahkim (ICC/ICSID/LCIA/vb),Davaci Lehine,"Ortiz Construcciones y Proyectos S.A. v People's Democratic Republic of Algeria, ICSID Case No.ARB/17/1 (Nihai Karar, 29 Nisan 2020)","investmentpolicy.unctad.org (UNCTAD resmi, ucretsiz)","Davali (Cezayir Devleti) lehine - Davaci'nin TUM TALEPLERI ESASTAN REDDEDILDI - kamu ihalesi surecinde BASARISIZ OLAN bir insaat sirketinin, bunu 'YAT",,
GAP17-001,Panama,2020,Sanayi Tesisi/Fabrika,FIDIC-dışı/Belirsiz,"Panama-ABD Ticaret Tesvik Anlasmasi (TPC) m.10.16 - Dolayli Kamulastirma, Adil/Esit Muamele",ICSID (Panama-ABD TPC m.10.16 kapsaminda yatirim tahkimi),"Panama'da bir REHABILITASYON MERKEZI insaati icin, Panama Devleti'nin PROJE KAPSAMINI GENISLETME TALEBI uzerine Yuklenici'nin (IBT Group) YENI BIR TASARIM HAZIRLAMASINA RAGMEN, Devletin bu GENISLETILM",Fesih; Kalite/Kusur,Ilk Derece Tahkim (ICC/ICSID/LCIA/vb),Belirsiz/Detay Sinirli,"IBT Group LLC and IBT LLC v Republic of Panama, ICSID (Panama-ABD Ticaret Tesvik Anlasmasi kapsaminda, basvuru 11 Agustos 2020)","jusmundi.com (Tahkim Basvurusu, ucretsiz erisim)","Belirsiz/devam ediyor - PANAMA VE ORTA AMERIKA'DA kamu insaat sozlesmesi FESHI + KAPSAM DEGISIKLIGI + YATIRIM TAHKIMI kesisiminde nadir, iyi belgelenm",,
GAP17-002,Kosta Rika,2021,Belirsiz/Veri Yetersiz,FIDIC-dışı/Belirsiz,"Ana Insaat Sozlesmesindeki Tahkim Sartinin, Ayri/Yardimci Bir Sigorta Sozlesmesine GENISLETILEMEYECEGI",Kosta Rika Yuksek Adalet Divani (Corte Suprema de Justicia) - Birinci Daire,"Bir ANA INSAAT SOZLESMESINDE yer alan tahkim SARTININ, bu sozlesmeye BAGLI/YARDIMCI NITELIKTEKI AYRI BIR SIGORTA SOZLESMESINDEN DOGAN bir UYUSMAZLIGI da KAPSAYIP KAPSAMADIGI",Kalite/Kusur,Istinaf/Temyiz/Yuksek Mahkeme,Davali Lehine,"Sentencia N.002079-C-S1-2021, Kosta Rika Yuksek Adalet Divani Birinci Dairesi (Sala Primera), 18 Kasim 2021",Consortium Legal (Kosta Rika hukuk analizi) + vLex Costa Rica,Davali lehine - tahkim sartinin GENISLETILEMEYECEGINE karar verildi - KOSTA RIKA'DA insaat sozlesmelerindeki tahkim sartlarinin KAPSAMI konusunda ONEM,,
GAP17-003,Portekiz,2010,Sanayi Tesisi/Fabrika,FIDIC-dışı/Belirsiz,Hakem Kararinin Denetimi - Sozlesmeden Dogan Hak Kaybi (Caducidade) Suresi,Portekiz - Lizbon Istinaf Mahkemesi (Tribunal da Relacao de Lisboa),"12 Ocak 1998 tarihli, Amadora'daki bir FABRIKA TESISININ INSAAT VE YENILEME islerini kapsayan (220.000.000$00 bedelli, 6 AYLIK sure ongoren) bir insaat sozlesmesinde, Yuklenici'nin GECIKME nedeniyle a",Gecikme/EOT; Kalite/Kusur; Odeme Uyusmazligi; Ihale Sureci,Istinaf/Temyiz/Yuksek Mahkeme,Karma/Kismi,"Acordao do Tribunal da Relacao de Lisboa, Contrato de Empreitada Davasi (Amadora Fabrika Tesisi Projesi)",jurisprudencia.pt (Portekiz mahkeme kararlari resmi/ucretsiz arsivi),"Karma - HER IKI TARAFIN DA taleplerinin hak dusurucu SURE ASIMI nedeniyle DUSTUGUNE karar verildi, hakem kurulu KARARI ONANDI - PORTEKIZ'DE insaat soz",,
GAP18-001,Mısır,2024,Belirsiz/Veri Yetersiz,FIDIC-dışı,Medeni Kanun m.663 - Sozlesme Feshinin GERIYE DONUK ETKISI OLMAMASI,Misir Temyiz Mahkemesi (Mahkemet en-Nakd) - Medeni Daireler,"Bir insaat sozlesmesinin (Aqd al-Muqawala) ANLASMA VEYA MAHKEME KARARIYLA FESHEDILMESI HALINDE, bu FESHIN insaatin BASLANGICINA KADAR GERIYE DONUK (retroactive) etki YAPIP YAPMAYACAGI, yoksa FESIH ANI",Fesih,Istinaf/Temyiz/Yuksek Mahkeme,Belirsiz/Detay Sinirli,"Misir Temyiz Mahkemesi (Mahkemet en-Nakd) Karari, Temyiz No.6198/92, 10 Haziran 2024","lawyeregypt.net (Misir Temyiz Mahkemesi karar arsivi derlemesi, ucretsiz)",Belirsiz/ilke karari - MISIR MEDENI HUKUKUNDA insaat sozlesmesi FESHININ GERIYE DONUK OLMADIGI ilkesi ONANDI - COK GUNCEL (Haziran 2024) bir Temyiz Ma,,
GAP18-002,Mısır,2018,Belirsiz/Veri Yetersiz,FIDIC-dışı,Medeni Kanun m.663 - Goturu Bedelli Sozlesmede EK/DEGISIKLIK ISLERI Icin Ek Odeme Sarti,Misir Temyiz Mahkemesi (Mahkemet en-Nakd) - Medeni Daireler,"GOTURU BEDELLI (sabit fiyatli, 1.300.000 EGP) bir insaat sozlesmesinde, Yuklenici'nin TASARIMDA YAPILAN EKLEME/DEGISIKLIKLER (ek is) icin SOZLESME BEDELININ UZERINDE EK ODEME talep edip EDEMEYECEGI - ",Degisiklik/Change Order; Odeme Uyusmazligi,Istinaf/Temyiz/Yuksek Mahkeme,Davali Lehine,Misir Temyiz Mahkemesi Karari - Ek/Degisiklik Islerinin Bedeli (Tasarim Degisikligi Davasi),"lawyeregypt.net (Misir Temyiz Mahkemesi karar arsivi derlemesi, ucretsiz)",Davali (Ana Yuklenici) lehine agirlikli - Alt talep KISMEN REDDEDILDI (ispat yuku YERINE GETIRILEMEDIGI icin) - MISIR'DA goturu bedelli sozlesmelerde ,,
GAP18-003,Çin,2026,Bina/Konut/Ticari,FIDIC-dışı,Insaat Muteahhitlik LISANSI/YETERLILIGI 'ODUNC ALMA' (Zizhi Jieyong) Uygulamasinin Gecersizligi ve Tazminat Hakki,Cin Yuksek Halk Mahkemesi (Supreme People's Court) - Resmi 'Tipik Vaka' Serisi,"Bir GAYRIMENKUL SIRKETININ (Isveren), sozlesmeyi imzalarken KARSI TARAFIN (Ge) BASKA BIR INSAAT SIRKETININ MUTEAHHITLIK LISANSINI 'ODUNC ALARAK' (yeterlilik odunc alma - Cin'de YAYGIN ama YASAK bir uy",Odeme Uyusmazligi,Istinaf/Temyiz/Yuksek Mahkeme,Davaci Lehine,Cin Yuksek Halk Mahkemesi (Zui Gao Renmin Fayuan) Resmi Ornek Karari No.1 - 'Yeterlilik Odunc Alma' (Zizhi Jieyong) Davasi (Temmuz 2026 yayimlandi),Cin Yuksek Halk Mahkemesi resmi web sitesi (court.gov.cn) + Fujian Il Kalkinma ve Reform Komisyonu resmi yayini,"Davaci (Ge, gercek muteahhit) lehine - Isveren'in INDIRIMLI TAZMINAT ODEMESI GEREKTIGINE karar verildi - CIN YUKSEK MAHKEMESI'NIN, YENI (2026) YARGISA",,
GAP19-001,Mozambik,2023,Demiryolu/Metro,FIDIC-dışı/Belirsiz (Yatırım Tahkimi),"Hindistan-Mozambik Ikili Yatirim Anlasmasi (2009) - Dolayli Kamulastirma, Adil ve Esit Muamele",PCA (Lahey) - UNCITRAL Kurallari,"Zambezia kiyisinda bir DEMIRYOLU HATTI insaasi VE YENI BIR LIMAN GELISTIRILMESI icin planlanan bir KAMU-OZEL ORTAKLIGI (PPP) projesinde, Hindistan yatirimcisinin (Mittal), 2011 tarihli bir NIYET MEKTU",Ihale Sureci,Ilk Derece Tahkim (ICC/ICSID/LCIA/vb),Davaci Lehine,"Mittal & Ors v Republic of Mozambique, PCA Case No.2020-21 (Hindistan-Mozambik BIT 2009 kapsaminda)","investmentpolicy.unctad.org (UNCTAD ISDS Navigator, resmi/ucretsiz)","Davali (Mozambik Devleti) lehine - Davaci'nin TALEPLERI REDDEDILDI - bir ALTYAPI PROJESI ICIN NIYET MEKTUBUNUN, BAGLAYICI BIR IMTIYAZ HAKKI DOGURMADIG",156000000,4
GAP20-001,Çin,2016,Bina/Konut/Ticari,FIDIC-dışı (Tasarım Sözleşmesi),CIETAC Hong Kong Tahkim Kararinin Cin Anakarasinda ILK KEZ Tenfizi,Cin - Nanjing Orta Halk Mahkemesi (Jiangsu Eyaleti),"ABD merkezli mimarlik firmasi Ennead'in, Cin'deki bir gayrimenkul gelistirme sirketine (Fuli Nanjing) karsi, ODENMEYEN TASARIM UCRETLERI VE FAIZ icin 2015'te CIETAC HONG KONG'DA baslattigi tahkim SONU",Para Birimi/Faiz Uyusmazligi,Tenfiz/Icra (Nihai Asama),Davaci Lehine,"Ennead Architects International LLP v Fuli Nanjing Dichan Kaifa Youxian Gongsi (Fuli Nanjing Emlak Gelistirme A.S.), Nanjing Orta Halk Mahkemesi (Jiangsu Eyaleti), 13 Aralik 2016",King & Wood Mallesons (Lexology) dava analizi,"Davaci (Ennead Architects) lehine - CIETAC HK karari Cin ANAKARASINDA BASARIYLA TENFIZ EDILDI - bu, CIETAC HK'nin 'Kusak ve Yol' (Belt and Road) proje",,16
GAP21-001,Azerbaycan,2018,Kopru/Tunel,FIDIC-dışı/Belirsiz (Yatırım Tahkimi),"Azerbaycan-Turkiye Ikili Yatirim Anlasmasi (1994) - Dolayli Kamulastirma, Adil/Esit Muamele",ICSID (Washington D.C.) - Azerbaycan-Turkiye BIT (1994),"Turk is adami Cem Selcuk Ersoy'un, Baku'de IKI SU VE KANALIZASYON TOPLAMA TUNELI insaati icin YEREL OLARAK KURULMUS bir sirkete sahip olarak YAPTIGI YATIRIMIN, Azerbaycan SU VE VERGI IDARELERININ ADAL",Devletlestirme/Kamulastirma; Yatirim Anlasmasi Ihlali (BIT/ICSID); Vergi Uyusmazligi,Ilk Derece Tahkim (ICC/ICSID/LCIA/vb),Uzlasma,"Cem Selcuk Ersoy v Republic of Azerbaijan, ICSID Case No.ARB/18/6 (Azerbaycan-Turkiye IKILI YATIRIM ANLASMASI 1994 kapsaminda, 14 Mart 2018)",italaw.com + UNCTAD ISDS Navigator + IAReporter (hepsi ucretsiz erisilebilir ozet),UZLASMA ILE SONUCLANDI (detaylar gizli) - TURK BIR YATIRIMCININ Azerbaycan'daki bir su/kanalizasyon TUNEL INSAATI projesinde yasadigi anlasmazligin UL,60000000,2
GAP21-002,Suudi Arabistan,2019,Egitim/Kampus,FIDIC-dışı/Belirsiz (Yatırım Tahkimi),Turkiye-Suudi Arabistan Ikili Yatirim Anlasmasi - Yatirim Uyusmazligi,ICSID (Washington D.C.) - Turkiye-Suudi Arabistan Ikili Yatirim Anlasmasi kapsaminda,"Turk insaat sirketi DSG Yapi Sanayi Ticaret A.S.'nin, Suudi Arabistan'daki bir YATIRIM/PROJE ile ILGILI olarak Suudi Devleti'ne KARSI ICSID'DE basvurdugu tahkim - TEZINIZIN 'Korfez bolgesi FIDIC/EPC d",Yatirim Anlasmasi Ihlali (BIT/ICSID),Ilk Derece Tahkim (ICC/ICSID/LCIA/vb),Belirsiz/Detay Sinirli,"DSG Yapi Sanayi Ticaret Anonim Sirketi v Kingdom of Saudi Arabia, ICSID Case No.ARB/19/32",Global Arbitration Review (Investment Treaty Arbitration: Turkiye raporu) + italaw.com,"SONLANDIRILDI/UZLASMA (detaylar sinirli erisilebilir) - SUUDI ARABISTAN icin bulunan ILK GERCEK, isimlendirilmis insaat-iliskili tahkim davasi - Korfe",,2
GAP22-001,Libya,2019,Bina/Konut/Ticari,FIDIC-dışı/Belirsiz (Yatırım Tahkimi),Libya-Turkiye Ikili Yatirim Anlasmasi (2009) - Yatirim Uyusmazligi,ICC Tahkimi (Baskan Jacob Grierson) - Libya-Turkiye Ikili Yatirim Anlasmasi (2009),"Turk insaat sirketi Oztas Construction'in, Libya'daki bir YATIRIM/PROJE ile ilgili olarak, LIBYA IC SAVASI/ISTIKRARSIZLIK DONEMI kaynakli olasi kayiplar icin Libya Devleti'ne KARSI ICC'de basvurdugu y",Kalite/Kusur,Ilk Derece Tahkim (ICC/ICSID/LCIA/vb),Davaci Lehine,"Oztas Construction, Construction Materials Trading Inc. v Libya, ICC Tahkimi No.21603/ZF/AYZ (Libya-Turkiye BIT 2009 kapsaminda)","italaw.com (resmi, ucretsiz - Case No.8098)","Davali (Libya Devleti) lehine - Davaci'nin talepleri REDDEDILDI, MASRAF ODEMESINE HUKMEDILDI (Turk hakem Ayoglu'nun KARSI OYUYLA) - LIBYA'DAKI TURK YU",,2
GAP22-002,Libya,2019,Belirsiz/Veri Yetersiz,FIDIC-dışı/Belirsiz (Yatırım Tahkimi),Yatirim Anlasmasi Kapsaminda Tazminat Talebi,ICC Tahkimi - Libya-Turkiye Ikili Yatirim Anlasmasi (2009) kapsaminda olasi,"Turk insaat sirketi Etrak Insaat Taahhut'un, Libya'daki bir YATIRIM/INSAAT PROJESI ile ilgili olarak Libya Devleti'ne KARSI actigi ICC tahkimi - LIBYA'DAKI 2011 SONRASI SIYASI ISTIKRARSIZLIK DONEMINDE",Siniflandirilmamis/Veri Yetersiz,Ilk Derece Tahkim (ICC/ICSID/LCIA/vb),Belirsiz/Detay Sinirli,"Etrak Insaat Taahhut Ticaret Anonim Sirketi v Libya, ICC Tahkimi, Karar 22 Temmuz 2019",Global Arbitration Review (Investment Treaty Arbitration: Turkiye raporu),"Belirsiz/detay sinirli - LIBYA'DAKI Turk yuklenici projelerinin AKIBETINI gosteren IKINCI bir ornek, ayni cografyayi (Libya) DOGRULAYAN destekleyici b",,8
GAP23-001,Türkmenistan,2014,Bina/Konut/Ticari,FIDIC-dışı/Belirsiz (Yatırım Tahkimi),Turkiye-Turkmenistan BIT - Odenmeyen Insaat Alacaklari,ICSID - Turkiye-Turkmenistan BIT (1992),"Turk insaat sirketi Kilic Insaat'in, Turkmenistan'da CESITLI KAMU INSAAT PROJELERI kapsaminda YAPTIGI ISLERIN ODENMEMESI nedeniyle, Turkiye-Turkmenistan BIT KAPSAMINDA yaklasik 300 MILYON USD tazminat",Odeme Uyusmazligi; Yatirim Anlasmasi Ihlali (BIT/ICSID),Ilk Derece Tahkim (ICC/ICSID/LCIA/vb),Karma/Kismi,"Kilic Insaat Ithalat Ihracat Sanayi ve Ticaret Anonim Sirketi v Turkmenistan, ICSID Case No.ARB/10/1 (Nihai Karar, 2 Temmuz 2014)","italaw.com (Case No.1220, resmi/ucretsiz)","Karma/detay sinirli erisilebilir - TURKMENISTAN'IN Turk yuklenicilere karsi EN AZ 9 AYRI TAHKIMDE davali oldugu SERININ bir PARCASI, Icicale'den (zate",300000000,5
GAP23-002,Türkmenistan,2012,Sanayi Tesisi/Fabrika,FIDIC-dışı/Belirsiz (Yatırım Tahkimi),Turkiye-Turkmenistan BIT m.VII(2) - Yetki Itirazi (Cesitli Insaat Sozlesmelerinin FESHI),ICSID - Turkiye-Turkmenistan BIT (1992),"Turk insaat sirketi Sehil Insaat'in (cogunluk hissedari Muhammet Cap), Turkmenistan'da 32 AYRI INSAAT PROJESI (su/atik aritma tesisleri, demir-celik fabrikasi, okullar, hukumet binalari) kapsaminda ma",Gecikme/EOT; Degisiklik/Change Order,Ilk Derece Tahkim (ICC/ICSID/LCIA/vb),Belirsiz/Detay Sinirli,"Muhammet Cap & Sehil Insaat Endustri ve Ticaret Ltd. Sti. v Turkmenistan, ICSID Case No.ARB/12/6 (Yetki Karari)","italaw.com (case-documents/italaw4163.pdf, resmi/ucretsiz)","Belirsiz/detay sinirli - Turkmenistan'a karsi UCUNCU FARKLI Turk yuklenici davasi, ayni BIT MADDESININ (VII.2) TEKRARLANAN YORUM SORUNUNU gosteren one",500000000,9
GAP23-003,Türkmenistan,2016,Bina/Konut/Ticari,FIDIC-dışı/Belirsiz (Yatırım Tahkimi),Turkiye-Turkmenistan BIT - Insaat Projesi Uyusmazligi,ICSID - Turkiye-Turkmenistan BIT (1992),"Ingiltere'de kurulu ama COGUNLUK Turk sermayeli (Garanti Koza Insaat Sanayi %45 hissedar) bir ORTAKLIGIN, Turkmenistan'daki bir INSAAT PROJESI ile ilgili basvurdugu tahkim - ICKALE KARARININ (2016) bu",Yatirim Anlasmasi Ihlali (BIT/ICSID),Ilk Derece Tahkim (ICC/ICSID/LCIA/vb),Belirsiz/Detay Sinirli,"Garanti Koza LLP v Turkmenistan, ICSID Case No.ARB/11/20 (Nihai Karar, 19 Aralik 2016)","ICSID resmi belgeleri (icsid.worldbank.org, ucretsiz)","Belirsiz/detay sinirli - Turkmenistan'a karsi DORDUNCU Turk yuklenici davasi - AYNI BIT MADDESI VE EMSALLERIN (Icicale) TEKRAR TEKRAR ATIF YAPILDIGI, ",,8
GAP23-004,Özbekistan,2013,Karayolu/Otoyol,FIDIC-dışı/Belirsiz (Yatırım Tahkimi),Turkiye-Ozbekistan BIT - Yatirim Uyusmazligi,ICSID - Turkiye-Ozbekistan BIT kapsaminda,"Turk sirketi Federal Elektrik Yatirim ve Ticaret A.S.'nin, Ozbekistan'daki bir YATIRIM/PROJE ile ilgili olarak Ozbek Devleti'ne KARSI basvurdugu ICSID tahkimi - TURK YUKLENICILERIN ORTA ASYA'DAKI (Tur",Yatirim Anlasmasi Ihlali (BIT/ICSID),Ilk Derece Tahkim (ICC/ICSID/LCIA/vb),Belirsiz/Detay Sinirli,"Federal Elektrik Yatirim ve Ticaret A.S. and Others v Republic of Uzbekistan, ICSID Case No.ARB/13/9","Global Arbitration Review (Turkiye Yatirim Tahkimi raporu, files.lbr.cloud)","Belirsiz/detay sinirli - ORTA ASYA'DA (Turkmenistan disinda) TURK YUKLENICI YATIRIMININ BULUNDUGU, YENI bir cografya (Ozbekistan)",,7
GAP24-001,Türkmenistan,2020,Bina/Konut/Ticari,FIDIC-dışı/Belirsiz (Yatırım Tahkimi),Turkiye-Turkmenistan BIT - Insaat Projeleri Kaynakli Talepler,ICSID - Turkiye-Turkmenistan BIT (1992),"Turk sirketi Lotus Holding'in, Turkmenistan'daki CESITLI INSAAT PROJELERI ile ilgili olarak ACTIGI TUM TALEPLERIN, ICSID Tahkim Heyeti tarafindan REDDEDILDIGI dava - TURKMENISTAN'IN Turk yuklenicilere",Yatirim Anlasmasi Ihlali (BIT/ICSID),Ilk Derece Tahkim (ICC/ICSID/LCIA/vb),Davaci Lehine,"Lotus Holding v Turkmenistan, ICSID Tahkimi (Nihai Karar, Nisan 2020)","business.com.tm (Turkmenistan is dunyasi haber kaynagi, ucretsiz)",Davali (Turkmenistan) lehine - Davaci'nin talepleri TAMAMEN REDDEDILDI - TURKMENISTAN'IN Turk yuklenicilere karsi TUTARLI SAVUNMA BASARISININ (Icicale,,7
GAP25-001,Kırgızistan,2019,Karayolu/Otoyol,FIDIC-dışı/Belirsiz (Yatırım Tahkimi),Kazakistan-Kirgizistan BIT - Dolayli Kamulastirma,UNCITRAL Tahkimi (yer: Londra) - Kazakistan-Kirgizistan Ikili Yatirim Anlasmasi,"Kazak devlet sirketinin, Kirgizistan'da bir FERROALYAJ TESISI insaati icin yaptigi YATIRIMIN, projenin GERCEKLESTIRILEMEMESI (unrealized project) NEDENIYLE KAMULASTIRILDIGI iddiasiyla actigi, 50 MILYO",Devletlestirme/Kamulastirma; Yatirim Anlasmasi Ihlali (BIT/ICSID),Ilk Derece Tahkim (ICC/ICSID/LCIA/vb),Davaci Lehine,"National Center on Complex Processing of Mineral Raw Materials (Kazak Devlet Sirketi) v Kyrgyz Republic, UNCITRAL Tahkimi (yer: Londra, esas durusma: Lahey, Nisan 2023)","Global Arbitration Review (Regions: Kyrgyzstan, italaw disi kaynak)",Davali (Kirgizistan) lehine - Davaci'nin talepleri REDDEDILDI - ORTA ASYA'DA (Kazakistan-Kirgizistan ARASI) bir ALTYAPI/SANAYI TESISI insaati YATIRIM ,50000000,4
GAP25-002,Kırgızistan,2006,Madencilik,FIDIC-dışı/Belirsiz (Yatırım Tahkimi),Kirgizistan-Turkiye BIT - Yatirim Uyusmazligi,ICSID - Kirgizistan-Turkiye Ikili Yatirim Anlasmasi kapsaminda,"Turk insaat sirketi Sistem Muhendislik'in, Bişkek'te 400 yatakli 4 yildizli bir OTEL PROJESI (Ak-Keme-Pinara Oteli) insaati icin Kirgiz Devleti ile ORTAK GIRISIM yaptigi 1993 tarihli sozlesme kapsamin",Odeme Uyusmazligi,Ilk Derece Tahkim (ICC/ICSID/LCIA/vb),Belirsiz/Detay Sinirli,"Sistem Muhendislik Insaat Sanayi ve Ticaret A.S. v Kyrgyz Republic, ICSID Tahkimi (basvuru 2006 civari)","dailyjus.com (Construction and Investment Arbitration Trends makalesi, italaw disi kaynak)","Belirsiz/detay sinirli - TURK YUKLENICILERIN ORTA ASYA'DAKI YATIRIM TAHKIMI FAALIYETININ Turkmenistan DISINDAKI (Kirgizistan) bir baska ORNEGI, TARIHS",,13
GAP26-001,Kırgızistan,2009,Kopru/Tunel,FIDIC (İnşaat Mühendisliği Şartları - Kırmızı Kitap türü),Sozlesmeye Uygulanan Hukuk (Kirgiz Medeni Kanunu); Zamanasimi,"UNCITRAL Tahkimi (yer: Bişkek, Kirgizistan)","Turk insaat sirketi Entes'in, bir YOL REHABILITASYONU projesinde (km 248-412 arasi, korkuluk VE beton PARAPETLER, IKI KISA TUNELIN rehabilitasyonu DAHIL - Bolum A ve Bolum B) YAPTIGI ISLER icin, Kirgi",Zamanasimi/Sure Siniri; Muhendis/Mimar Karari - Clause 67 Usulu,Ilk Derece Tahkim (ICC/ICSID/LCIA/vb),Davaci Lehine,"Entes Industrial Plants Construction and Erection Contracting Co. Inc. v Ministry of Transport and Communications of the Kyrgyz Republic, UNCITRAL Tahkimi (yer: Bişkek)","italaw.com (case-documents/italaw9975, mahkeme dava dosyasindan - ABD Federal Mahkemesi 1:18-cv-02228 ekinde)","Karma/detay - USUL ASAMASINDA Davaci lehine (zamanasimi REDDEDILDI) - FIDIC INSAAT MUHENDISLIGI SARTLARININ DOGRUDAN KULLANILDIGI DOGRULANMIS, KIRGIZI",,
GAP27-001,Gürcistan,2025,Karayolu/Otoyol,FIDIC-dışı/Belirsiz,AIFC Anayasal Kanunu m.14 - Yabanci Hakem Karari Tenfizi,Kazakistan - AIFC Ilk Derece Mahkemesi (Astana Uluslararasi Finans Merkezi),"Gurcistan Ulastirma Altyapisi Bakanligi'nin, Italyan insaat sirketi Todini Costruzioni Generali S.p.A. ile arasindaki bir OTOYOL PROJESI sozlesme uyusmazliginda VERILEN yabanci hakem kararinin, Kazaki",Tenfiz/Icra,Tenfiz/Icra (Nihai Asama),Davaci Lehine,"Roads Department of the Ministry of Infrastructure of Georgia (Gurcistan Adalet Bakanligi temsilinde) v Todini Costruzioni Generali S.p.A., AIFC Mahkemesi Karari No.25/2025 (30 Ekim 2025, Yargic Montagu-Smith)","court.aifc.kz (resmi, ucretsiz) + vkp.ua hukuk analizi","Davaci (Gurcistan Yollar Dairesi) lehine - yabanci hakem karari TENFIZ EDILDI - bu KARAR, SONRADAN (Naftogaz v Gazprom, Posco davalari) 'YANLIS KARAR ",,
GAP27-002,Kazakistan (Güney Kore bağlantılı),2025,Madencilik,FIDIC-dışı/Belirsiz,AIFC Mahkemesi'nin Yetki Sinirlari - Zurih'te Oturan ICC Karari Tenfizi,Kazakistan - AIFC Ilk Derece Mahkemesi,"Guney Koreli sirket Posco'nun, Zurih'te (Isvicre) oturan bir ICC Tahkim Heyeti'nden ALDIGI 25 MILYON USD'lik (faiz VE masraflar dahil) kararin, Kazakistan devlet kurulusuna (National Centre for Comple",Tahkim Masraflari,Tenfiz/Icra (Nihai Asama),Davali Lehine,"Posco v Republican State Enterprise 'National Centre for Complex Processing of Mineral Raw Materials', AIFC Mahkemesi Karari No.66/2025 (Yargic Sir Rupert Jackson)",eldwicklaw.com + vkp.ua (AIFC Mahkemesi karar analizi),"Davali (Kazak Devlet Kurulusu) lehine - Posco'nun tenfiz talebi REDDEDILDI, AIFC Mahkemesi'nin YETKISI OLMADIGINA karar verildi - ONCEKI Todini EMSALI",25000000,
GAP28-001,Nijerya,2023,Sanayi Tesisi/Fabrika,FIDIC-dışı/Belirsiz,Ingiliz Tahkim Kanunu 1996 m.68 - 'Ciddi Usulsuzluk' (Serious Irregularity) - Dolandiricilik/Rüşvet,Ingiltere - Ticaret Mahkemesi (Commercial Court),2010'da Nijerya ile P&ID (Britanya Virjin Adalari merkezli sirket) arasinda imzalanan 20 YILLIK bir GAZ TEDARIK VE ISLEME ANLASMASI (Calabar'da bir ISLEME TESISI INSAASI VE ISLETILMESI icerecekti) kap,Yolsuzluk,Hakem Karari Iptal Davasi/Mahkeme Denetimi,Davaci Lehine,"The Federal Republic of Nigeria v Process & Industrial Developments Limited (P&ID), [2023] EWHC 2638 (Comm) (Yargic Robin Knowles, 23 Ekim 2023)","judiciary.uk (Ingiltere resmi yargi arsivi, ucretsiz) + Wikipedia + coklu hukuk analizi","Davaci (Nijerya) lehine - 11 MILYAR USD'lik tahkim karari IPTAL EDILDI - bu, Nijerya'nin YILLIK FEDERAL BUTCESININ NEREDEYSE UCTE BIRINE ESIT bir MIKT",11000000000,7
GAP28-002,Gana,2024,Egitim/Kampus,Gümüş Kitap - 1999,EPC/Turnkey Proje Sartlari,"ICC Tahkimi (yer: Nairobi, Kenya) - Gana Genclik ve Spor Bakanligi ile Yuklenici arasinda","Gana Genclik ve Spor Bakanligi'nin, bir SPOR ALTYAPISI/TESISI EPC-Turnkey projesi (FIDIC Gumus Kitap 1999 esasli) kapsaminda, Yuklenici ile YASADIGI uyusmazligin ICC'de (tahkim yeri Nairobi, Kenya - b",Siniflandirilmamis/Veri Yetersiz,Ilk Derece Tahkim (ICC/ICSID/LCIA/vb),Belirsiz/Detay Sinirli,"Ministry of Youth and Sports of Ghana v [Yuklenici - anonimlestirilmis], ICC Case No.27732/CPB (Nihai Karar, 8 Mart 2024, tahkim yeri: Nairobi)","Howard Kennedy 'Table of FIDIC Cases' (02.12.2024 guncel, ucretsiz PDF)","Belirsiz/detay sinirli - GANA'DAKI bir SPOR ALTYAPISI projesinde FIDIC Gumus Kitap KULLANIMININ DOGRULANDIGI, Bati Afrika'da (Nijerya disinda) YENI bi",,25
GAP29-001,Etiyopya,2001,Su/Atik Su/Baraj,FIDIC-dışı/Belirsiz,Genel Sartlar m.67.3/67.3.4 (Tahkim Yontemi - ICC mi Ad-Hoc mi); ICC Kurallari vs Etiyopya Medeni Kanunu,"ICC Tahkimi (yer: Addis Ababa, Etiyopya)",AYNI ITALYAN INSAAT SIRKETININ (Salini Costruttori - Fas davasinda 'Salini Testi'ni OLUSTURAN sirket) Etiyopya'da (Addis Ababa Su ve Kanalizasyon Idaresi ile) YASADIGI bir ALTYAPI PROJESI uyusmazligin,Siniflandirilmamis/Veri Yetersiz,Ilk Derece Tahkim (ICC/ICSID/LCIA/vb),Davaci Lehine,"Salini Costruttori S.p.A. v The Federal Democratic Republic of Ethiopia (Addis Ababa Su ve Kanalizasyon Idaresi), ICC Tahkimi (Nihai Karar, 7 Aralik 2001)",jusmundi.com (resmi/ucretsiz erisim),"Davaci (Salini) lehine (yetki asamasinda) - ICC Tahkim Heyeti YETKISINI KORUDU, Davali'nin yerel mahkeme STRATEJISI BASARISIZ oldu - AYNI ULUSLARARASI",,1
GAP29-002,Angola,2024,Fosil Yakit/Petrol-Gaz,FIDIC-dışı/Belirsiz,Angola-Portekiz BIT - Sozlesme Feshi ve Ekipman El Koyma,ICSID - Angola-Portekiz BIT (2008),"Portekizli yatirimcinin, yerel sirketi (Aenergy S.A.) araciligiyla Angola'daki KAMU KURUMLARIYLA imzaladigi 13 SOZLESME (GUC SANTRALLERI icin EKIPMAN TEDARIKI VE KURULUMU) kapsaminda, Angola Hukumeti'",Devletlestirme/El Koyma,Ilk Derece Tahkim (ICC/ICSID/LCIA/vb),Devam Eden Dava,"Ricardo Filomeno Duarte Ventura Leitao Machado v Republic of Angola, ICSID Case No.ARB/24/8 (Devam Eden Dava, Kural 41 Karari 29 Mayis 2025)","icsidfiles.worldbank.org (resmi ICSID belgesi, ucretsiz) + UNCTAD ISDS Navigator","Belirsiz/devam eden dava - ANGOLA'DAKI GUC SANTRALI EKIPMANI tedarik/kurulum sozlesmelerinin FESHI VE EL KOYMA iddiasi konusunda, PORTEKIZ-ANGOLA BAGL",,
GAP30-001,Senegal,1991,Sanayi Tesisi/Fabrika,FIDIC-dışı/Belirsiz,ICSID Sozlesmesi m.54 - Yabanci Devlete Karsi ICSID Kararinin TENFIZI,ICSID + Fransa Yargitayi (Cour de Cassation),"Bir HAZIR BETON URETIM TESISI kurulumu/insaati ile ilgili Senegal Devleti ile YASANAN uyusmazlikta VERILEN ICSID kararinin, Senegal'in FRANSA'DAKI VARLIKLARINA karsi TENFIZ EDILMESI - bir DEVLETIN KEN",Tenfiz/Icra,Tenfiz/Icra (Nihai Asama),Davaci Lehine,"Societe Ouest Africaine des Betons Industriels (SOABI) v Republic of Senegal, ICSID Case No.ARB/82/1 + Fransa Yargitayi (Cour de Cassation) Karari, 11 Haziran 1991","Columbia Law School - American Review of International Arbitration (aria.law.columbia.edu, ucretsiz)","Davaci (SOABI) lehine - ICSID kararinin TENFIZI ONAYLANDI - bu, ICSID SISTEMININ ULUSLARARASI GUVENILIRLIGINI SAGLAMLASTIRAN, DUNYA CAPINDA COK ATIF Y",,9
GAP30-002,Gine,2012,Bina/Konut/Ticari,FIDIC-dışı/Belirsiz,'Yatirim' Tanimi - Salini Testi Uygulamasi,ICSID,"Fransiz sirketi Gaeta'nin, Conakry'de (Gine) 'Cite des Chemins de Fer' adli bir SITEDE, TICARI/IDARI/BANKACILIK amacli BIRDEN FAZLA BINA insaasi icin 1997'de bir INSAAT KIRALAMA SOZLESMESI kapsaminda ",Yatirim Anlasmasi Ihlali (BIT/ICSID),Ilk Derece Tahkim (ICC/ICSID/LCIA/vb),Davaci Lehine,"Societe civile immobiliere de Gaeta v Republic of Guinea, ICSID Case No.ARB/12/36 (Nihai Karar)",IISD (International Institute for Sustainable Development) - Investment Treaty News (ucretsiz),"Davali (Gine) lehine - Davaci'nin talebi YETKI YOKLUGU nedeniyle REDDEDILDI - GINE'YE KARSI ACILAN ILK ICSID DAVASI, aynı zamanda 'SALINI TESTI'NIN (F",90000000,3
GAP31-001,Kolombiya,2020,Belirsiz/Veri Yetersiz,FIDIC-dışı (Yerel İmtiyaz Modeli),Ongorulemeyen Kosullar (Arazi Edinimi Asimlari); Kapsam Disi Isler; Ordinary Rehabilitation vs Yapisal Guclendirme,Kolombiya - Bogota'da Oturan Tahkim Heyeti,"2010'da imzalanan, Kolombiya'nin Karayip kiyisi ile Magdalena Nehri arasindaki BAGLANTIYI saglayan bir KARAYOLU KESIMININ (San Marcos-Majagual-Achi-Guaranda) INSAASI, YENILENMESI VE ISLETILMESI icin b",Kalite/Kusur; Odeme Uyusmazligi,Ilk Derece Tahkim (ICC/ICSID/LCIA/vb),Davaci Lehine,"Vias de las Americas S.A.S. v Agencia Nacional de Infraestructura (ANI), Tahkim Karari (Bogota, 1 Aralik 2020)",Wolters Kluwer Arbitration Blog + jusmundi.com (tam metin),"Karma/kismen Davaci lehine - bazi ek maliyetler (arazi isgalcilerine odeme, ~370.000 USD) ONAYLANDI, digerleri (tum sel hasari) REDDEDILDI - KOLOMBIYA",15000000,6
GAP32-001,Belçika,2023,Su/Atik Su/Baraj,FIDIC-dışı/Belirsiz,ICC Kurallari 2017 - Hakem Sekreterinin Rolu; Belcika Yargi Kanunu m.11,Belcika Yargitayi (Cour de Cassation) + Brüksel Ilk Derece Mahkemesi (2021),"Kibris merkezli (Turk kokenli isimli) Emek Insaat Sti VE Alman WTE Wassertechnik'in OLUSTURDUGU KONSORSIYUMUN, bir SU/KANALIZASYON ALTYAPISI projesi kapsaminda AVRUPA KOMISYONU ile YASADIGI uyusmazlik",Hakem Karari Iptali,Istinaf/Temyiz/Yuksek Mahkeme,Davali Lehine,"Avrupa Komisyonu v Emek Insaat Sti Ltd ve WTE Wassertechnik GmbH, Belcika Yargitayi (Cour de Cassation), No.C.21.0548.F/1 (24 Nisan 2023)","jusmundi.com (tam metin, kismi ucretsiz) + Global Arbitration Review + ASCE Journal of Legal Affairs","Davali (Avrupa Komisyonu) lehine - hakem karari IPTAL EDILMEDI, Yargitay TEMYIZI REDDETTI - HAKEM SEKRETERLERININ ROLU konusunda ULUSLARARASI TAHKIM P",,
GAP33-001,İsviçre (Türkiye/Japonya bağlantılı),2015,Demiryolu/Metro,FIDIC-dışı (Konsorsiyum Anlaşması),Konsorsiyum Anlasmasi Ihlali - Tek Tarafli Fesih ve Ic Sorumluluk Paylasimi,"ICC Tahkimi (yer: Lozan, Isvicre Hukuku) + Isvicre Federal Mahkemesi","ISTANBUL'DA BOGAZ ALTINDAN GECEN DEMIRYOLU TUNELI (Marmaray) MODERNIZASYON PROJESININ (CR1 Sozlesmesi, Turk Ulastirma Bakanligi ile) INSAAT SAHASININ ZAMANINDA TESLIM EDILEMEMESI nedeniyle, KONSORSIYU",Fesih; Odeme Uyusmazligi,Istinaf/Temyiz/Yuksek Mahkeme,Davaci Lehine,"Marubeni Corporation and Dogus Insaat ve Ticaret A.S. v Alstom Transport SA, ICC Tahkimi + Isvicre Federal Mahkemesi Kararlari 4A-221/2024 ve 4A-223/2024 (17 Subat 2025)",dailyjus.com (Arbitration Aftermath) + jusmundi.com + Alstom resmi finansal raporlari,"Davaci (Marubeni ve Dogus) lehine - toplam ~44.6 milyon EUR odeme KARARI ONANDI - TURKIYE'NIN EN ONEMLI ALTYAPI PROJELERINDEN BIRINDE (Marmaray), KONS",44600000,14
GAP34-001,ABD,2026,Belirsiz/Veri Yetersiz,FIDIC-dışı (Askeri Yüklenici Sözleşmesi),Federal Tort Claims Act m.2680(j) - Savas Bolgesi Federal On-Alim (Preemption),ABD Yuksek Mahkemesi (Supreme Court of the United States),"Dunyanin EN BUYUK EPC YUKLENICILERINDEN BIRI olan FLUOR CORPORATION'in, Afganistan'daki bir ABD USSUNDE, 'Afgan First' ASKERI PROGRAMI KAPSAMINDA ('yerel ekonomiyi canlandirmak' icin Afganlarin ISE AL",Haksiz Fiil (Tort),Istinaf/Temyiz/Yuksek Mahkeme,Davaci Lehine,"Hencely v Fluor Corp., 608 U.S. ___ (2026), Docket No.24-924 (22 Nisan 2026)","Wikipedia (resmi ABD Yuksek Mahkemesi kararina dayali, kamu malı) + supreme.justia.com","Davaci (Hencely) lehine - 4. Daire kararı BOZULDU, dava GERI GONDERILDI - dunyanin ONDE GELEN BIR EPC YUKLENICISININ (Fluor), SAVAS BOLGESI ALTYAPI/DE",,
GAP35-001,Nijerya (İngiltere tenfizi),2004,Liman/Deniz Altyapisi,"FIDIC-dışı (EPC benzeri, Nijerya hukuku)",New York Sozlesmesi m.V(1)(e) - Tenfiz Icin Teminat Sarti; Tahkim Karari Dolandiricilikla Elde Edilme Iddiasi,Nijerya Tahkimi + Ingiltere Ticaret Mahkemesi + Istinaf Mahkemesi + IKI KEZ Ingiltere Yuksek Mahkemesi,"IPCO'nun (Nijerya), NNPC (Nijerya Devlet Petrol Sirketi) icin PORT HARCOURT'TA (Nijerya) BIR PETROL IHRACAT TERMINALI ('Bonny Export Terminal' - BET Projesi) TASARLAMASI VE INSA ETMESI icin 14 Mart 19",Degisiklik/Change Order,Tenfiz/Icra (Nihai Asama),Karma/Kismi,"IPCO (Nigeria) Limited v Nigerian National Petroleum Corporation (NNPC), Ingiltere Yuksek Mahkemesi (UKSC) 2015 UKSC 39 ve 2017 UKSC 16 (2005-2017 arasi COK KATMANLI dava serisi)",jusmundi.com (tam metin) + caselaw.nationalarchives.gov.uk (resmi) + coklu hukuk analizi,Karma - NNPC'nin DOLANDIRICILIK ITIRAZININ Nijerya mahkemelerinde DEVAM ETMESINE IZIN VERILDI (2017'de EK 100 milyon USD teminat YUKUMLULUGU KALDIRILD,152000000,23
GAP36-001,İngiltere/UK,2025,Belirsiz/Veri Yetersiz,FIDIC-dışı (JCT),Dogal Adalet - Hakemin 'Kaba/Yaklasik' Degerleme Yapma Yetkisi,Ingiltere - Technology and Construction Court,"Cheyne Walk'ta (Londra) MEKANIK ISLER icin bir alt-yuklenici sozlesmesinde (387.696 GBP), ONCEKI adjudikasyonda (zaten VERI SETINDE olan VMA v POL davasi - 'notified sum' odenmesi) SONRA baslatilan bi",Odeme Uyusmazligi,Tenfiz/Icra (Nihai Asama),Davaci Lehine,"Project One London Ltd (POL) v VMA Services Ltd, [2025] EWHC 3384 (TCC) (18 Aralik 2025) - VMA Services v Project One'in (zaten veri setinde) DEVAMI/IKINCI ASAMASI","CIArb (Chartered Institute of Arbitrators) 2026 Adjudikasyon Karar Ozeti + BAILII (resmi, ucretsiz)","Davaci (POL, Isveren) lehine - hakem karari TENFIZ EDILDI, VMA'nin UC dogal adalet itirazi da REDDEDILDI - ZATEN veri setinizde olan VMA v POL davasin",,
GAP36-002,İngiltere/UK,2026,Bina/Konut/Ticari,FIDIC-dışı (JCT),Sozlesme Temliki (Assignment) Sonrasi Adjudikasyon Hakki,Ingiltere - Technology and Construction Court,"Manchester'da bir TICARI MULKUN ONARIM ISLERI icin bir sozlesmenin, ORIJINAL ISVEREN'DEN IKI KEZ TEMLIK EDILEREK (once ODI'den OTG'ye, sonra OTG'den Paragon'a) SON TEMELLUK EDEN (Paragon) TARAFINDAN, ",Sozlesme Devri (Assignment),DAB/DAAB (On-Tahkim Kurulu),Davaci Lehine,"Paragon Group Ltd v FK Facades Ltd, [2026] EWHC 78 (TCC) (20 Ocak 2026)","CIArb (Chartered Institute of Arbitrators) 2026 Adjudikasyon Karar Ozeti + BAILII (resmi, ucretsiz)","Davaci (Paragon, Temelluk Eden) lehine - Ozet Yargi (summary judgment) VERILDI, hakemin YETKISI ONANDI - INGILTERE'DE TEMLIK SONRASI ADJUDIKASYON HAKK",,
GAP36-003,İngiltere/UK,2026,Belirsiz/Veri Yetersiz,FIDIC-dışı (JCT),Hakemin Yetkisi - 'Temel Sozlesme'nin (Foundational Contract) Var Olup Olmadigi,Ingiltere - Technology and Construction Court,"Londra'da bir KONUT GELISTIRME PROJESINDE, HTC'nin 2 milyon GBP'DEN FAZLA bir hakem kararinin TENFIZINI talep etmesi uzerine, WLP'nin bu kararin DAYANDIGI SOZLESMENIN (Ocak 2023 tarihli iddia edilen J",Tenfiz/Icra,Tenfiz/Icra (Nihai Asama),Davali Lehine,"High Tech Construction Ltd v WLP Trading and Marketing Ltd, [2026] EWHC 152 (TCC) (30 Ocak 2026)","CIArb (Chartered Institute of Arbitrators) 2026 Adjudikasyon Karar Ozeti + BAILII (resmi, ucretsiz)","Davali (WLP, Isveren) lehine - HTC'nin ozet yargi talebi REDDEDILDI - 'HANGI SOZLESMENIN GECERLI OLDUGU' TARTISMASININ, hakemin YETKISINI DOGRUDAN ETK",2000000,
GAP37-001,İngiltere/UK,2026,Bina/Konut/Ticari,FIDIC-dışı,HGCRA 1996 m.106 - 'Konut Sahibi Istisnasi' (Residential Occupier Exception); Odememe Bildirimi (Pay Less Notice) Gecerliligi,Ingiltere - Istinaf Mahkemesi (Court of Appeal) - KONUT SAHIBI ISTISNASI KONUSUNDA ILK ISTINAF DAVASI,"Bir KONUT INSAATI/YENILEME PROJESINDE, Isveren'in (ev sahibi) 'KONUT SAHIBI ISTISNASI' (HGCRA m.106 - konutunda OTURAN bir bireyin insaat sozlesmesinin, ADJUDIKASYON ZORUNLULUGUNDAN MUAF olmasi) KAPSA",DAB/Hakem Prosedur Usulsuzlugu,Istinaf/Temyiz/Yuksek Mahkeme,Karma/Kismi,"RBH Building Contractors Ltd v James & Anor, [2026] EWCA Civ 511 (29 Nisan 2026)","CIArb (Chartered Institute of Arbitrators) 2026 Adjudikasyon Karar Ozeti Part 3 + BAILII (resmi, ucretsiz)",Karma/detay sinirli erisilebilir - INGILTERE'DE 'konut sahibi istisnasi' konusunda TEMEL bir Istinaf Mahkemesi emsali - kucuk olcekli/KONUT insaat soz,,
GAP37-002,İngiltere/UK,2026,Yenilenebilir Enerji,FIDIC-dışı,Hakemin (veya Mahkeme'nin) Sozlesme Yoneticisinin BELIRLEDIGI Tamamlanma Tarihinden DAHA ERKEN Bir Tarih Belirleme Yetkisi,Ingiltere - Technology and Construction Court,"Bir insaat sozlesmesinde, SOZLESME YONETICISI (contract administrator) TARAFINDAN BELIRLENEN TAMAMLANMA TARIHINE KARSI, bir hakemin (veya sonrasinda mahkemenin) BUNDAN DAHA ERKEN bir tarih TESPIT ETME",Gecikme/EOT,Belirsiz/Sadece Claim Asamasi,Belirsiz/Detay Sinirli,"Mace Construct Ltd v Baltic Investment Holdings Ltd, [2026] EWHC 976 (TCC) (28 Nisan 2026)","CIArb (Chartered Institute of Arbitrators) 2026 Adjudikasyon Karar Ozeti Part 3 + BAILII (resmi, ucretsiz)","Belirsiz/detay sinirli - SURE UZATIMI VE GECIKME CEZASI HESAPLAMALARINDA, HAKEM/MAHKEME YETKISININ SOZLESME YONETICISI SERTIFIKASYONUNU NE OLCUDE ASAB",,
GAP38-001,İngiltere/UK,2026,Fosil Yakit/Petrol-Gaz,FIDIC-dışı,Bina Guvenligi Kanunu (Building Safety Act); Kusurlu Binalar Kanunu 1972 (DPA); Cephe Kaplamasi (Cladding) Kusurlari,Ingiltere - Technology and Construction Court,"Bir gelistiricinin (Crest), CESITLI KONUT BLOKLARININ CEPHE KAPLAMASINDAKI (cladding) KUSURLAR nedeniyle, Yuklenici (Ardmore Construction, IFLAS/YONETIM SURECINDE) ALEYHINE BASLATTIGI adjudikasyonda, ",Kalite/Kusur,DAB/DAAB (On-Tahkim Kurulu),Davaci Lehine,"Crest Nicholson & Others v Ardmore Construction Ltd (in Administration) & Others, [2026] EWHC 789 (TCC) (1 Nisan 2026, Yargic Constable)","CIArb (Chartered Institute of Arbitrators) Adjudikasyon Karar Ozeti + BAILII (resmi, ucretsiz)","Davaci (Crest, Gelistirici) lehine - hakemin YETKISI ONANDI - INGILTERE'DE POST-GRENFELL 'Bina Guvenligi Kanunu' DONEMINDE, CEPHE KAPLAMASI KUSURLARIN",,
GAP38-002,İngiltere/UK,2026,Hastane/Saglik,FIDIC-dışı,Dogal Adalet - Hakemin 'Kendi Macerasina Cikmasi' (Frolic of His Own),Ingiltere - Technology and Construction Court,"Bir NHS (Ingiltere Ulusal Saglik Hizmeti) HASTANESI PROJESINDE, MODULER YAPI YUKLENICISI (Premier Modular) ILE Hastane Vakfi ARASINDAKI bir odeme uyusmazliginda, hakemin ONEMLI BIR KONUYU, TARAFLARIN ",Odeme Uyusmazligi,Tenfiz/Icra (Nihai Asama),Davali Lehine,"Premier Modular Ltd v Maidstone and Tunbridge Wells NHS Trust, [2026] EWHC 1404 (TCC) (Haziran 2026)","CIArb (Chartered Institute of Arbitrators) Adjudikasyon Karar Ozeti + BAILII (resmi, ucretsiz)","Davali (NHS Vakfi) lehine - hakem karari TENFIZ EDILMEDI - KAMU SAGLIK ALTYAPISI (NHS Hastanesi) PROJESINDE, HAKEM KARARININ DOGAL ADALET IHLALI NEDEN",,
GAP38-003,İngiltere/UK,2026,Belirsiz/Veri Yetersiz,FIDIC-dışı,Dogal Adalet - Hakemin ONEMLI Bir Savunma Argumanini DIKKATE ALMAMASI,Ingiltere - Technology and Construction Court,"Bir insaat SOZLESMESI UYUSMAZLIGINDA, hakemin, Davali'nin ILERI SURDUGU ONEMLI BIR SAVUNMA ARGUMANINI (material defence) KARARINDA HIC DEGERLENDIRMEMESI/GORMEZDEN GELMESI iddiasi",Siniflandirilmamis/Veri Yetersiz,Belirsiz/Sadece Claim Asamasi,Belirsiz/Detay Sinirli,"Clerkenwell Lifestyle (UK) Ltd v HG Construction Ltd, [2026] EWHC 1406 (TCC) (12 Haziran 2026)","CIArb (Chartered Institute of Arbitrators) Adjudikasyon Karar Ozeti + BAILII (resmi, ucretsiz)","Belirsiz/detay sinirli erisilebilir - hakemin 'ONEMLI SAVUNMA ARGUMANLARINI GORMEZDEN GELMESI' konusunda, INGILIZ dogal adalet ictihadina KATKI SAGLAY",,
GAP38-004,İngiltere/UK (İskoçya),2024,Yenilenebilir Enerji,FIDIC-dışı,Dogal Adalet - Hakemin Onemli Savunma Hatlarini Ele Alip Almadigi,Iskocya - Court of Session (Outer House),"Bir ENERJI SEBEKESI (elektrik iletim hatti) PROJESINDE, ORTAK GIRISIM YUKLENICISI (UK Grid Solutions ve Amey Power Services) ILE Scottish Hydro Electric Transmission ARASINDAKI bir odeme uyusmazligind",Odeme Uyusmazligi,DAB/DAAB (On-Tahkim Kurulu),Belirsiz/Detay Sinirli,"UK Grid Solutions Ltd and Amey Power Services Ltd v Scottish Hydro Electric Transmission Ltd, [2024] CSOH 5","CIArb (Chartered Institute of Arbitrators) Adjudikasyon Karar Ozeti + BAILII (resmi, ucretsiz)","Belirsiz/detay sinirli - ISKOCYA'NIN (Ingiltere'den AYRI bir hukuk sistemi) INSAAT/ENERJI ALTYAPISI ADJUDIKASYON ICTIHADINA KATKI SAGLAYAN, YENI bir Y",,
GAP38-005,İngiltere/UK,2024,Demiryolu/Metro,FIDIC-dışı,Zorunlu Adjudikasyon Sartina Ragmen Davanin Durdurulmasinin (Stay) Reddedilmesi,Ingiltere - Technology and Construction Court,"Bir PFI (Private Finance Initiative - Ozel Finans Girisimi) OKUL PROJESI kapsaminda, DUNYANIN EN BUYUK KURESEL EPC/INSAAT SIRKETLERINDEN BIRI olan LENDLEASE'IN (Avrupa birimi) taraf oldugu bir sozlesm",DAB/Hakem Prosedur Usulsuzlugu,DAB/DAAB (On-Tahkim Kurulu),Belirsiz/Detay Sinirli,"Lancashire Schools SPC Phase 2 Limited v Lendlease Constructions (Europe) Ltd, [2024] EWHC 37 (TCC)","CIArb (Chartered Institute of Arbitrators) Adjudikasyon Karar Ozeti + BAILII (resmi, ucretsiz)","Belirsiz/detay sinirli erisilebilir - DUNYANIN EN BUYUK EPC/INSAAT SIRKETLERINDEN BIRI olan LENDLEASE'IN taraf oldugu, KAMU-OZEL ORTAKLIGI (PFI) OKUL ",,
GAP39-001,Hindistan,2026,Bina/Konut/Ticari,FIDIC-dışı/Belirsiz,Cl.15.4-benzeri 'Risk and Cost' Mekanizmasi; Teminat Mektubu Riski; Ic-ice Gecmis Uyusmazliklarin Tek Tahkime Sevki,Hindistan - Delhi Yuksek Mahkemesi,"Cinli EPC Yuklenicisi Jiangxi Construction ile Hindistan'in yerel ORTAGI Varaha Infra ARASINDAKI (Jiangxi TEKNIK/FINANSMAN SAGLARKEN, Varaha YEREL ihale/teklif surecini YURUTUYORDU) BIRDEN FAZLA ALTYA",Ihale Sureci,Istinaf/Temyiz/Yuksek Mahkeme,Karma/Kismi,"M/S Jiangxi Construction Engineering Group Co. Ltd. & Anr. v M/s Varaha Infra Ltd., Delhi Yuksek Mahkemesi, ARB.P. 247/2026 (26 Mayis 2026, Yargic Mini Pushkarna)","LiveLaw / Mondaq (India Arbitration Digest) + indiankanoon.org (resmi, ucretsiz)",Karma/usul asamasinda - TUM uyusmazliklar TEK TAHKIME sevk edildi - CIN-HINDISTAN EPC ORTAK GIRISIMLERINDE 'risk and cost' mekanizmasinin TEMINAT MEKT,13000000,3
GAP39-002,Hindistan,2026,Karayolu/Otoyol,FIDIC-dışı/Belirsiz,Kalan Is Bedeli ve Rehabilitasyon/Onarim Masraflarinin Paylasimi,Hindistan - Tahkim Heyeti (Delhi),"Delhi'de bir KONUT PROJESI insaatinda, MBL Infrastructure'in (EPC Yuklenicisi) Kamu Isleri Dairesi'ne (PWD) karsi actigi tahkimde, KALAN ISIN NASIL TAMAMLANACAGI VE MEVCUT ISLERIN REHABILITASYON/ONARI",Odeme Uyusmazligi; Tahkim Masraflari; Para Birimi/Faiz Uyusmazligi,Ilk Derece Tahkim (ICC/ICSID/LCIA/vb),Davaci Lehine,"MBL Infrastructure Ltd v Public Works Department (Delhi Hukumeti), Tahkim Karari (Ocak 2026 civari haberlestirildi)",Business Standard (Capital Market haber servisi),"Davaci (MBL Infrastructure) lehine - 9.29 krore Rupi + faiz HUKMEDILDI, kalan is VE onarim masraflari icin PAYLASIM FORMULU BELIRLENDI",,
GAP39-003,Hindistan,2021,Havalimani,FIDIC-dışı/Belirsiz,Imtiyaz Sozlesmesinin Feshi - Isveren Kusuru,Hindistan Yuksek Mahkemesi (Supreme Court of India),"2008'de imzalanan VE Hindistan'in ILK OZEL SEHIR RAYLI SISTEMI (Delhi Havalimani Metro Ekspres Hatti, 2038'e kadar ISLETME hakki) icin bir KAMU-OZEL ORTAKLIGI (PPP) sozlesmesinde, Reliance Infrastruct",Kalite/Kusur,Istinaf/Temyiz/Yuksek Mahkeme,Davaci Lehine,"Delhi Airport Metro Express Pvt Ltd (Reliance Infrastructure) v Delhi Metro Rail Corporation (DMRC), Hindistan Yuksek Mahkemesi (2021, tenfiz surecinin devami)",Gulf News + Hindistan Yuksek Mahkemesi resmi karar arsivi,Davaci (Reliance Infrastructure) lehine - 632 MILYON USD'lik tahkim karari KESINLESTI - HINDISTAN'IN EN BUYUK VE EN UZUN SUREN ALTYAPI PPP TAHKIM DAVA,46600000000,9
GAP39-004,Hindistan,2026,Egitim/Kampus,FIDIC-dışı/Belirsiz,Gecikme Cezasi Uygulanmadan Verilen Sure Uzatiminin Tazminat/Teminat Cagrisini Engellemeyecegi,Hindistan - Delhi Yuksek Mahkemesi,"Bir liman/altyapi PROJESINDE, Isveren'in (JSW Infrastructure) Yuklenici'ye (Kalpataru Projects) 'GECIKME CEZASI (LD) UYGULANMADAN' bir SURE UZATIMI (EOT) VERMESININ, SONRADAN GENEL TAZMINAT TALEBINDE ",Gecikme/EOT; Teminat Mektubu,Istinaf/Temyiz/Yuksek Mahkeme,Davali Lehine,"Kalpataru Projects International Limited v JSW Infrastructure Limited, Delhi Yuksek Mahkemesi, O.M.P.(I)(COMM.) 218/2026","LiveLaw / Mondaq (India Arbitration Digest) + indiankanoon.org (resmi, ucretsiz)",Davali (JSW Infrastructure/Isveren) lehine - EOT/LD/Teminat ILISKISI konusunda ONEMLI bir emsal - 'LD UYGULAMAMAK = TUM TAZMINAT HAKLARINDAN VAZGECMEK,,
GAP39-005,Hindistan,2026,Bina/Konut/Ticari,FIDIC-dışı/Belirsiz,Tahkim Kanunu m.33(1)(a) - Hakem Kararindaki 'Hesaplama Hatasinin' Duzeltme SINIRI,Hindistan Yuksek Mahkemesi (Supreme Court of India),"2012'DEN BERI DEVAM EDEN bir konut insaat SOZLESMESI uyusmazliginda, 'ACIKCA HUKUKA AYKIRI' (patently illegal) bulunan bir hakem KARARININ, TARAFLARIN 14 YILDIR SUREN davadan SONRA TEKRAR BASTAN BASLA",Sozlesmenin Yasadisiligi Iddiasi,Istinaf/Temyiz/Yuksek Mahkeme,Karma/Kismi,"[Ev Sahipleri] v [Yuklenicinin Yasal Mirascilari], Hindistan Yuksek Mahkemesi, C.A. No.008192-008193/2026 (2026 LLBiz SC 205)","LiveLaw / Mondaq (India Arbitration Digest) + indiankanoon.org (resmi, ucretsiz)","Karma - hakem karari 'hukuka aykiri' bulundu ama IPTAL EDILMEDI, Yuksek Mahkeme BIZZAT YENIDEN HESAPLAYARAK duzeltti - HINDISTAN'DA 'ADALETE UYGUNLUK'",,
GAP39-006,Singapur,2026,Demiryolu/Metro,FIDIC-dışı/Belirsiz,Model Kanun m.16(3) - Yetki Kararinin Kesinlik Etkisi (Preclusive Effect),Singapur Yuksek Mahkemesi,"Bir TASARIM-YAPIM DEMIRYOLU PROJESINDE, Yuklenici'nin (DSR) Isveren'e (DSQ) KARSI baslattigi tahkimde LEHINE bir KARAR ALMASI SONRASI, Model Kanun m.16(3)'UN (bir tahkim heyetinin ON YETKI KARARINA ka",Zamanasimi/Sure Siniri; Yetki Itirazi,Istinaf/Temyiz/Yuksek Mahkeme,Davaci Lehine,"DSQ v DSR, Singapur Yuksek Mahkemesi (19 Mayis 2026) - Tasarim-Yapim Demiryolu Projesi",RF Arbitration (Dr. Andreas haber bulteni),"Davaci (DSR, Yuklenici) lehine - yetki itirazi REDDEDILDI - Singapur'un tahkim-DOSTU yaklasiminin, DEMIRYOLU PROJESI baglaminda GUNCEL bir uygulamasi ",,
GAP40-001,Lübnan,2012,Karayolu/Otoyol,FIDIC-dışı/Belirsiz,Ikili Yatirim Anlasmasi - Kamulastirma Yapmama/Arazi Teslim Etmeme,ICSID (Washington D.C.) - Italya-Lubnan BIT,"Italyan insaat sirketi Toto Costruzioni'nin, Beyrut'u Sam'a (Suriye SINIRINA) BAGLAYAN Arap Otoyolu'nun 5.525 metrelik SAOUFAR-MDEIREJ KESIMININ insaati icin Lubnan Devlet Kurulusu (CEGP) ile 1997'de ",Gecikme/EOT; Degisiklik/Change Order,Ilk Derece Tahkim (ICC/ICSID/LCIA/vb),Davaci Lehine,"Toto Costruzioni Generali S.p.A. v Republic of Lebanon, ICSID Case No.ARB/07/12 (Nihai Karar, 7 Haziran 2012)","jusmundi.com (tam metin, kismen ucretsiz) + NUS Singapur Hukuk Fakultesi ders materyali","Davali (Lubnan) lehine - Davaci'nin talepleri REDDEDILDI - AYNI ITALYAN YUKLENICI AILESININ (Salini/Astaldi grubu, ZATEN veri setinde Fas VE Etiyopya'",,15
GAP40-002,Pakistan,2002,Fosil Yakit/Petrol-Gaz,FIDIC-dışı/Belirsiz,ICSID Sozlesmesi m.25(1) - Devlet Kurulusu (WAPDA) Sozlesmesel vs Andlasma Ihlallerinin Ayrimi,ICSID (Washington D.C.) - Italya-Pakistan BIT,"Italyan insaat sirketi Impregilo'nun (bir ORTAK GIRISIMIN LIDERI olarak), Pakistan Su ve Enerji Kalkinma Idaresi (WAPDA) ile GAZI-BAROTHA HIDROELEKTRIK SANTRALI (Indus Nehri UZERINDE, 5 turbin, 1450 M",Gecikme/EOT,Ilk Derece Tahkim (ICC/ICSID/LCIA/vb),Karma/Kismi,"Impregilo S.p.A. v Islamic Republic of Pakistan (I ve II), ICSID Case No.ARB/02/2 ve ARB/03/3 (Yetki Karari 22 Nisan 2005)",Oxford Public International Law + jusmundi.com + ICSID resmi belgeleri,"Karma - ICSID YETKISI KISMEN ONAYLANDI (sadece andlasma ihlalleri icin), SAF sozlesmesel taleplerin AYRI mekanizmaya YONLENDIRILMESI gerektigine karar",,
GAP40-003,Pakistan,2003,Karayolu/Otoyol,Kırmızı Kitap - 4. Baskı (1987),Yatirim Tanimi (Salini Testi); Andlasma vs Sozlesme Ihlali Ayrimi; Fesih Gerekcesi,ICSID (Washington D.C.) - Turkiye-Pakistan BIT,"Turk insaat sirketi Bayindir'in (National Highway Authority - NHA ile), PAKISTAN'DA M1 OTOYOL PROJESI icin 1993'te imzaladigi VE ACIKCA FIDIC INSAAT MUHENDISLIGI GENEL SARTLARI (1987 Baskisi, Bolum I)",Gecikme/EOT; Fesih,Ilk Derece Tahkim (ICC/ICSID/LCIA/vb),Davali Lehine,"Bayindir Insaat Turizm Ticaret ve Sanayi A.S. v Islamic Republic of Pakistan, ICSID Case No.ARB/03/29 (Nihai Karar, 27 Agustos 2009)",jusmundi.com (tam metin) + JDSS (Pakistan hukuk dergisi analizi),"Davali (Pakistan) lehine (esasta) - Bayindir'e SIFIR TAZMINAT HUKMEDILDI - TURK BIR YUKLENICININ, FIDIC 1987 BASKISI KULLANILAN bir PROJEDE, 496.6 mil",496600000,6
GAP41-001,ABD,2026,Karayolu/Otoyol,FIDIC-dışı,"Ortak Girisim Anlasmasi Ihlali - Sermaye Cagrisi Odememe, Cikar Catismasi Iddiasi",ABD - 11. Daire Federal Istinaf Mahkemesi (Florida),"Florida Ulastirma Bakanligi'nin (FDOT) EN BUYUK VE EN PAHALI insaat projesi olan 'I-4 Ultimate' (Orlando'da 21 millik otoyol GENISLETME, 72 kopru VE 15 kavsak, 2.3-2.9 MILYAR USD, Design-Build-Finance",Gecikme/EOT; Odeme Uyusmazligi,Istinaf/Temyiz/Yuksek Mahkeme,Davali Lehine,"The Lane Construction Corporation v Skanska-Granite-Lane, a Joint Venture, ABD 11. Daire Federal Istinaf Mahkemesi (2026)",ENR (Engineering News-Record) + FindLaw + Saul Ewing hukuk analizi,"Davali (Skanska ve Granite) lehine - Lane'e toplam ~80 MILYON USD ODEME EMRI verildi (11. Daire ONADI) - ABD'DE, BUYUK OLCEKLI (2.3-2.9 milyar USD) BI",2900000000,10
GAP41-002,ABD (BAE tenfizi),2005,Havalimani,FIDIC-dışı,New York Sozlesmesi Disi Tenfiz Girisimi - Yerel Mahkemece Iptal Edilen Kararin Baska Ulkede Tenfizi,ABD Federal Mahkemesi (Columbia Bolgesi) + Dubai Mahkemeleri/Yargitayi (Dubai Court of Cassation),"ABD'li insaat devi Bechtel'in, Dubai Sivil Havacilik Dairesi (DCA) ile bir HAVAALANI insaati/hizmet SOZLESMESI kapsaminda YASADIGI uyusmazlikta ALDIGI bir tahkim KARARININ, DUBAI MAHKEMELERI TARAFINDA",Tenfiz/Icra,Tenfiz/Icra (Nihai Asama),Davali Lehine,"In re the Arbitration Between International Bechtel Company v Department of Civil Aviation of the Government of Dubai, ABD Federal Mahkemesi (360 F.Supp.2d)","Studicata (ABD mahkeme karari ozeti veritabani, ucretsiz)",Davali (Dubai DCA) lehine - Bechtel'in tenfiz TALEBI REDDEDILDI - New York Sozlesmesi'ne TARAF OLMAYAN bir ULKEDE (o donemki Dubai/BAE) IPTAL EDILEN b,,
GAP42-001,Irak,2023,Bina/Konut/Ticari,FIDIC/FIDIC-benzeri,"Cl.5, 8.1.1, 8.2 - Odenmeyen Faturalar Nedeniyle Islerin Askiya Alinmasi ve Sozlesmenin Feshi",ICC Tahkimi (yer: Paris),"Irak Merkez Bankasi'nin (Isveren), Cardno ME'ye (Danisman/Yuklenici) ODENMEMIS FATURALAR nedeniyle, Cardno'nun ISLERI ASKIYA ALMASI VE SAHADAN CEKILMESI SONUCU DOGAN uyusmazlik",Odeme Uyusmazligi,Tenfiz/Icra (Nihai Asama),Davaci Lehine,"Cardno ME Limited v Central Bank of Iraq, ICC Case No.26290/AYZ/ELU, Nihai Karar 26 Subat 2023 (yer: Paris)","Howard Kennedy LLP - Table of FIDIC Cases (Haziran 2025 guncel, ucretsiz PDF)",Davaci (Cardno ME) lehine - Amsterdam Istinaf Mahkemesi SONRADAN bu kararin TENFIZINI ONAYLADI - IRAK'TAKI (Merkez Bankasi ile) bir DANISMANLIK/FIDIC ,,
GAP42-002,Afganistan,2017,Su/Atik Su/Baraj,FIDIC/FIDIC-benzeri,Ortak Girisim Ic Pay Dagilimi Anlasmazligi - Ek Protokolun Onaylanip Onaylanmadigi,Hindistan - Delhi Yuksek Mahkemesi,"Hindistan'in AFGANISTAN'DA (Herat eyaletinde) YENIDEN INSA ETTIGI SALMA BARAJI projesinde (Sivil ve Hidromekanik Isler), WAPCOS (Isveren) tarafindan sozlesme VERILEN bir ORTAK GIRISIMIN (Angelique Int",Ortak Girisim Ic Anlasmazligi,Istinaf/Temyiz/Yuksek Mahkeme,Karma/Kismi,"Angelique International Ltd. v Salma Dam Joint Venture (SDJV) & Ors, Delhi Yuksek Mahkemesi, CS(COMM) 505/2017 (18 Agustos 2023)","Howard Kennedy LLP - Table of FIDIC Cases (Haziran 2025 guncel, ucretsiz PDF)","Karma/devam eden dava - Afganistan'daki (Salma Baraji) BUYUK BIR ALTYAPI PROJESININ, Hindistan MAHKEMELERINDE bir ORTAK GIRISIM IC UYUSMAZLIGINA KONU ",1610000000,20
GAP42-003,Paraguay,2020,Karayolu/Otoyol,FIDIC/FIDIC-benzeri,"Cl.17, 20 - Metrobus Projesi, 7 Sozlesme Degisikligi Sonrasi Fesih","Kalici Hakem Mahkemesi (PCA), Paraguay","Paraguay'da bir METROBUS (hizli otobus) PROJESINDE, sozlesmenin YEDI KEZ RESMI OLARAK DEGISTIRILMESI (7 imzali modifikasyon) SONRASI, SEKIZINCI bir DEGISIKLIK TASLAGININ REDDEDILMESI VE bunu TAKIBEN s",Gecikme/EOT; Degisiklik/Change Order; Fesih,Ilk Derece Tahkim (ICC/ICSID/LCIA/vb),Davaci Lehine,"Mota-Engil Ingenieria y Construccion S.A. - Sucursal Paraguay v Ministry of Public Works and Communications of Paraguay, PCA Case No.2020-14, Nihai Karar 8 Aralik 2023","Howard Kennedy LLP - Table of FIDIC Cases (Haziran 2025 guncel, ucretsiz PDF)",Davaci (Mota-Engil) lehine (usul asamasinda) - taleplerin KABUL EDILEBILIR oldugu tespit edildi - PARAGUAY'DA (IDB finansmani ile) bir METROBUS PROJES,,
GAP42-004,Vietnam,2014,Fosil Yakit/Petrol-Gaz,FIDIC/FIDIC-benzeri,Cl.19.6 - ABD Yaptirimlarinin Force Majeure Sayilip Sayilmayagi; Cift Taraflı Fesih Bildirimi Catismasi,"SIAC Tahkimi (yer: Singapur, Hukuk: Vietnam)","Rus sirketi Power Machines VE Vietnamli PTSC'nin OLUSTURDUGU KONSORSIYUMUN, Vietnam Petrol ve Gaz Grubu (PVN) ile 2014'te imzaladigi bir GUC SANTRALI insaati sozlesmesinde, 2018'de ABD'NIN RUS SIRKETL",Gecikme/EOT; Fesih; Force Majeure; Teminat Mektubu; Odeme Uyusmazligi,Tenfiz/Icra (Nihai Asama),Davaci Lehine,"JSC Power Machines v Vietnam Oil and Gas Group (PVN) and PetroVietnam Technical Service Corporation (PTSC), SIAC Case No.ARB274/19/AB, Nihai Karar 30 Kasim 2023","Howard Kennedy LLP - Table of FIDIC Cases (Haziran 2025 guncel, ucretsiz PDF)",Karma (kismen Davaci lehine) - ABD YAPTIRIMLARININ 'force majeure' OLARAK KABUL EDILMEDIGI ama SONRAKI ODEME TEMERRUDUNUN GECERLI FESIH GEREKCESI SAYI,,11
GAP43-001,Uganda,2025,Su/Atik Su/Baraj,FIDIC/FIDIC-benzeri,Cl.14.2.3 - Avans Odeme Teminatinin (APG) Fesih Sonrasi Nakde Cevrilmesi,Uganda Yuksek Mahkemesi (Kampala),"Uganda'da bir TOPRAK BARAJI insaatinda, Yuklenici'nin (Inyatsi) ODEME TEMERRUDU nedeniyle sozlesmeyi FESHETMESI, Hukumet'in de 10 GUN SONRA KENDI FESHINI ILAN ETMESI - DAAB'IN Inyatsi LEHINE (Hukumet'",Odeme Uyusmazligi,Istinaf/Temyiz/Yuksek Mahkeme,Davali Lehine,"Inyatsi Construction Limited v Absa Bank Uganda Limited and Another, [2025] UGHCCD 119 (14 Agustos 2025)","Howard Kennedy LLP - Table of FIDIC Cases (Aralik 2025 guncel, ucretsiz PDF)","Davali (Absa Bank) lehine - Inyatsi'nin IKINCI ihtiyati tedbir talebi REDDEDILDI, UGX teminatinin ODENMESINE karar verildi - UGANDA'YI VERI SETINE GET",,
GAP43-002,Uganda,2025,Fosil Yakit/Petrol-Gaz,FIDIC/FIDIC-benzeri,PPDA Kilavuzlarinin FIDIC Standartlarina Uygunlugu - Performans Teminati Zorunlulugu,Uganda Yuksek Mahkemesi (Kampala),"Uganda Danisman Muhendisler Dernegi'nin, HUKUMETIN 2024'te YAYIMLADIGI Kamu Ihale KILAVUZLARININ (danisman muhendislere PERFORMANS TEMINATI VE MESLEKI SORUMLULUK SIGORTASI SART KOSMASI), FIDIC STANDAR",Kalite/Kusur; Ihale Sureci,Istinaf/Temyiz/Yuksek Mahkeme,Davali Lehine,"Uganda Association of Consulting Engineers Limited v Prime Minister of the Republic of Uganda and Others, [2025] UGHCCD 70 (13 Haziran 2025)","Howard Kennedy LLP - Table of FIDIC Cases (Aralik 2025 guncel, ucretsiz PDF)",Davali (PPDA/Hukumet) lehine - Basvuru REDDEDILDI - FIDIC STANDARTLARININ ULUSAL KAMU IHALE POLITIKASI OLUSTURMADA 'REFERANS NOKTASI' (ama BAGLAYICI O,,
GAP43-003,Trinidad ve Tobago,2025,Fosil Yakit/Petrol-Gaz,FIDIC/FIDIC-benzeri,Haksiz Zenginlesme (Quantum Meruit) vs Sozlesmesel Talep - Alternatif Iddia Hakki,Privy Council (Trinidad ve Tobago'dan temyiz),"10 KATLI BIR BINA insaati icin, Ana Yuklenici NH International'in KAZIK ISLERINI Gordon Winter'a ALT-SOZLESME ile VERMESI - ZEMIN KOSULLARININ BEKLENENDEN ZOR OLMASI nedeniyle IS TARIFININ DEGISTIRILM",Zemin Kosullari; Odeme Uyusmazligi,Istinaf/Temyiz/Yuksek Mahkeme,Davaci Lehine,"Gordon Winter Company Ltd v NH International (Caribbean) Ltd, [2025] UKPC 52 (30 Ekim 2025)","Howard Kennedy LLP - Table of FIDIC Cases (Aralik 2025 guncel, ucretsiz PDF)",Davaci (Gordon Winter) lehine (buyuk olcude) - NH'nin temyizi REDDEDILDI - ALTERNATIF TALEP STRATEJILERININ (sozlesmesel VE quantum meruit) BIRLIKTE I,,
GAP43-004,Hindistan,2025,Karayolu/Otoyol,FIDIC/FIDIC-benzeri,"Cl.6.4, 12.2, 42.2 - Isveren Kaynakli Gecikme Icin Uzama (Prolongation) Maliyeti",Hindistan - Delhi Yuksek Mahkemesi,"Lucknow'dan Ayodhya'ya BIR OTOYOL projesinde, isin ANLASILAN TAMAMLANMA TARIHINDEN 3 YIL SONRA BITIRILMESI, Yuklenici'nin (Hindustan Construction) BU EK 3 YILLIK SUREDEKI EK MALIYETLER icin actigi tah",Gecikme/EOT; Kalite/Kusur,Istinaf/Temyiz/Yuksek Mahkeme,Karma/Kismi,"National Highways Authority of India v Hindustan Construction Co. Ltd, Delhi Yuksek Mahkemesi (16 Ekim 2025)","Howard Kennedy LLP - Table of FIDIC Cases (Aralik 2025 guncel, ucretsiz PDF)","Karma - kararin YARISI ONANDI, ekipman/makine maliyeti kismi IPTAL EDILDI - Hindistan'da 'patent illegality' STANDARDININ NASIL UYGULANDIGINI VE prolo",,
GAP43-005,Namibya,2025,Sanayi Tesisi/Fabrika,FIDIC/FIDIC-benzeri,Avukat Ihmali - FIDIC Cl.20 Mekanizmasinin Takip Edilmemesi Iddiasi,Namibya Yuksek Mahkemesi (Supreme Court of Namibia),"Windhoek Belediye Meclisi'nin bir kasabada ELEKTRIK HIZMETLERI icin sozlesme YAPTIGI Yuklenici'nin (NES), GECIKME CEZASI KESINTILERINE karsi HUKUKI DANISMANLIK ALDIGI avukat firmasina (PD Theron) kars",Gecikme/EOT,Istinaf/Temyiz/Yuksek Mahkeme,Davali Lehine,"PD Theron and Associates v Namibian Electrical Services, [2025] NASC (25 Agustos 2025)","Howard Kennedy LLP - Table of FIDIC Cases (Aralik 2025 guncel, ucretsiz PDF)","Davali (PD Theron, Avukat) lehine (temyizde) - Ilk derece IHMAL KARARI BOZULDU - FIDIC MEKANIZMASINI ANLAMAMANIN, MUVEKKILIN TALIMATI DEGISTIGINDE 'ON",,
GAP43-006,Güney Afrika,2025,Karayolu/Otoyol,FIDIC/FIDIC-benzeri,Cl.3.6 - Onayli Odeme Sertifikasi Sarti; Mutabik Fesih Sonrasi Ek Fatura,Guney Afrika - KwaZulu-Natal Yuksek Mahkemesi (Pietermaritzburg),"SANRAL'IN (Guney Afrika Yol Kurumu) ana Yuklenicisi Fountain Civil Engineering'in, YOL ISLERINI Actophambili'ye ALT-SOZLESME VERMESI, ISIN BIR KISMININ TAMAMLANMASI VE ODENMESI SONRASI, TARAFLARIN MUT",Fesih; Kalite/Kusur; Odeme Uyusmazligi,Istinaf/Temyiz/Yuksek Mahkeme,Davaci Lehine,"Fountain Civil Engineering (Pty) Ltd v Actophambili Roads (Pty) Ltd, [2025] ZAKZPHC 99 (19 Eylul 2025)","Howard Kennedy LLP - Table of FIDIC Cases (Aralik 2025 guncel, ucretsiz PDF)","Davaci (Fountain, Ana Yuklenici) lehine (istinaf) - Ilk derece karari BOZULDU, Fountain'a odeme HUKMEDILDI - FIDIC'te 'SERTIFIKALI ODEME SARTININ' RES",,
GAP43-007,Kenya,2025,Su/Atik Su/Baraj,FIDIC/FIDIC-benzeri,Cl.20.4 - Dispute Board Karari Sozlesme Feshinden Sonra da Baglayici mi?,Kenya Istinaf Mahkemesi (Nairobi),"Kenya'da IKI SULAMA KANALI insaati icin, Ulusal Sulama Otoritesi (NIA) ile Sogea-Satom ARASINDAKI uyusmazlikta, Dispute Board'un (DB) NIA'YA ODEME EMRI VEREN 4 KARARINDAN 2'sinin KESIN VE BAGLAYICI ha",Fesih; Odeme Uyusmazligi,Tenfiz/Icra (Nihai Asama),Davaci Lehine,"National Irrigation Authority v Sogea-Satom SA, [2025] KECA 1472 (12 Eylul 2025)","Howard Kennedy LLP - Table of FIDIC Cases (Aralik 2025 guncel, ucretsiz PDF)","Davaci (Sogea-Satom, Yuklenici) lehine - NIA'nin temyizi REDDEDILDI - DB YETKISININ SOZLESME FESHINDEN SONRA da DEVAM EDEBILECEGINI gosteren, Kenya'da",,
GAP43-008,Kenya,2025,Hastane/Saglik,FIDIC/FIDIC-benzeri,Cl.21 - Muhendis Karari/DAAB Sart Kosulmadan Iflas Basvurusu,Kenya Yuksek Mahkemesi (Nairobi),"Nairobi Hastanesi'nde YAYA GUVENLIK TARAMA sistemleri KURULUMU icin bir sozlesmede, Isveren'in (Hastane) ODEME BELGESI GECERLILIGI KONUSUNDA sorun OLDUGU GEREKCESIYLE, Yuklenici'nin (Opticom) BASLATTI",Odeme Uyusmazligi,Istinaf/Temyiz/Yuksek Mahkeme,Davali Lehine,"Kenya Hospital Association t/a The Nairobi Hospital v Opticom (K) Limited, [2025] KEHC 11069 (24 Temmuz 2025)","Howard Kennedy LLP - Table of FIDIC Cases (Aralik 2025 guncel, ucretsiz PDF)","Davali (Opticom, Yuklenici) lehine - Hastane'nin basvurusu REDDEDILDI - FIDIC'in ON-TAHKIM MEKANIZMALARININ (Muhendis+DAAB) BASLATILMADAN, SADECE 'MEM",,
GAP43-009,Tanzanya,2025,Sanayi Tesisi/Fabrika,FIDIC/FIDIC-benzeri,"Hakem Karari Iptali - Usulsuzluk, Yetki Asimi, Kamu Duzenine Aykirilik Iddialari",Tanzanya Yuksek Mahkemesi (Ticaret Dairesi),"Tanzanya Merkez Bankasi'nin, bir YANGIN SONDURME SISTEMI kurulumu SOZLESMESINDE Yuklenici Galilea LEHINE VERILEN adjudikasyon VE tahkim KARARLARINA karsi, 6 AYRI GEREKCEYLE (usulsuzluk, yetki YOKLUGU,",DAB/Hakem Prosedur Usulsuzlugu,Istinaf/Temyiz/Yuksek Mahkeme,Davaci Lehine,"Bank of Tanzania v Galilea Company Limited, [2025] TZHCComD 137 (20 Haziran 2025)","Howard Kennedy LLP - Table of FIDIC Cases (Aralik 2025 guncel, ucretsiz PDF)",Karma (kismen Davaci lehine) - Hakem karari IPTAL EDILDI - FIDIC ILKELERININ 'SADECE YORUMLAYICI' KULLANIMININ (taraflarin BUNU RESMEN kabul ETMEMESIN,,
GAP43-010,Mauritius,2025,Bina/Konut/Ticari,FIDIC/FIDIC-benzeri,Cl.20.4-20.6 - Kismi Karar Statusu; 3 Aylik Itiraz Suresi,Mauritius Yuksek Mahkemesi (Supreme Court),"Mauritius'ta HINDISTAN YUKSEK KOMISYONLUGU icin bir BUYUKELCILIK BINASI VE PERSONEL KONUTLARI projesinde, Laxmanbhai'nin (Ana Yuklenici) alt-sozlesme VERDIGI Minaco'nun (kaplama, doseme, zemin isleri)",Yetki Itirazi,Istinaf/Temyiz/Yuksek Mahkeme,Davali Lehine,"Minaco (Pty) Ltd v Laxmanbhai & Co, Judgment of the Supreme Court of Mauritius 2025 SCJ 21 (17 Ocak 2025)","Howard Kennedy LLP - Table of FIDIC Cases (Aralik 2025 guncel, ucretsiz PDF)","Davali (Minaco, Alt-Yuklenici) lehine - Iptal TALEBI REDDEDILDI, hakem karari VE DUZELTMESI ONANDI - MAURITIUS'TA hakem kararlarinin 'KESINLIK ILKESI'",,
GAP44-001,Yemen,2005,Karayolu/Otoyol,FIDIC-dışı/Belirsiz (Yatırım Tahkimi),BIT - Adil/Esit Muamele; MANEVI TAZMINAT (Moral Damages) - ULUSLARARASI YATIRIM TAHKIMINDE ILK ORNEK,ICSID (Washington D.C.) - Umman-Yemen Ikili Yatirim Anlasmasi (1998),"Ummanli insaat sirketi Desert Line Projects'in, Yemen'de ASFALT YOL insaati icin YAPTIGI birden fazla sozlesme KAPSAMINDA odenmemis ALACAKLARI icin Yemen'de YEREL TAHKIME GITTIKTEN SONRA, YEMEN HUKUME",Kalite/Kusur; Odeme Uyusmazligi,Ilk Derece Tahkim (ICC/ICSID/LCIA/vb),Davaci Lehine,"Desert Line Projects LLC v Republic of Yemen, ICSID Case No.ARB/05/17 (Nihai Karar, 6 Subat 2008)","italaw.com (Case No.353, resmi/ucretsiz) + Lexology analizi",Davaci (Desert Line) lehine - 24 milyon USD (1 milyon USD MANEVI TAZMINAT dahil) hukmedildi - ULUSLARARASI YATIRIM TAHKIMI TARIHINDE bir BIT KAPSAMIND,24000000,3
GAP44-002,Umman,2016,Belirsiz/Veri Yetersiz,FIDIC-dışı/Belirsiz (Yatırım Tahkimi),BIT - Dolayli Kamulastirma (Off Plot Delivery Contract Feshi),ICSID (Washington D.C.) - Turkiye-Umman Ikili Yatirim Anlasmasi,"Turk insaat/kurulum sirketi Attila Dogan'in, Umman'da bir 'OFF PLOT DELIVERY CONTRACT' (saha disi teslimat sozlesmesi) YATIRIMININ, Umman Devleti tarafindan DOLAYLI KAMULASTIRILDIGI iddiasiyla actigi ",Devletlestirme/Kamulastirma; Yatirim Anlasmasi Ihlali (BIT/ICSID),Ilk Derece Tahkim (ICC/ICSID/LCIA/vb),Belirsiz/Detay Sinirli,"Attila Dogan Construction & Installation Co. Inc. v Sultanate of Oman, ICSID Case No.ARB/16/7","Derains & Gharavi (hukuk burosu, temsil ozeti) + ICSID resmi kayitlari","Belirsiz/detay sinirli - KORFEZ BOLGESINDE (Umman) TURK YUKLENICININ yatirim TAHKIMI davasi, TEZINIZIN 'Korfez FIDIC/EPC davalari + Turk yuklenici' HE",,
GAP44-003,Yemen,2014,Bina/Konut/Ticari,FIDIC-dışı/Belirsiz (Yatırım Tahkimi),BIT - Yetki (Yemen'deki Ic Savas/Siyasi Istikrarsizlik Baglaminda),ICSID (Washington D.C.) - Cin-Yemen Ikili Yatirim Anlasmasi,"Cinli devlet insaat sirketi Beijing Urban Construction Group'un, Yemen'deki bir ALTYAPI PROJESI YATIRIMININ, ULKEDEKI SIYASI ISTIKRARSIZLIK/IC SAVAS DONEMINDE ZARAR GORDUGU iddiasiyla actigi 114 MILYO",Yetki Itirazi; Yatirim Anlasmasi Ihlali (BIT/ICSID),Ilk Derece Tahkim (ICC/ICSID/LCIA/vb),Uzlasma,"Beijing Urban Construction Group Co. Ltd. v Republic of Yemen, ICSID Case No.ARB/14/30 (Yetki Karari, 31 Mayis 2017)",UNCTAD ISDS Navigator (resmi/ucretsiz),"Uzlasma ile SONLANDIRILDI (detaylar gizli) - YEMEN'DE (2011 sonrasi SIYASI ISTIKRARSIZLIK DONEMINDE) CINLI BIR ALTYAPI YUKLENICISININ yatirim tahkimi,",114000000,7
GAP45-001,Sri Lanka,1987,Sanayi Tesisi/Fabrika,FIDIC-dışı/Belirsiz (Yatırım Tahkimi),BIT - 'Tam Koruma ve Guvenlik' (Full Protection and Security) Standardi - ICSID'IN ILK BIT-DAYANAKLI DAVASI,ICSID (Washington D.C.) - Ingiltere-Sri Lanka BIT (1980),"Ingiliz-Sri Lankali yatirimcinin TESISININ, Sri Lanka'da 1987'de bir ASKERI KARSI-ISYAN OPERASYONU SIRASINDA GUVENLIK GUCLERI TARAFINDAN YOK EDILMESI - ICSID TARIHINDE BIR TAHKIM HEYETININ YETKISININ ",Yatirim Anlasmasi Ihlali (BIT/ICSID),Ilk Derece Tahkim (ICC/ICSID/LCIA/vb),Davaci Lehine,"Asian Agricultural Products Ltd. (AAPL) v Republic of Sri Lanka, ICSID Case No.ARB/87/3 (Nihai Karar, 27 Haziran 1990)",acerislaw.com + Global Arbitration Review (Construction Sector guide) - ucretsiz erisim,"Davaci (AAPL) lehine (kismen) - Sri Lanka'nin SORUMLULUGU TESPIT EDILDI - ICSID TARIHINDEKI ILK BIT-DAYANAKLI DAVA olarak, ULUSLARARASI YATIRIM TAHKIM",,3
GAP45-002,Ermenistan,2012,Belirsiz/Veri Yetersiz,FIDIC-dışı/Belirsiz (Yatırım Tahkimi),BIT - Dolayli Kamulastirma (Imtiyaz Sozlesmesinin Musadere Tehdidi),ICSID (Washington D.C.) - ABD-Ermenistan Ikili Yatirim Anlasmasi,"ABD'li yatirimci Joseph Borkowski VE sirketi Rasia FZE'nin, Ermenistan'da BIRDEN FAZLA YOL IMTIYAZI PROJESI icin (fizibilite calismasi VE insaat konusunda ozel HAKLAR icerdigi) yaptigi ANLASMALARIN, k",Devletlestirme/El Koyma,Ilk Derece Tahkim (ICC/ICSID/LCIA/vb),Belirsiz/Detay Sinirli,"Rasia FZE and Joseph K. Borkowski v Republic of Armenia, ICSID Case No.ARB/12/8 (Yetki Karari)","Norton Rose Fulbright (Investment disputes in construction and infrastructure makalesi, ucretsiz)","Belirsiz/detay sinirli - ERMENISTAN'DA (Kafkasya) bir YOL IMTIYAZI/altyapi projesinde YATIRIM TAHKIMI, ERMENISTAN'I VERI SETINE GETIREN YENI bir cogra",,
GAP45-003,Kamerun,1981,Sanayi Tesisi/Fabrika,FIDIC-dışı/Belirsiz (Yatırım Tahkimi),ICSID Sozlesmesi - Yuklenicinin Danismanlik/Ifsa Yukumlulukleri (Duty of Disclosure),ICSID (Washington D.C.),"Alman sirketi Klockner'in, Kamerun'da (SOCAME - Societe Camerounaise des Engrais ile) bir GUBRE FABRIKASI'NIN ANAHTAR TESLIM insaati icin yaptigi sozlesmede, FABRIKANIN TEKNIK/EKONOMIK SORUNLAR YASAMA",Odeme Uyusmazligi; Hakem Karari Iptali; Yatirim Anlasmasi Ihlali (BIT/ICSID),Hakem Karari Iptal Davasi/Mahkeme Denetimi,Davali Lehine,"Klockner Industrie-Anlagen GmbH and others v United Republic of Cameroon and Societe Camerounaise des Engrais, ICSID Case No.ARB/81/2 (Nihai Karar, 21 Ekim 1983)","jusmundi.com (Consent to Arbitration analizi, ucretsiz) + ICSID resmi arsivi",Davali (Kamerun) lehine (nihai) - fakat ILK karar IPTAL EDILEREK YENIDEN GORULDU - ICSID SISTEMININ 'IPTAL' (annulment) MEKANIZMASININ ILK ONEMLI TEST,,7
GAP46-001,Honduras,2009,Karayolu/Otoyol,FIDIC-dışı/Belirsiz (Yatırım Tahkimi),BIT - Sozlesme Ihlali/Kamulastirma Iddiasi,ICSID (Washington D.C.) - Ispanya-Honduras BIT,"Ispanyol insaat sirketi Elsamex'in, Honduras'ta bir KARAYOLU BAKIM/INSAAT PROJESI ile ilgili olarak Honduras Devleti'ne KARSI actigi yatirim tahkimi",Yatirim Anlasmasi Ihlali (BIT/ICSID),Ilk Derece Tahkim (ICC/ICSID/LCIA/vb),Belirsiz/Detay Sinirli,"Elsamex S.A. v Republic of Honduras, ICSID Case No.ARB/09/4 (Nihai Karar, 16 Kasim 2012)",White & Case (Honduras ICSID Denunciation makalesi) + ICSID resmi kayitlari,"Belirsiz/detay sinirli - HONDURAS'I VERI SETINE GETIREN, Orta Amerika'da (Panama/Kosta Rika'dan sonra) UCUNCU ulke ornegi - bu ulkenin 2024'te ICSID S",,15
GAP46-002,Guatemala,2007,Demiryolu/Metro,FIDIC-dışı/Belirsiz (Yatırım Tahkimi),CAFTA-DR - Dolayli Kamulastirma (Imtiyazin Fiilen Iptali),ICSID (Washington D.C.) - CAFTA-DR (Orta Amerika-ABD Serbest Ticaret Anlasmasi),"ABD'li demiryolu sirketi RDC'nin, Guatemala'da bir DEMIRYOLU HATTININ YENIDEN INSASI VE ISLETILMESI icin ALDIGI IMTIYAZIN, GUATEMALA HUKUMETI TARAFINDAN (bir SONRAKI HUKUMET DEGISIKLIGI SONRASI) FIILE",Devletlestirme/Kamulastirma; Yatirim Anlasmasi Ihlali (BIT/ICSID),Ilk Derece Tahkim (ICC/ICSID/LCIA/vb),Davaci Lehine,"Railroad Development Corporation (RDC) v Republic of Guatemala, ICSID Case No.ARB/07/23 (Nihai Karar, 29 Haziran 2012)","italaw.com (resmi/ucretsiz, Case documents)","Davaci (RDC) lehine - Guatemala DOLAYLI KAMULASTIRMA VE BIT IHLALINDEN SORUMLU BULUNDU - GUATEMALA'YI VERI SETINE GETIREN, CAFTA-DR KAPSAMINDA bir DEM",,5
GAP46-003,Kuveyt,2017,Belirsiz/Veri Yetersiz,FIDIC-dışı/Belirsiz (Yatırım Tahkimi),BIT - Yatirim Uyusmazligi; Tenfiz - Paris Istinaf Mahkemesi,ICSID (Washington D.C.) - Italya-Kuveyt VE Ispanya-Kuveyt BIT,"Italyan sirketi Rizzani de Eccher VE Ispanyol sirketi Obrascon Huarte Lain'in (OHL - VERI SETINDEKI 'Obrascon Huarte Lain v Gibraltar' davasindaki AYNI SIRKET AILESI), Kuveyt'te bir INSAAT PROJESI ile",Tenfiz/Icra; Yatirim Anlasmasi Ihlali (BIT/ICSID),Tenfiz/Icra (Nihai Asama),Devam Eden Dava,"Rizzani de Eccher S.p.A. and Obrascon Huarte Lain S.A. v State of Kuwait, ICSID Case No.ARB/17/8","italaw.com (Enforcement Proceedings sayfasi, resmi/ucretsiz)","Belirsiz/devam eden dava - KUVEYT'TEKI IKINCI insaat davasi olarak veri setini ZENGINLESTIRIYor, AYNI OHL SIRKETININ (Gibraltar davasindan TANIDIGIMIZ",,8
GAP47-001,Kamboçya,2009,Sanayi Tesisi/Fabrika,FIDIC-dışı/Belirsiz (Yatırım Tahkimi),ICSID Sozlesmesi m.25(1) - Devlet Kurulusunun (EDC) 'Alt Bolum/Ajans' Olarak Tayini,ICSID (Washington D.C.) - Yatirim Anlasmasi (dogrudan sozlesmesel riza),"Bir GUC SANTRALI (elektrik uretim tesisi) insaati/isletmesi icin, Kamboçya Krallik Hukumeti (KOC) VE Devlet Elektrik Sirketi (EDC - Electricite du Cambodge) ile YAPILAN sozlesmede, ICSID tahkimine ACI",Yatirim Anlasmasi Ihlali (BIT/ICSID),Ilk Derece Tahkim (ICC/ICSID/LCIA/vb),Belirsiz/Detay Sinirli,"Cambodia Power Company v Kingdom of Cambodia and Electricite du Cambodge, ICSID Case No.ARB/09/18 (Nihai Karar, 22 Nisan 2013)","italaw.com (Case No.6345, resmi/ucretsiz)","Belirsiz/detay sinirli - KAMBOÇYA'YI VERI SETINE GETIREN, GUC SANTRALI (enerji altyapisi) insaati/isletmesi konusunda ICSID YETKI YAPISININ (devlet ku",,4
GAP48-001,Norveç,2025,Sanayi Tesisi/Fabrika,FIDIC-dışı,"Norvec Tahkim Kanunu (NAA) m.13/43(1)(d) - Hakem Tarafsizligi/Bagimsizligi, IBA Rehberleri",Norvec Yuksek Mahkemesi (Hoyesterett),"Mo i Rana'da (Norvec) bir ENDUSTRI PARKI (Mo Industripark) projesinde YASANAN bir tahkimde, KAYBEDEN TARAFIN, HAKEMLERDEN BIRININ KENDI HUKUK BUROSUNUN, TAHKIM SURECI DEVAM EDERKEN KARSI TARAF ICIN AY",Hakem Karari Iptali,Istinaf/Temyiz/Yuksek Mahkeme,Davali Lehine,"Mo Industripark Davasi, Norvec Yuksek Mahkemesi (Hoyesterett), HR-2025-921-A (19 Mayis 2025)",Wolters Kluwer Arbitration Blog + BAHR Hukuk Burosu Bulteni + Global Arbitration Review,"Davali (kazanan taraf) lehine - hakem karari IPTAL EDILMEDI, itiraz REDDEDILDI - NORVEC'I VERI SETINE GETIREN, IBA REHBERLERININ NORVEC HUKUKUNDA 'FII",,
GAP49-001,Finlandiya,2007,Belirsiz/Veri Yetersiz,FIDIC-dışı (YSE 1998),YSE 1998 m.12-14 - Ek Is Faturasi ve Tasarim Sorumlulugu,Finlandiya Yuksek Mahkemesi (Korkein Oikeus),"Bir insaat projesinde, Yuklenici'nin TEKLIF HAZIRLARKEN, Isveren'in RESTNAMESINDE BELIRTILEN IKI ZEMIN KAPLAMASI SECENEGINDEN UCUZ OLANI SECMESI - SONRADAN SECILEN ZEMIN KAPLAMASININ PROJE ILE CELISTI",Degisiklik/Change Order; Odeme Uyusmazligi,Istinaf/Temyiz/Yuksek Mahkeme,Davaci Lehine,"KKO:2007:5 (Finlandiya Yuksek Mahkemesi, 29 Ocak 2007, Diaari No.S2006/253)","rakennusriidat.fi (Finlandiya insaat hukuku veritabani, ozet) + Finlex (resmi)","Davaci (Yuklenici) lehine - Isveren'in itiraz HAKKI ZAMANASIMINA UGRADI, ek is faturasi KABUL EDILMIS SAYILDI - FINLANDIYA'YI VERI SETINE GETIREN, YSE",,
GAP50-001,Bosna Hersek,2007,Sanayi Tesisi/Fabrika,FIDIC-dışı/Belirsiz,BIT - Yatirim Uyusmazligi,ICSID (Washington D.C.) - Avusturya-Bosna Hersek BIT,"Avusturyali insaat malzemesi uretim sirketi ALAS International'in, Bosna Hersek'te bir INSAAT MALZEMESI URETIM TESISI YATIRIMI ile ilgili olarak Bosna Hersek Devleti'ne karsi actigi ICSID tahkimi",Yatirim Anlasmasi Ihlali (BIT/ICSID),Ilk Derece Tahkim (ICC/ICSID/LCIA/vb),Uzlasma,"ALAS International Baustoffproduktions AG v Bosnia and Herzegovina, ICSID Case No.ARB/07/11 (Uzlasma ile Sonlandirildi)",Lexology (A Global Guide to International Arbitration - Europe),"Uzlasma ile SONLANDIRILDI - BOSNA HERSEK'I VERI SETINE GETIREN, INSAAT MALZEMESI URETIMI (Bati Afrika'daki Senegal/SOABI davasindan benzer bir sektor)",,
GAP50-002,Honduras,2007,Belirsiz/Veri Yetersiz,FIDIC-dışı/Belirsiz,BIT - Yatirim Uyusmazligi,ICSID (Washington D.C.) - Italya-Honduras BIT,"Italyan insaat sirketi Astaldi'nin (VERI SETINDE ZATEN OLAN Fas/Salini ILE AYNI ITALYAN EPC YUKLENICI CEVRESI) VE Columbus Latinoamericana'nin, Honduras'ta bir INSAAT PROJESI ile ilgili olarak Hondura",Yatirim Anlasmasi Ihlali (BIT/ICSID),Ilk Derece Tahkim (ICC/ICSID/LCIA/vb),Davaci Lehine,"Astaldi S.p.A. and Columbus Latinoamericana de Construcciones S.A. v Republic of Honduras, ICSID Case No.ARB/07/32 (Davaci Lehine Karar)",Lexology (A Global Guide to International Arbitration - Europe),"Davaci (Astaldi/Columbus) lehine - HONDURAS'TA (Elsamex'ten SONRA) IKINCI insaat tahkimi davasi, ULUSLARARASI ITALYAN EPC YUKLENICI AILESININ (Salini/",,1
GAP50-003,Letonya,2016,Havalimani,FIDIC-dışı/Belirsiz,BIT - Dolayli Kamulastirma/Adil-Esit Muamele; Devlet Kurulusunun Eylemlerinin Devlete Atfedilmesi,ICSID (Washington D.C.) - Norvec-Letonya BIT (1992),"UC NORVECLI SIRKETIN (Staur Eiendom, EBO Invest, Rox Holding) sahip oldugu Letonya YAVRU SIRKETI Rixport'un, RIGA HAVALIMANI YANINDAKI ARAZI PARSELLERINDE (3 OTEL, KONFERANS/SERGI TESISLERI VE BIR IS ",Odeme Uyusmazligi; Tahkim Masraflari; Yatirim Anlasmasi Ihlali (BIT/ICSID),Ilk Derece Tahkim (ICC/ICSID/LCIA/vb),Davaci Lehine,"Staur Eiendom AS, EBO Invest AS and Rox Holding AS v Republic of Latvia, ICSID Case No.ARB/16/38 (Nihai Karar, 28 Subat 2020)",Fietta LLP (hukuk analizi) + jusmundi.com + Chambers Investor-State Arbitration Guide,"Davali (Letonya) lehine - Davaci'nin tum talepleri REDDEDILDI, Davacilara 2.6 MILYON EURO MASRAF ODEME EMRI verildi - LETONYA'YI VERI SETINE GETIREN, ",2600000,4
GAP51-001,Sırbistan,2010,Su/Atik Su/Baraj,FIDIC-dışı (Sırbistan ZOO),ZOO m.630 - Ek/Ongorulmemis Islerde Yazili Onay Sarti,Sirbistan Yargitayi (Vrhovni Kasacioni Sud),"Bir REZERVUAR/BARAJ CEVRESINDE CEVRE YOLU GUZERGAHI ACMA (obilazni put) projesinde, taraflarin DORDUNCU EK SOZLESMEYI imzalamasi SONRASI, Yuklenici'nin YAZILI ONAY OLMADAN yaptigi iddia edilen EK ISLE",Degisiklik/Change Order,Istinaf/Temyiz/Yuksek Mahkeme,Davali Lehine,"Prev 157/10 (Sirbistan Yargitayi - Vrhovni Kasacioni Sud, resmi karar arsivi)","vrh.sud.rs (Sirbistan Yargitayi resmi web sitesi, ucretsiz)","Davali (Isveren) lehine - Yuklenici'nin EK IS TALEBI REDDEDILDI - SIRBISTAN'I VERI SETINE GETIREN, 'DENETCININ SESSIZ ONAYI = YAZILI ONAY DEGILDIR' il",,
GAP52-001,Japonya,1989,Belirsiz/Veri Yetersiz,FIDIC-dışı,Medeni Kanun - Fesih Sonrasi Tamamlanan Islerin Mulkiyeti (Alt-Yuklenici Malzemesi),Japonya Yuksek Mahkemesi (Saiko Saibansho) 3. Kucuk Daire,"Bir BINA INSAATI projesinde, ANA YUKLENICI 'Sumiyoshi Kensetsu' (Sumiyoshi Insaat) ile Isveren ARASINDAKI sozlesmede 'sozlesme FESHEDILDIGINDE tamamlanan KISMIN MULKIYETI Isveren'e AIT OLUR' hukmu VAR",Fesih,Istinaf/Temyiz/Yuksek Mahkeme,Davaci Lehine,"Japonya Yuksek Mahkemesi 3. Kucuk Daire, Heisei 1 (Oo) No.274 (26 Kasim 1993 civari) - Ana Yuklenici: Sumiyoshi Kensetsu (Sumiyoshi Insaat) Iflasi","daihanrei.com (Japonya mahkeme karari veritabani, ucretsiz ozet)","Davaci (Isveren) lehine - MULKIYET Isveren'e AIT SAYILDI - JAPONYA'YI VERI SETINE GETIREN, ANA YUKLENICI IFLASI SONRASI ALT-YUKLENICI HAKLARININ SINIR",,
GAP53-001,Güney Kore,2019,Belirsiz/Veri Yetersiz,FIDIC-dışı,Medeni Kanun m.449(2) - Temlik Yasagi Sartinin Iyi Nyetli Ucuncu Kisiye Karsi Ileri Surulmesi,Guney Kore Yargitayi (Daebeobwon) - Genel Kurul (Tam Heyet),"Yuklenici 'Eld Insaat'in (엘드건설) bir INSAAT PROJESI HAKEDIS ALACAGINI, teminat KAPSAMINDA NongHyup Bankasi'na (Tarim Kooperatifi Bankasi) TEMLIK ETMESI VE Isveren'den (Davali) 'KESIN TARIHLI TEMLIK ONA",Odeme Uyusmazligi,Istinaf/Temyiz/Yuksek Mahkeme,Karma/Kismi,"Guney Kore Yargitayi (Daebeobwon) Genel Kurul Karari, 2016Da24284, 19 Aralik 2019 - Yuklenici: Eld Insaat (엘드건설)","casenote.kr (Guney Kore mahkeme karari veritabani, ucretsiz ozet)","Karma/usul netlestirme - ISPAT YUKU DAGILIMI netlestirildi (Isveren'in USTUNE DUSTUGU tespit edildi) - GUNEY KORE'YI VERI SETINE GETIREN, INSAAT HAKED",,
GAP54-001,Çin,2021,Karayolu/Otoyol,FIDIC-dışı (EPC/İç İnşaat Hukuku),EPC Sozlesmesinde 'Isbirligi Anlasmasi' Kapsaminda Odeme Yukumlulugu Sahibinin Belirlenmesi,Cin Yuksek Halk Mahkemesi (Zui Gao Renmin Fayuan) - Nihai Temyiz Dairesi,"Bir EPC (Tasarim-Tedarik-Insaat) PROJESINDE, 'Isbirligi Anlasmasi' (Hezuo Xieyi) kapsaminda GENEL YUKLENICININ (China Power Engineering/Huadong Design Institute) TEMEL YUKUMLULUGUNUN 'GEREKLI EKIPMAN ",Odeme Uyusmazligi,Istinaf/Temyiz/Yuksek Mahkeme,Davaci Lehine,"China Power Engineering Consulting Group East China Electric Power Design Institute Co. Ltd. (Zhongguo Dianli Gongcheng Guwen Jituan Huadong Dianli Sheji Yuan) v Gansu Sheng Anzhuang Jianshe Jituan (Gansu Kurulum Insaat Grubu), (2021) Zui Gao Fa Min Zhong No.662","Guangdong Chunting Hukuk Burosu (chuntinglawyer.com, Cin Yuksek Mahkeme resmi karar arsivi ozeti)","Davaci (Gansu Kurulum Insaat Grubu, Fiili Insaat Yapan Taraf) lehine - Genel Yuklenici ODEME YAPMAKLA YUKUMLU tutuldu - CIN'I VERI SETINE GETIREN, EPC",,
GAP54-002,Çin,2019,Belirsiz/Veri Yetersiz,FIDIC-dışı (EPC/İç İnşaat Hukuku),Fiili Yuklenicinin (Shiji Shigongren) Is Bedeli Alacagi - Yonetim Ucreti Kesintisi VE Odul Bedelleri,Cin Yuksek Halk Mahkemesi (Zui Gao Renmin Fayuan) - Nihai Temyiz Dairesi,"Iki 'FIILI YUKLENICININ' (gercek isi yapan taraf - Sun Yan ve Ju Jianjun), ANA YUKLENICI Jiangsu Yijian'DAN (Jiangsu No.1 Insaat) IS BEDELI ALACAKLARINI TALEP ETMESI - Ana Yuklenici'nin BU BEDELDEN %4",Degisiklik/Change Order; Odeme Uyusmazligi,Istinaf/Temyiz/Yuksek Mahkeme,Karma/Kismi,"Sun Yan (孙炎), Ju Jianjun (鞠建军) v Jiangsu Yijian (江苏一建 - Jiangsu No.1 Insaat Sirketi), (2019) Zui Gao Fa Min Zhong No.1779","055110.com (Cin hukuk karar veritabani, ucretsiz)","Karma (kismen her iki taraf lehine) - %4 yonetim ucreti kesintisi ONANDI, is bedeli TUTARI BELIRLENDI - CIN'DE 'FIILI YUKLENICI' (taseron zincirinde G",,
GAP55-001,Hong Kong,2025,Havalimani,FIDIC-dışı,"Sonradan Yapilan Uzlasma Anlasmasinin, Orijinal Sozlesmedeki Tahkim Sartini Devre Disi Birakip Birakmadigi",Hong Kong - Ilk Derece Mahkemesi (Court of First Instance),"Hong Kong Uluslararasi Havalimani'ndaki UCUNCU PIST INSAATI ile BAGLANTILI bir 'DENIZ KUMU TASIMA VE BOSALTMA SOZLESMESI' kapsaminda, taraflar ARASINDA CIKAN uyusmazlik icin SONRADAN bir UZLASMA ANLAS",Muhendis/Mimar Karari - Clause 67 Usulu,Ilk Derece Devlet Mahkemesi,Davaci Lehine,"Kat Yue Construction Engineering Limited v Fai Lee Construction (H.K.) Limited, [2025] HKCFI 3298",Reed Smith (Hukuk Analizi) + Hong Kong Mahkemeleri resmi karar arsivi,"Davaci (Kat Yue Construction) lehine - dava MAHKEMEDE DEVAM ETTI, tahkime sevk edilmedi - HONG KONG HAVALIMANI 3. PIST PROJESI baglaminda, UZLASMA ANL",,
GAP56-001,İngiltere/UK,2026,Nukleer Enerji,FIDIC-dışı,Ortak Girisimin (Tuzel Kisiligi Olmayan) Bir Uyesinin Tek Basina Dava Acma Yetkisi,Ingiltere - Technology and Construction Court,"INGILTERE'NIN EN BUYUK NUKLEER SANTRALI PROJELERINDEN BIRI olan HINKLEY POINT C'DE, Bouygues Travaux Publics (Fransiz insaat devi) VE Laing O'Rourke Delivery'nin (Ingiliz ana yuklenici) OLUSTURDUGU TU",Odeme Uyusmazligi; Tenfiz/Icra; DAB/Hakem Prosedur Usulsuzlugu; Yetki Itirazi; Muhendis/Mimar Karari - Clause 67 Usulu; Ortak Girisim Ic Anlasmazligi,Tenfiz/Icra (Nihai Asama),Davaci Lehine,"Darchem Engineering Ltd v Bouygues Travaux Publics and Laing O'Rourke Delivery Ltd, [2026] EWHC 220 (TCC) (6 Subat 2026)",4 Pump Court (Hukuk Burosu Bulteni) + Clyde & Co + BAILII,Davaci (Darchem Engineering) lehine - 23.944.012 GBP'lik adjudikasyon karari TENFIZ EDILDI - INGILTERE'NIN EN ONEMLI NUKLEER ALTYAPI PROJELERINDEN BIR,23900000,
GAP57-001,İngiltere/UK,2026,Bina/Konut/Ticari,FIDIC-dışı,Gecikmenin Esasli Ihlal (Repudiatory Breach) Teskil Edip Etmedigi - Sure Esas Unsur Degil,Ingiltere - Technology and Construction Court,"Croydon'daki 'Centrillion Point' KONUT BINASINDA (eski ofis binasi, 2000'lerin sonunda KONUTA CEVRILMIS), Bina Guvenligi Duzeltme Emri (Remediation Order) KAPSAMINDA, Durkan'in KENDI MASRAFINA yangin ",Gecikme/EOT; Fesih,Arabuluculuk/Dostane Cozum Girisimi,Karma/Kismi,"Durkan Estates Ltd v Wallace Estates Ltd, [2026] EWHC 2003 (TCC) (Yargic Constable, Temmuz 2026)",Solicitors Journal / 4 Pump Court / Mayer Brown / Keating Chambers (hukuk bulteni) + BAILII,"Karma/usul asamasinda - OZET YARGI REDDEDILDI, dava ESASTAN GORULMEYE devam EDECEK - INGILTERE'DE, BINA GUVENLIGI YASASI (BSA 2022) KAPSAMINDAKI DUZEL",13500000,22
GAP57-002,İngiltere/UK,2026,Telekom/Veri Merkezi,FIDIC-dışı,HGCRA 1996 m.110B(4) - Odeme Bildiriminin Sozlesmesel Kimlik Bilgisi Gereksinimlerine Uygunlugu,Ingiltere - Technology and Construction Court,"Ulke CAPINDA FIBER-OPTIK AGI ISLETEN Netomnia ile, KABLOLAMA/ALTYAPI KURULUMU YAPAN MJ Quinn ARASINDAKI 2021 tarihli CERCEVE SOZLESMESI kapsaminda, MJ Quinn'in AYNI GUN GONDERDIGI 168 ODEME BASVURUSUN",Odeme Uyusmazligi,Belirsiz/Sadece Claim Asamasi,Davaci Lehine,"Netomnia Limited v MJ Quinn Integrated Services Limited, [2026] EWHC 1824 (TCC) (Yargic Eyre, 24 Temmuz 2026)",Solicitors Journal / 4 Pump Court / Mayer Brown / Keating Chambers (hukuk bulteni) + BAILII,"Davaci (Netomnia, Isveren) lehine - adjudikator karari BOZULDU, odeme basvurusu GECERSIZ SAYILDI - ULKE CAPINDA BIR FIBER-OPTIK AG PROJESINDE, SOZLESM",5000000,5
GAP57-003,İngiltere/UK,2025,Havalimani,FIDIC-dışı,Gec Verilen Odeme Bildiriminin Geriye Donuk Olarak 'Odemesiz Bildirim' (Pay Less Notice) Sayilip Sayilamayacagi,Ingiltere - Technology and Construction Court,"Bir ALCIPAN/KURU DUVAR alt-sozlesmesinde, Alt-Yuklenici Gypcraft'in 342.385,52 GBP'lik BIR HAKEDIS BASVURUSU (No.23) YAPMASI SONRASI, Ana Yuklenici Vision Construct'in (VCL) SOZLESMEDE BELIRTILEN SURE",Odeme Uyusmazligi,Belirsiz/Sadece Claim Asamasi,Davali Lehine,"Vision Construct Limited v Gypcraft Drylining Contractors Limited, [2025] EWHC 2707 (TCC) (Vekil Yargic Adrian Williamson KC, 8 Ekim 2025)",Solicitors Journal / 4 Pump Court / Mayer Brown / Keating Chambers (hukuk bulteni) + BAILII,"Davali (Gypcraft, Alt-Yuklenici) lehine - VCL'nin Part 8 talebi REDDEDILDI, 216.947,75 GBP+FAIZ ODEME KARARI ONANDI - INGILTERE'DE 'BIR BILDIRIM DIGER",,
GAP57-004,İngiltere/UK,2025,Bina/Konut/Ticari,FIDIC-dışı,HGCRA 1996 m.106 - 'Konut Sahibi Istisnasi' (Residential Occupier Exception) - ILK DERECE KARARI,Ingiltere - Technology and Construction Court (ILK DERECE),"Bir KONUT INSAATI/YENILEME PROJESINDE, Isveren'in (ev sahibi) 'KONUT SAHIBI ISTISNASI' KAPSAMINDA olup OLMADIGI KONUSUNDAKI uyusmazligin ILK DERECE (TCC) KARARI - bu KARAR SONRADAN Istinaf Mahkemesi'n",DAB/Hakem Prosedur Usulsuzlugu,Istinaf/Temyiz/Yuksek Mahkeme,Belirsiz/Detay Sinirli,"RBH Building Contractors Ltd v Ashley James & Anor, [2025] EWHC 2005 (TCC) - SONRADAN Istinaf Mahkemesi'ne tasindi ('RBH Building Contractors Ltd v James & Anor', [2026] EWCA Civ 511, ZATEN VERI SETINDE)",Solicitors Journal / 4 Pump Court / Mayer Brown / Keating Chambers (hukuk bulteni) + BAILII,"Belirsiz/Istinaf'a tasindi - VERI SETINIZDEKI '[2026] EWCA Civ 511' Istinaf KARARININ, ILK DERECE (TCC) ASAMASINI TAMAMLAYAN, DAVANIN TAM PROSEDUREL Z",,1
GAP58-001,BAE (Dubai/DIFC),2022,Bina/Konut/Ticari,FIDIC/FIDIC-dışı,Sub-Cl.20.1 - 28 Gunluk Bildirim Kurali; Tazminat Talebinde Tazminat Sinirlamasi (Indemnity),DIFC Mahkemeleri (Dubai Uluslararasi Finans Merkezi),"Dubai'deki 'FIVE JVC Kulesi' insaatinda YASANAN CIDDI GECIKME nedeniyle, Isveren FIVE'in, Yuklenici Reem Emirates Aluminium'a karsi actigi davada, Sub-Cl.20.1'in 28 GUNLUK BILDIRIM SURESININ NASIL YOR",Gecikme/EOT,Belirsiz/Sadece Claim Asamasi,Karma/Kismi,"FIVE Real Estate Development LLC v Reem Emirates Aluminium LLC, DIFC Mahkemeleri",Mishcon de Reya / Covington / Charles Russell Speechlys (hukuk bulteni) + DIFC Mahkemeleri resmi karar arsivi,"Karma - DIFC'nin FIDIC Cl.20.1 YORUMU konusunda TEMEL bir emsal haline geldi (Panther v MESC'TEN [zaten veri setinde] ONCE GELEN, o KARARA da ATIF YAP",,
GAP58-002,BAE (Dubai/DIFC),2026,Belirsiz/Veri Yetersiz,FIDIC/FIDIC-dışı,"DIFC Mahkemeleri Kanunu 2025 - Dubai Mahkeme Kararinin DIFC Uzerinden Tenfizi, Varlik Bilgisi Talebi Kapsami","DIFC Istinaf Mahkemesi (Chief Justice Wayne Martin, Yargiclar Sir Peter Gross ve Robert French)","Bir INSAAT SOZLESMESI UYUSMAZLIGINDA, Davaci'nin (Ostin) Dubai Ilk Derece Mahkemesi'nden ALDIGI YAKLASIK 81.6 MILYON AED'lik KARARIN, DIFC MAHKEMELERI ARACILIGIYLA TENFIZ EDILMESI SIRASINDA, borclunun",Odeme Uyusmazligi,Tenfiz/Icra (Nihai Asama),Davaci Lehine,"Ostin v Oleda, DIFC Istinaf Mahkemesi, CA-001-2026",Mishcon de Reya / Covington / Charles Russell Speechlys (hukuk bulteni) + DIFC Mahkemeleri resmi karar arsivi,"Davaci (Ostin, Alacakli) lehine - Ilk Derece kisitlamasi KALDIRILDI, ORIJINAL EMIR TAM OLARAK GERI GETIRILDI - 81.6 MILYON AED'lik bir INSAAT SOZLESME",81600000,1
GAP58-003,BAE (Dubai/DIFC),2024,Belirsiz/Veri Yetersiz,FIDIC/FIDIC-dışı,"DIFC-LCIA Tahkim Sartinin, Sarjah Mahkemesindeki Paralel Davaya Karsi Tenfizi",DIFC Ilk Derece Mahkemesi (DIFC-LCIA),"Bir INSAAT PROJESINDE, SOZLESME IHLALI VE HAKSIZ FESIH iddialariyla ONCE SARJAH MAHKEMESI'NDE ACILAN bir davada, Davaci Narciso'nun, TARAFLAR ARASINDAKI SOZLESMENIN ACIKCA BIR DIFC-LCIA TAHKIM SARTI I",Fesih,Tenfiz/Icra (Nihai Asama),Davaci Lehine,"Narciso v Nash, DIFC Mahkemeleri, ARB 009/2024",Mishcon de Reya / Covington / Charles Russell Speechlys (hukuk bulteni) + DIFC Mahkemeleri resmi karar arsivi,"Davaci (Narciso) lehine - Sarjah davasi DURDURULDU - BAE'DE (Sarjah'tan DIFC'e) 'ARBITRATION-FRIENDLY' bir YARGI YETKISI CATISMASI cozumunu gosteren, ",,
GAP59-001,Bahreyn,2026,Belirsiz/Veri Yetersiz,FIDIC-dışı,Sozlesme Feshi - Isin Tamamen Terk Edilmesi (Avans Odemesine Ragmen),Bahreyn Uyusmazlik Cozum Odasi (Ticaret Odasi bunyesinde tahkim kurumu),"Bahreynli bir insaat sirketi ile bir KORFEZ (Bahreyn disi) sirketi ARASINDA, Wadi Al-Seel'DEKI 234 VILLALIK bir konut projesinde AHSAP/MARANGOZLUK isleri icin YAPILAN alt-sozlesmede, DAVALI SIRKETIN (",Gecikme/EOT; Odeme Uyusmazligi,Ilk Derece Tahkim (ICC/ICSID/LCIA/vb),Davaci Lehine,Bahreyn Uyusmazlik Cozum Odasi (Ghurfat al-Bahrayn li-Taswiyat al-Munazaat) Tahkim Karari - 234 Villalik Konut Projesi (Wadi Al-Seel),"Al-Watan News (albiladpress.com, Bahreyn yerel haber kaynagi, ucretsiz)","Davaci (Korfez Sirketi/Isveren) lehine - sozlesme FESHEDILDI, 100.000+ Bahreyn Dinari ODEME KARARI verildi (Ingilizce YURUTULEN bir tahkim SURECI SONU",,
GAP60-001,Azerbaycan,2021,Belirsiz/Veri Yetersiz,FIDIC-dışı,Sakinlerin Tahliyesi Yukumlulugu VE Devlet Insaat Denetim Jurnali Kaydi - Kimin Gecikmeden Sorumlu Oldugu,Azerbaycan Yuksek Mahkemesi (Ali Mehkeme),"Bir KONUT/GARAJ BINASI insaatinda, Yuklenici'nin (podratci) sozlesmenin 2.1.1 maddesine gore 6 AY ICINDE SAKINLERI TAHLIYE ETME VE INSAAT HAZIRLIK ISLERINI TAMAMLAYIP BINA TEMELINI KAZIP GARAJ KATINA ",Gecikme/EOT; Kalite/Kusur,Istinaf/Temyiz/Yuksek Mahkeme,Yuklenici Lehine,"Azerbaycan Yuksek Mahkemesi Karari, No.2-2[102]-262/2021","sc.supremecourt.gov.az (Azerbaycan Yuksek Mahkemesi resmi karar arsivi, ucretsiz)","Karma (kismen Yuklenici lehine) - GECIKME SORUMLULUGU PAYLASTIRILDI - AZERBAYCAN'I VERI SETINE GETIREN, ISVERENIN KENDI DENETIM/BELGELEME YUKUMLULUGUN",,
GAP60-002,Gürcistan,2019,Belirsiz/Veri Yetersiz,FIDIC-dışı,Sozlu Insaat Sozlesmesinin Gecerliligi ve Isin Tamamlanmasi Ispat Yuku,Gurcistan Yuksek Mahkemesi (Sakartvelos Uzenaesi Sasamartlo),"CUGAANI (Gurcistan) BOLGESINDE, 'COK MILYON DOLARLIK BIR KOMPLEKS' (mrаvalmilioniani kompleksi) insa EDEN Davali'nin, 2016 Ocak AYINDAN itibaren TARAFLAR ARASINDA VAR OLAN SOZLU BIR NARDOBA (insaat/im",Kalite/Kusur,Istinaf/Temyiz/Yuksek Mahkeme,Davali Lehine,"Gurcistan Yuksek Mahkemesi Karari, No.As-1166-2019","supremecourt.ge (Gurcistan Yuksek Mahkemesi resmi karar arsivi, ucretsiz)","Davali (Isveren) lehine - Yuklenici'nin talebi ISPAT YETERSIZLIGI nedeniyle REDDEDILDI - GURCISTAN'I VERI SETINE GETIREN, SOZLU insaat SOZLESMELERINDE",,
GAP60-003,Gürcistan,2023,Belirsiz/Veri Yetersiz,FIDIC-dışı,Sozlesme Feshi - Isin Fiilen Terk Edilmesi (2013'ten Sonra),Gurcistan Yuksek Mahkemesi (Sakartvelos Uzenaesi Sasamartlo),"Yuklenici'nin (menarde), sozlesme kapsaminda 31 ARALIK 2012'YE KADAR ISLERI TAMAMEN BITIRME YUKUMLULUGUNE RAGMEN, 2013 MAYIS'INDAN SONRA INSAAT ISLERINI FIILEN DURDURMASI VE taraflar ARASINDAKI NARDOB",Fesih,Istinaf/Temyiz/Yuksek Mahkeme,Davaci Lehine,"Gurcistan Yuksek Mahkemesi Karari, No.As-671-2023","supremecourt.ge (Gurcistan Yuksek Mahkemesi resmi karar arsivi, ucretsiz)","Davaci (muhtemelen Isveren) lehine - sozlesmenin FESHI/SONA ERMESI ONANDI - GURCISTAN'I VERI SETINE GETIREN IKINCI dava, insaat SOZLESMELERINDE 'ISIN ",,1
GAP61-001,Endonezya,2015,Fosil Yakit/Petrol-Gaz,FIDIC-benzeri/Belirsiz,Muhendis'in (Isveren Temsilcisi) Odeme Yontemini Goturu Bedelden Birim Fiyata Cevirme Yetkisi,Endonezya Ulusal Tahkim Kurumu (BANI) + Jakarta Timur Bolge Mahkemesi,"AMPANA'DA (Endonezya, Tojo Una-Una Ilcesi) 2x3 MW'lik BIR KOMUR SANTRALI (PLTU) insaatinda, Muhendis'in (Isveren Temsilcisi), sozlesmede BELIRLENEN 'GOTURU BEDEL' (Lump Sum/LS) KALEMLERINI, ODEME HESA",Odeme Uyusmazligi,Ilk Derece Devlet Mahkemesi,Karma/Kismi,"Pembangunan PLTU Ampana 2x3 MW (Ampana Elektrik Santrali Insaati, Tojo Una-Una Ilcesi) - BANI Karari No.688/IV/ARB-BANI/2015 + Jakarta Timur Bolge Mahkemesi No.479/Pdt.G.ARB/2015/PN.Jkt.Tim","UGM/UNIMAL Akademik Calisma (Endonezya Mahkeme/BANI Karar Direktorisi Analizi, ucretsiz)","Karma/incelenen - BANI'nin FIDIC/JCT VE ILGILI DUZENLEMELERLE TUTARLI OLDUGU akademik CALISMADA tespit edildi - ENDONEZYA'YI VERI SETINE GETIREN, DOGR",,6
GAP61-002,Endonezya,2022,Bina/Konut/Ticari,FIDIC-benzeri/Belirsiz,Hakem Kararinin Iptali - Sahtekarlik/Aldatma Unsurunun Tespiti,Endonezya Ulusal Tahkim Kurumu (BANI) + Jakarta Timur Bolge Mahkemesi,"GUNEY JAKARTA'DAKI 'MMC Tower' (The H Tower olarak da BILINEN) BIR YUKSEK KATLI BINA INSAATI PROJESINDE cikan sozlesme UYUSMAZLIGININ BANI tahkiminde COZULMESI SONRASI, Bolge Mahkemesi'nin BU KARARI '",Siniflandirilmamis/Veri Yetersiz,Ilk Derece Devlet Mahkemesi,Davaci Lehine,"Pembangunan/Pengembangan MMC Tower (The H Tower), Jakarta Selatan - BANI Karari No.45055/VII/ARB-BANI/2022 + Jakarta Timur Bolge Mahkemesi No.524/Pdt.Sus-Arb/2023/PN.Jkt.Tim","UGM/UNIMAL Akademik Calisma (Endonezya Mahkeme/BANI Karar Direktorisi Analizi, ucretsiz)","Davaci (kaybeden taraf, iptal talep eden) lehine - BANI karari IPTAL EDILDI - MMC Tower/The H Tower PROJESI baglaminda, ENDONEZYA MAHKEMELERININ TAHKI",,1
GAP62-001,Kenya,2025,Fosil Yakit/Petrol-Gaz,FIDIC/FIDIC-dışı,Cl.20.2 - DAB (Dispute Adjudication Board) Kurulumunda Karsilikli Anlasma Sarti,Kenya Yuksek Mahkemesi (High Court of Kenya),"Kenya Cay Kalkinma Ajansi (KTDA), bir HIDROELEKTRIK SANTRALI icin Cinli EPC Yuklenicisi Jiangxi (VERI SETINDE ZATEN OLAN, HINDISTAN'DAKI Jiangxi Construction Engineering Group v Varaha Infra davasinda",Muhendis/Mimar Karari - Clause 67 Usulu,Istinaf/Temyiz/Yuksek Mahkeme,Devam Eden Dava,"KTDA v Jiangxi (Jiangxi Construction Engineering Group), Kenya Yuksek Mahkemesi","Manwa Advocates (Construction Disputes in East Africa makalesi, ucretsiz)","Belirsiz/devam eden dava - KENYA'DA, AYNI CINLI EPC YUKLENICISININ (Jiangxi - VERI SETINDE ARTIK HEM HINDISTAN HEM KENYA'DA GORULEN) BIR HIDROELEKTRIK",,
GAP62-002,Güney Afrika,2025,Karayolu/Otoyol,FIDIC/FIDIC-dışı,Sozlu Kanit Kurali (Parole Evidence Rule) - Sozlesmenin Tahkime Degistirilip Degistirilmedigi,Guney Afrika - Western Cape Yuksek Mahkemesi (Cape Town),"Kamu Isleri Bakanligi (Davali) ile Tempani Construction (Davaci) ARASINDAKI bir JBCC sozlesmesinde, adjudikasyon SURECI SONUCUNDA VERILEN bir KARARA (Davali'nin UYMAYI REDDETTIGI) karsi, sozlesmenin S",DAB/Hakem Prosedur Usulsuzlugu,Istinaf/Temyiz/Yuksek Mahkeme,Davaci Lehine,"Tempani Construction (Pty) Ltd v Minister of Public Works and Infrastructure, [2025] ZAWCHC 427 (15 Eylul 2025)","SAFLII (Guney Afrika/Lesotho Hukuk Bilgi Enstitusu, resmi/ucretsiz)","Davaci (Tempani Construction, Yuklenici) lehine - Davali'nin KARSI TALEBI REDDEDILDI - GUNEY AFRIKA'DA JBCC sozlesmelerinde, adjudikasyon SONRASI TARA",,
GAP63-001,Yeni Zelanda,2025,Bina/Konut/Ticari,FIDIC/FIDIC-dışı,Onceki Yuklenicinin Islerini Devralan Yuklenicinin Kusur Giderme Sorumlulugu; EOT Sikici Yorum,Yeni Zelanda Yuksek Mahkemesi (High Court),"Auckland'da IKI KONUTUN insaati icin, Hsieh Family Trust'in ONCE Latham Construction (cerceve dikme DAHIL bazi isleri YAPAN) ile CALISMASI, SONRA Dreamhome Construction'a GECMESI - CIDDI GECIKMELER VE",Gecikme/EOT; Degisiklik/Change Order; Fesih; Kalite/Kusur; Odeme Uyusmazligi,Istinaf/Temyiz/Yuksek Mahkeme,Davaci Lehine,"Hsieh (as trustee of Hsieh Family Trust) v Dreamhome Construction Group Ltd, [2025] NZHC 1643 (7 Agustos 2025)",Lexology (MinterEllisonRuddWatts hukuk analizi) + Harkness Henry (2026 Sivil Litigasyon Gelismeleri),"Davaci (Hsieh Family Trust, Isveren) lehine (buyuk olcude) - Dreamhome'un karsi davasi REDDEDILDI - YENI ZELANDA'DA, 'ONCEKI YUKLENICININ ISLERINI DEV",,
GAP64-001,Türkiye,2018,Bina/Konut/Ticari,FIDIC-dışı (TBK),"Sozlesmenin Feshi, Zararin Tespiti ve Tahsili, El Atmanin Onlenmesi",Turkiye - Yargitay 15. Hukuk Dairesi,"Bir KAT KARSILIGI INSAAT SOZLESMESI'NDE (arsa sahibinin arsasini VERDIGI, karsiliginda YUKLENICININ DAIRE PAYI vererek insaat YAPTIGI TURKIYE'YE OZGU model), Arsa Sahibi'nin (Davaci) Yuklenici'ye (Dav",Fesih,Istinaf/Temyiz/Yuksek Mahkeme,Belirsiz/Detay Sinirli,"Yargitay 15. Hukuk Dairesi, E.2018/940, T.3.7.2018","kazanci.com.tr (Turkiye hukuk karar veritabani, kismen ucretsiz erisim)","Belirsiz/usul agirlikli - TURKIYE'YE OZGU 'KAT KARSILIGI INSAAT SOZLESMESI' MODELININ FESHI VE SONUCLARI konusunda, Yargitay 15. Hukuk Dairesi'nin (Tu",,
GAP64-002,Türkiye,2020,Belirsiz/Veri Yetersiz,FIDIC-dışı (TBK),Eser Sozlesmesi vs Hizmet Akdi Ayrimi - Is Kazasi Sorumlulugunun Hangi Hukuk Dalina Gore Belirlenecegi,Turkiye - Yargitay 15. Hukuk Dairesi,"Bir INSAAT PROJESINDE, ANA YUKLENICI - 'Beton A.S.' (ALT-TASERON) - HARFIYAT FIRMASI (ALT-ALT-TASERON) SEKLINDE UZAYAN bir TASERON ZINCIRINDE, Davaci Yuklenici'nin DAYANDIGI hukuki ILISKININ 'HIZMET A",Kalite/Kusur,Istinaf/Temyiz/Yuksek Mahkeme,Karma/Kismi,"Yargitay 15. Hukuk Dairesi, E.2020/2577, T.26.5.2021 - Alt-Taseron: 'Beton A.S.', Alt-Alt-Taseron: Harfiyat Firmasi","kazanci.com.tr (Turkiye hukuk karar veritabani, kismen ucretsiz erisim)",Karma/ilke netlestirme - TURKIYE'DE INSAAT TASERON ZINCIRLERINDE (Ana Yuklenici -> Alt-Taseron 'Beton A.S.' -> Alt-Alt-Taseron Harfiyat) IS KAZASI SOR,,
GAP65-001,Suudi Arabistan,2024,Belirsiz/Veri Yetersiz,FIDIC-dışı/Belirsiz,"SAL m.24/50(1)(f) - Hakem Heyetinin, Taraf Anlasmasi Olmadan Kendi Ucret/Masraflarini Belirleme Yetkisi Asimi",Suudi Arabistan - Riyad Ticaret Mahkemesi (SCCA raporunda anonimlestirilmis),"Tahkim SARTI ICEREN bir INSAAT SOZLESMESI uyusmazliginda, UC UYELI bir Tahkim Heyeti'ne SEVK EDILEN dava SURECINDE, TARAFLARIN esasa iliskin bir karar VERILMEDEN once TAHKIMI SONLANDIRMAYA KARAR VERME",Fesih,Ilk Derece Tahkim (ICC/ICSID/LCIA/vb),Karma/Kismi,"Insaat Sozlesmesi Tahkim Karari Iptal Davasi, Riyad Ticaret Mahkemesi (Ekim 2024) - SCCA/Suudi Tahkim Kanunu Kapsaminda",Global Arbitration Review (Middle Eastern and African Arbitration Review 2026) + Pillsbury Law (SCCA 2026 Report analizi),"Karma - kararin SADECE UCRET/MASRAF ILE ILGILI 2. VE 3. PARAGRAFLARI IPTAL EDILDI, KARARIN GERI KALANI (tahkimin SONLANDIRILMASI) ONANDI - SUUDI ARABI",,3
GAP66-001,Türkiye,2020,Bina/Konut/Ticari,FIDIC-dışı (TBK),Yuklenicinin Edimini Ifa Etmeden Once Bagimsiz Bolumu Devretmesi - Tapu Iptali/Tescil,Turkiye - Yargitay 15. Hukuk Dairesi,"Bir KAT KARSILIGI INSAAT SOZLESMESI'NDE, Yuklenici'ye BIRAKILMASI KARARLASTIRILAN BAGIMSIZ BOLUMUN, Yuklenici'nin KENDI EDIM BORCUNU (eseri MEYDANA GETIRME VE TESLIM) TAM OLARAK YERINE GETIRIP GETIRME",Siniflandirilmamis/Veri Yetersiz,Istinaf/Temyiz/Yuksek Mahkeme,Bozma (Usul),"Yargitay 15. Hukuk Dairesi, E.2020/129, T.7.12.2020","kazanci.com.tr (Turkiye hukuk karar veritabani, kismen ucretsiz erisim)","Bozma (usul) - alt derece karari BOZULDU, YENIDEN INCELEME icin GERI GONDERILDI - TURKIYE'DE 'kat karsiligi insaat sozlesmesi' MODELINDE, Yuklenici'ni",,
GAP66-002,Türkiye,2013,Belirsiz/Veri Yetersiz,FIDIC-dışı (TBK),BK m.126/IV - Eser Sozlesmesinden Dogan Alacaklarda 5 Yillik Zamanasimi Suresi ve Kesilme,Turkiye - Yargitay Hukuk Genel Kurulu (Buyuk Daire),"Bir EStructural SOZLESMESINDEN (eser sozlesmesi) DOGAN ALACAK talebinde, alt derece mahkemesinin davayi ZAMANASIMI NEDENIYLE REDDETMESI SONRASI, Davaci'nin bu KARARA DIRENEREK (direnme karari) Yargita",Odeme Uyusmazligi,Tenfiz/Icra (Nihai Asama),Karma/Kismi,"Yargitay Hukuk Genel Kurulu (HGK), E.2013/15-169, T.18.09.2013","kazanci.com.tr (Turkiye hukuk karar veritabani, kismen ucretsiz erisim)","Karma/ilke netlestirme - Buyuk Daire'nin 5 YILLIK ZAMANASIMI SURESI VE ICRA TAKIBININ KESICI ETKISI konusundaki ICTIHADI, TURKIYE'DE ESER (insaat) SOZ",,
GAP66-003,Türkiye,2015,Belirsiz/Veri Yetersiz,FIDIC-dışı (TBK),Ani Edimli Sozlesmenin Geriye Etkili Feshi - Yuklenicinin Insaat Ruhsati Almadan Arsa Devri,Turkiye - Yargitay 23. Hukuk Dairesi,"Bir ARSA SAHIBI'NIN (OKUR-YAZAR OLMAYAN, cahil BIR KISI olarak TANIMLANAN), Yuklenici ile 1998 tarihli bir ARSA PAYI KARSILIGI INSAAT SOZLESMESI IMZALAMASI - Yuklenici'nin INSAAT RUHSATI ALMADAN VE SO",Fesih,Istinaf/Temyiz/Yuksek Mahkeme,Davaci Lehine,"Yargitay 23. Hukuk Dairesi, E.2015/9708","kazanci.com.tr (Turkiye hukuk karar veritabani, kismen ucretsiz erisim)","Davaci (Arsa Sahibi) lehine - sozlesmenin GERIYE ETKILI FESHI ONANDI, tapu iptal/tescil TALEBI KABUL EDILDI - TURKIYE'DE 'ARSA PAYI KARSILIGI INSAAT S",,
GAP66-004,Türkiye,2018,Bina/Konut/Ticari,FIDIC-dışı (TBK),Kat Karsiligi Insaat Sozlesmesinin Tuketici Islemi Sayilip Sayilmayacagi,Turkiye - Yargitay 15. Hukuk Dairesi,"Davaci'nin, Kat Karsiligi Insaat Sozlesmesi'nin GECERLILIGININ TESPITI (sozlesmenin AYAKTA OLDUGUNUN TESPITI) ile, dava DISI baska bir Yuklenici ile YAPILAN sozlesmenin GECERSIZLIGININ SAPTANMASINI ta",Fesih; Kalite/Kusur,Istinaf/Temyiz/Yuksek Mahkeme,Karma/Kismi,"Yargitay 15. Hukuk Dairesi, E.2018/1607","kazanci.com.tr (Turkiye hukuk karar veritabani, kismen ucretsiz erisim)","Karma/ilke netlestirme - TURKIYE'DE 'kat karsiligi insaat sozlesmesi'nin TUKETICI HUKUKU KAPSAMI DISINDA OLDUGUNU netlestiren, YARGI YOLU BELIRLEME ac",,
GAP67-001,Türkiye,2011,Egitim/Kampus,FIDIC-dışı (TBK),Goturu Bedelli Islerde %10 Fazla Imalat Kurali - Topraklama Levhasi Miktar Uyusmazligi,Turkiye - Yargitay 6. Hukuk Dairesi,"Malatya'nin Dogansehir ilcesindeki ELMALI ILKOGRETIM OKULU'NUN IKMAL (TAMAMLAMA) INSAATI icin, 10.11.2011 tarihinde Yuklenici ile Idare ARASINDA imzalanan 887.000 TL bedelli sozlesmede, KESIF SIRASIND",Gecikme/EOT; Odeme Uyusmazligi,Istinaf/Temyiz/Yuksek Mahkeme,Karma/Kismi,"Yargitay 6. Hukuk Dairesi, 2021/6526 E., 2023/3254 K. - Malatya Dogansehir Elmali Ilkogretim Okulu Ikmal Insaati","sonkarar.com (Turkiye guncel Yargitay karar veritabani, ucretsiz)","Karma/usul - GOTURU BEDELLI KAMU INSAAT SOZLESMELERINDE '%10 FAZLA IMALAT KURALININ' NASIL UYGULANACAGINI netlestiren, GERCEK BIR OKUL PROJESI (Elmali",,1
GAP67-002,Türkiye,2020,Karayolu/Otoyol,FIDIC-dışı (TBK),Yuklenicinin Vekaletinin Azli Sonrasi 'Nama Ifa' Izni ve Maliyet Artisi Zararlari,Turkiye - Yargitay 6. Hukuk Dairesi (Bolge Adliye Mahkemesi Istinaf sonrasi),"17.01.2020 tarihli bir KAT KARSILIGI INSAAT SOZLESMESI'NDE, Arsa Sahibi'nin (Davali), Yuklenici'nin (Davaci) UZERINE DUSEN YUKUMLULUKLERI YERINE GETIRMEDIGI GEREKCESIYLE, Yuklenici'ye VERILEN VEKALETI",Gecikme/EOT; Fesih,Istinaf/Temyiz/Yuksek Mahkeme,Belirsiz/Detay Sinirli,"Yargitay 6. Hukuk Dairesi, 2023/195 E., 2024/415 K.","sonkarar.com (Turkiye guncel Yargitay karar veritabani, ucretsiz)","Belirsiz/detay usul asamasinda - TURKIYE'DE Yuklenici VEKALETININ AZLI SONRASI, Yuklenici'nin 'NAMA IFA' IZNI TALEP ETME HAKKI VE BUNUNLA BAGLANTILI M",,4
GAP67-003,Türkiye,2012,Belirsiz/Veri Yetersiz,FIDIC-dışı (TBK),Sozlesme Disi (Ek) Islerin Isveren Bilgisi/Talimati Olmadan Yapilmasi Durumunda Bedel Hakki,Turkiye - Yargitay 6. Hukuk Dairesi,"01.10.2012 tarihinde imzalanan bir sozlesmeyle, Yuklenici'nin bir VILLANIN CATISINI 'CELIK CATI, TITANYUM CINKO, BRAAS KIREMIT VE TAMAMLAYICI MALZEMELERLE' 115.000 TL+KDV BEDELLE YAPMAYI USTLENMESI - ",Degisiklik/Change Order; Odeme Uyusmazligi,Istinaf/Temyiz/Yuksek Mahkeme,Yuklenici Lehine,"Yargitay 6. Hukuk Dairesi, 2024/662 E., 2024/715 K.","sonkarar.com (Turkiye guncel Yargitay karar veritabani, ucretsiz)","Karma (kismen Yuklenici lehine) - GOTURU BEDELLI bir sozlesmede, SOZLESME DISI (Ek) ISLERIN 'ISVERENIN BILGISI DAHILINDE' YAPILMASI HALINDE TBK m.529 ",,
GAP68-001,Slovakya,2024,Bina/Konut/Ticari,FIDIC-dışı,"Sozlesme Cezasi (Zmluvna Pokuta) - Kaba Insaat VE Anahtar Teslim Suresi Asimi, Kasti Teknoloji Ihlali","Slovakya - Bolge Mahkemesi (Krajsky Sud, Istinaf/Onay Asamasi)","Bir AILE EVI (rodinny dom) insaati icin YAPILAN 'Zmluva o Dielo' (eser sozlesmesi) kapsaminda, Yuklenici'nin (Davali) TUM INSAAT ASAMALARINI DUZGUN TAMAMLAMADIGI VE GERCEKTEN TESLIM EDILEN MALZEME/ISL",Gecikme/EOT,Istinaf/Temyiz/Yuksek Mahkeme,Karma/Kismi,"Rozsudok, Slovakya Bolge Mahkemesi (Onayici Karar, 29 Ekim 2024) - otvorenesudy.sk decrees/5499717","otvorenesudy.sk (Slovakya resmi acik mahkeme karari veritabani, ucretsiz)","Karma - taleplerin bir KISMI ONANDI (guvencesiz isler/malzeme+bazi zararlar), 'anahtar teslim SURESI ASIMI' cezasinin BIR KISMI (32.200 EURO) REDDEDIL",,
GAP69-001,Kanada,2022,Su/Atik Su/Baraj,FIDIC-dışı,Iflas Kanunu vs Tahkim Sarti - Alici (Receiver) Atanan Sirketin Tahkimden Muaf Olup Olmadigi,Kanada Yuksek Mahkemesi (Supreme Court of Canada),"British Columbia'daki BUYUK OLCEKLI SITE C BARAJI HIDROELEKTRIK PROJESINDE, Ispanyol-Guney Koreli ORTAK GIRISIM Peace River Hydro Partners'in (Acciona Infrastructure Canada + Samsung C&T Canada UYELER",Odeme Uyusmazligi,Tenfiz/Icra (Nihai Asama),Davali Lehine,"Peace River Hydro Partners (Acciona Infrastructure Canada + Samsung C&T Canada) v Petrowest Corporation, Kanada Yuksek Mahkemesi (Karar: 10 Kasim 2022)",Wikipedia (Peace River Hydro Partners v Petrowest Corp) + Kanada Yuksek Mahkemesi resmi karar arsivi,"Davali (Petrowest Alicisi) lehine - TAHKIM SARTLARI, IFLAS BAGLAMINDA 'ICRA EDILEMEZ' SAYILARAK BIR KENARA BIRAKILDI - KANADA'DA (VE ULUSLARARASI TAHK",,
GAP69-002,Kanada,2024,Karayolu/Otoyol,FIDIC-dışı,Isveren Kaynakli Gecikme (Tasarim Degisiklikleri) - Yapisal (Constructive) Hizlandirma Maliyeti,Kanada - Ontario Yuksek Adalet Mahkemesi (ONSC),"TORONTO TOPLU TASIMA KOMISYONU (TTC) icin YAPILAN bir insaat projesinde, Walsh Construction'in, PROJE SURECI BOYUNCA GECIKMELI TASARIM VE TEKRARLANAN DEGISIKLIKLER nedeniyle GECIKMEDEN Isveren'in (TTC",Gecikme/EOT; Degisiklik/Change Order,Belirsiz/Sadece Claim Asamasi,Davaci Lehine,"Walsh Construction Company Canada v Toronto Transit Commission et al, 2024 ONSC 2782",Global Arbitration Review (Construction Arbitration: Canada raporu),Davaci (Walsh Construction) lehine - Isveren'in GECIKME SORUMLULUGU VE Yuklenici'nin HIZLANDIRMA MALIYETI HAKKI ONANDI - KANADA'DA 'YAPISAL HIZLANDIRM,,
GAP69-003,Peru,2020,Bina/Konut/Ticari,FIDIC-dışı,Sozlesmesel Tazminat Sinirlamasi - Talep Edilen Tutarin Sozlesme Geregi Kisitlanmasi,"ICC Tahkimi (yer: Lima, Peru)","ABD merkezli muhendislik devi PARSONS CORPORATION'IN, Peru'daki EN BUYUK COK-AMACLI EMLAK PROJESININ TASARIM VE INSAASI ile ilgili YASADIGI bir uyusmazlikta, Lima'da (Peru'da GORULEN ILK RAPORLANMIS I",Muhendis/Mimar Karari - Clause 67 Usulu,Ilk Derece Tahkim (ICC/ICSID/LCIA/vb),Davali Lehine,"Parsons Corporation v [Peru Emlak Gelistiricisi], ICC Tahkimi (Lima, Peru'da GORULEN ILK RAPORLANMIS ICC TAHKIM DURUSMASI)",Quinn Emanuel Urquhart & Sullivan (Latin Amerika Uygulamasi sayfasi),"Davali (Parsons Corporation) lehine (buyuk olcude) - tazminat, SOZLESME KAPSAMINDA BELIRLENEN SINIRLAMAYA GORE ONEMLI OLCUDE AZALTILDI - PERU'DA (Lima",11000000,
GAP70-001,Peru,2020,Fosil Yakit/Petrol-Gaz,FIDIC-dışı/Belirsiz,"BIT - 'Bankaya Uygunluk Degisiklikleri' (Bankability Amendments) Reddi, Imtiyaz Feshi",ICSID (Washington D.C.) - Belcika-Luksemburg Ekonomik Birligi (BLEU)-Peru BIT,"Brezilyali insaat devi ODEBRECHT'IN (dunyanin EN BUYUK INSAAT YOLSUZLUK SKANDALININ MERKEZINDEKI sirket), 'Gasoducto Sur Peruano' (GSP) KONSORSIYUMUNDA %55 COGUNLUK HISSE ILE, 5 MILYAR USD DEGERINDEKI",Degisiklik/Change Order; Fesih; Yolsuzluk,Ilk Derece Tahkim (ICC/ICSID/LCIA/vb),Devam Eden Dava,"Odebrecht Latinvest S.a.r.l. v Republic of Peru, ICSID Case No.ARB/20/4 (Kayit: 4 Subat 2020)","italaw.com (Case No.10457, resmi/ucretsiz) + ICSID resmi kayitlari + UNCTAD ISDS Navigator","Devam eden dava - PERU'DA, DUNYANIN EN BUYUK INSAAT-YOLSUZLUK SKANDALININ (Odebrecht) DOGRUDAN MERKEZINDE olan, 1.2 MILYAR USD DEGERINDE bir DOGALGAZ ",5000000000,3
GAP71-001,Brezilya,2024,Kopru/Tunel,FIDIC-dışı/Belirsiz,Brezilya Medeni Usul Kanunu'nun Tahkim Surecine Uygulanabilirligi - Tanik Ifadesi Ceviri Usulsuzlugu Iddiasi,Brezilya - Yuksek Adalet Mahkemesi (Superior Tribunal de Justica - STJ),"Rio Grande do Sul Istinaf Mahkemesi'ndeki BIR TAHKIM KARARI IPTAL DAVASINDA, Cinli insaat sirketinin Brezilya subesi CITIC Construcoes do Brasil ile Usimec Solucoes em Engenharia ARASINDAKI tahkimde, ",Hakem Karari Iptali,Istinaf/Temyiz/Yuksek Mahkeme,Davali Lehine,"Citic Construcoes do Brasil v Usimec Solucoes em Engenharia, STJ (Superior Tribunal de Justica) Karari No.1851324, 21 Agustos 2024","dailyjus.com (2024 Arbitration Year in Review - Brazil, resmi/ucretsiz)","Davali (Citic Construcoes do Brasil, Cinli Insaat Sirketi) lehine - alt derece karari BOZULDU, tahkim karari GECERLI SAYILDI - BREZILYA'YI VERI SETINE",,
GAP71-002,Kolombiya,2016,Fosil Yakit/Petrol-Gaz,FIDIC-dışı/Belirsiz,Milyar Dolarlik Tahkim Karari - Iflas Surecinde Karsi Tarafin Ana Sirketinde Hisse Elde Etme,ICC/ICDR Tahkimi (yer ve tarih tam erisilemedi),"Kolombiya devlet petrol sirketi Ecopetrol'un yan kurulusu Reficar'in, CARTAGENA PETROL RAFINERISI'NI MODERNIZE ETMEK icin ABD'li muhendislik devi CB&I (Chicago Bridge & Iron) ile YAPTIGI EPC sozlesmes",Muhendis/Mimar Karari - Clause 67 Usulu,Ilk Derece Tahkim (ICC/ICSID/LCIA/vb),Karma/Kismi,"Reficar (Refineria de Cartagena) v CB&I (Chicago Bridge & Iron), ICC/ICDR Tahkimi","Skadden (Latin America Dispute Resolution Update, resmi/ucretsiz)",Karma (Reficar KAZANDI ama TAM TAHSIL EDEMEDI) - KOLOMBIYA'DA (Cartagena) 'Latin Amerika'nin en BUYUK ENDUSTRIYEL PROJELERINDEN biri' olarak TANIMLANA,,
GAP72-001,Panama,2009,Su/Atik Su/Baraj,"FIDIC (Sarı Kitap benzeri, doğrulandı)",ICC Kurallari - Hakem Tarafsizligi/Ifsa Yukumlulugu; New York Sozlesmesi Kapsaminda Iptal,ICC Tahkimi (yer: Miami) + ABD Guney Florida Bolge Mahkemesi + ABD 11. Daire Federal Istinaf Mahkemesi,"PANAMA KANALI'NI GENISLETMEK icin 4 FARKLI ULKEDEN sirketlerin (Sacyr-Ispanya, Salini Impregilo/Webuild-Italya [VERI SETINDE ZATEN OLAN Fas/Etiyopya/Lubnan/Honduras davalarindaki AYNI ITALYAN SIRKET, ",Gecikme/EOT; Hakem Karari Iptali,Istinaf/Temyiz/Yuksek Mahkeme,Davali Lehine,"Grupo Unidos por el Canal (GUPC) v Autoridad del Canal de Panama (ACP), ABD 11. Daire Federal Istinaf Mahkemesi, No.21-14408 (18 Agustos 2023) - Panama Kanali Genisletme Projesi",ENR (Engineering News-Record) + Wolters Kluwer Arbitration Blog + FindLaw (11th Circuit resmi karar arsivi) + Dickinson Law Review,"Davali (ACP, Panama) lehine - hakem kararlari TAM OLARAK ONANDI, GUPC 285 milyon USD'yi TAM OLARAK ODEDI - DUNYANIN EN BUYUK VE EN KARMASIK INSAAT TAH",3567000000,8
GAP73-001,Peru,2018,Havalimani,FIDIC-dışı/Belirsiz,BIT - Imtiyaz Sozlesmesinin Iptal Edilmesi,ICSID (Washington D.C.) - Arjantin-Peru BIT (1994),"Guney Dogu Peru'da Cuzco YAKININDAKI Chinchero KASABASINDA, YENI BIR HAVALIMANI TASARLAMAK, INSA ETMEK VE ISLETMEK icin verilen 40 YILLIK IMTIYAZ SOZLESMESININ, Peru Hukumeti TARAFINDAN IPTAL EDILMESI",Imtiyaz Sozlesmesi Uyusmazligi,Ilk Derece Tahkim (ICC/ICSID/LCIA/vb),Davaci Lehine,"Corporacion America S.A. and Sociedad Aeroportuaria Kuntur Wasi S.A. v Republic of Peru, ICSID Case No.ARB/18/27","UNCTAD ISDS Navigator (investmentpolicy.unctad.org, resmi/ucretsiz)",Davaci (Corporacion America/Kuntur Wasi) lehine - PERU tazminat ODEMEYE MAHKUM EDILDI - PERU'DA (Cuzco/Chinchero) IKINCI FARKLI bir HAVALIMANI INSAATI,,11
GAP74-001,Finlandiya,2008,Nukleer Enerji,FIDIC-dışı/Belirsiz,Insaat Gecikmesi VE Maliyet Asimi - Karsi Taleplerin Uzlasmayla Sonuclanmasi,ICC Tahkimi (Paris),"Finlandiya'nin en BUYUK enerji SIRKETLERINDEN biri olan TVO'nun, DUNYANIN o ZAMANKI EN BUYUK NUKLEER REAKTORU olan OLKILUOTO 3'U (OL3) INSA ETMEK icin Fransiz AREVA VE Alman SIEMENS KONSORSIYUMU ile Y",Gecikme/EOT; Degisiklik/Change Order; Odeme Uyusmazligi,Ilk Derece Tahkim (ICC/ICSID/LCIA/vb),Uzlasma,"Teollisuuden Voima Oyj (TVO) v Areva NP ve Siemens AG, ICC Tahkimi - Olkiluoto 3 (OL3) Nukleer Santrali Projesi","Global Arbitration Review (GAR 100 - White & Case profili, resmi/ucretsiz)",Uzlasma ile SONUCLANDI (TVO/musteri 450 milyon EURO tazminat ALDI) - DUNYA CAPINDA EN COK BILINEN NUKLEER SANTRAL INSAAT ANLASMAZLIKLARINDAN BIRI - GO,6000000000,13
GAP74-002,Avustralya,2018,Fosil Yakit/Petrol-Gaz,FIDIC-dışı/Belirsiz,Islerin Fiyatlandirilmasi Uzerine Uyusmazlik,ICC Tahkimi (yer tam erisilemedi),"Japon petrol/gaz devi INPEX'IN, TAHMINI DEGERI 40 MILYAR USD'DEN FAZLA olan (GEZEGENDEKI EN BUYUK VE EN ONEMLI DOGALGAZ PROJELERINDEN BIRI olarak TANIMLANAN) Ichthys LNG mega PROJESI kapsaminda, KARAD",Siniflandirilmamis/Veri Yetersiz,Ilk Derece Tahkim (ICC/ICSID/LCIA/vb),Belirsiz/Detay Sinirli,"INPEX Corporation v [EPC Yuklenici Konsorsiyumu], ICC Tahkimi - Ichthys LNG Projesi (Karada Isleme Tesisi)","White & Case (International Arbitration Practice sayfasi, resmi/ucretsiz)","Belirsiz/detay sinirli - GEZEGENDEKI EN BUYUK DOGALGAZ PROJELERINDEN BIRINDE (Ichthys LNG, 40+ MILYAR USD) EPC ISLERIN FIYATLANDIRILMASI konusunda bir",40000000000,9
GAP74-003,Kongo Cumhuriyeti,1990,Su/Atik Su/Baraj,FIDIC-dışı/Belirsiz,Odenmeyen Kamu Isleri Bedeli - Uc Yillik Tenfiz Mucadelesi,ICC/UNCITRAL Tahkimleri (coklu yargi alanlarinda tenfiz),"Lubnan asilli is adami Mohsen Hojeij'in KURDUGU insaat sirketi Commisimpex'in, 1980'lerden itibaren Kongo Cumhuriyeti'nde YURUTTUGU BIRDEN FAZLA KAMU ISLERI PROJESINDE (palmiye PLANTASYONU REHABILITAS",Degisiklik/Change Order; Odeme Uyusmazligi; Tenfiz/Icra,Tenfiz/Icra (Nihai Asama),Devam Eden Dava,"Commisimpex (Mohsen Hojeij) v Republic of Congo, Coklu ICC/UNCITRAL Tahkimleri (1990'lardan Gunumuze Devam Eden)",Wikipedia (Mohsen Hojeij) + Le Monde haber kaynagi,"Belirsiz/devam eden - KONGO CUMHURIYETI'NDE, GERCEK ISIMLI BIR IS ADAMI (Mohsen Hojeij) ILE DEVLET BASKANI ARASINDAKI KISISEL ILISKI BOZULMASININ, DEK",,
GAP74-004,"Afrika (belirsiz ülke - ""State C"")",2003,Karayolu/Otoyol,FIDIC (Cl.67 doğrulandı),Cl.67 - Muhendis Karari Sonrasi Tahkim Basvurusu,ICC Tahkimi (yer: Afrika Ulkesi - State C),"Bir AVRUPALI yol insaat sirketinin, bir AFRIKA DEVLET KURUMU ('State C') ile YAPTIGI sozlesmede, o ULKEDE BIR YOLUN ASFALT BETON KAPLAMASI (overlay) ISLERI icin YAPILAN ODEMELERIN TAHSILI icin FIDIC C",Odeme Uyusmazligi,Ilk Derece Tahkim (ICC/ICSID/LCIA/vb),Belirsiz/Detay Sinirli,ICC Case No.12048 (2003) - Avrupa Yol Insaat Sirketi v Afrika Devlet Kurumu,"FIDIC Resmi Yayini (Seppala Bulteni, fidic.org, ucretsiz)","Belirsiz/detay sinirli - FIDIC'IN KENDI RESMI YAYINININ (ICLR/FIDIC Bulten Serisi) DOGRUDAN INCELEDIGI, Cl.67 (eski FIDIC surumlerindeki tahkim maddes",,
GAP75-001,İngiltere/UK,2002,Bina/Konut/Ticari,FIDIC-dışı,Cl.21 (Sure Uzatimi) - Ikili Esasli Ihlal (Repudiatory Breach) Iddialari,Ingiltere - Technology and Construction Court (EN AZ DORT AYRI SEFERINDE) + Istinaf Mahkemesi,"26 Eylul 2002'de, YENI WEMBLEY STADYUMU'NUN (Ingiltere Ulusal Stadyumu) TASARIMI, IMALATI, BOYANMASI VE DIKILMESI icin, Ana Yuklenici Multiplex ile CELIK ALT-YUKLENICISI Cleveland Bridge ARASINDA IMZA",Gecikme/EOT; Degisiklik/Change Order; Kalite/Kusur,Istinaf/Temyiz/Yuksek Mahkeme,Davaci Lehine,"Multiplex Constructions (UK) Ltd v Cleveland Bridge UK Ltd, [2006] EWHC 1341 (TCC) + [2008] EWHC (TCC) + Istinaf ([2010] EWCA Civ 139) - Wembley Stadyumu (Ulusal Stadyum) Projesi",Building.co.uk + Keating Chambers + Maitland Chambers + caselaw.nationalarchives.gov.uk (resmi),Davaci (Multiplex) lehine - Cleveland Bridge YAKLASIK 8 MILYON GBP (tazminat+masraf) ODEMEYE MAHKUM EDILDI - INGILTERE'DE (VE DUNYA CAPINDA) EN COK BI,300000000,6
GAP75-002,İngiltere/UK,2009,Bina/Konut/Ticari,FIDIC-dışı,Yapisal Muhendislik Tasarim Hatasi - Insaat Sirasi/Erection Sequence Planlamasi Eksikligi,Ingiltere - Technology and Construction Court,"Wembley Stadyumu'nun CELIK KEMER, SABIT CATI VE HAREKETLI CATI SISTEMLERI icin, Ana Yuklenici Multiplex'in, YAPISAL MUHENDISLIK DANISMANI Mott MacDonald'a karsi, INSAAT SIRASI (erection sequence) icin",Muhendis/Mimar Karari - Clause 67 Usulu,Belirsiz/Sadece Claim Asamasi,Belirsiz/Detay Sinirli,"Multiplex Constructions (UK) Ltd v Mott MacDonald Ltd, Ingiltere Technology and Construction Court (dava 2009'da baslatildi)",New Civil Engineer + Building.co.uk (resmi/ucretsiz),"Belirsiz/detay sinirli - WEMBLEY STADYUMU'NUN, HEM ALT-YUKLENICIYE (Cleveland Bridge, ZATEN veri setinde) HEM DE TASARIM DANISMANINA (Mott MacDonald) ",253000000,9
GAP76-001,İngiltere/Fransa (Eurotunnel),1986,Kopru/Tunel,FIDIC-dışı,"Sozlesme m.40 - Maliyet Asimi Talepleri, Isveren Mudahalesi Iddiasi",ICC Tahkimi (yer: Bruksel) + Ingiliz Mahkemeleri (ihtiyati tedbir icin),"Ingiltere ile Fransa ARASINDAKI KANAL TUNELI'NI (Channel Tunnel) INSA ETMEK icin, BES INGILIZ VE BES FRANSIZ INSAAT SIRKETININ OLUSTURDUGU 'TransManche Link' (TML) KONSORSIYUMUNUN, Eurotunnel plc ile ",Degisiklik/Change Order,Ilk Derece Tahkim (ICC/ICSID/LCIA/vb),Karma/Kismi,"TransManche Link (TML) v Eurotunnel plc, ICC Tahkimi (Bruksel, 1990-1994 arasi coklu talepler) - Kanal Tuneli (Channel Tunnel) Projesi",Wikipedia (TransManche Link) + Global Infrastructure Hub + ResearchGate,Karma/uzlasma - DUNYA CAPINDA EN COK YAZILAN MEGAPROJE ANLASMAZLIKLARINDAN BIRI (kitaplara/akademik calismalara KONU OLDU) - MALIYET ASIMI VE ISVEREN ,9500000000,17
GAP77-001,ABD,1994,Havalimani,FIDIC-dışı,Sozlesme Ihlali - Sistemin Performans Gostermemesi VE Odemenin Alikonulmasi,Colorado - Denver Bolge Mahkemesi (Denver District Court),DENVER ULUSLARARASI HAVALIMANI'NIN (DIA) ACILISINI 16 AY GECIKTIREN VE MALIYETI 232 milyon USD'DEN (SONRADAN sehir TARAFINDAN EK 100 milyon USD insaat + 341 milyon USD FAIZ ODEMESIYLE COK DAHA FAZLASI,Para Birimi/Faiz Uyusmazligi,Ilk Derece Devlet Mahkemesi,Uzlasma,"United Airlines v BAE Automated Systems (ve KARSI DAVA), Denver Bolge Mahkemesi (dava Mart 1996'da acildi, 1997'de gizli UZLASMA)",Westword + Harvard Business School Case 396-311/396-312 + NBC News,Uzlasma ile SONUCLANDI (detaylar gizli) - DUNYA CAPINDA PROJE YONETIMI/MUHENDISLIK EGITIMINDE EN COK KULLANILAN VAKA CALISMALARINDAN BIRI (Harvard Bus,341000000,3
GAP77-002,Almanya,1999,Havalimani,FIDIC-dışı,Kamu Ihalesi Tarafsizligi - Ihale Degerlendirmesinde Taraf Tutma Iddiasi,Almanya - Brandenburg Ust Bolge Mahkemesi (Oberlandesgericht),"BERLIN BRANDENBURG HAVALIMANI'NIN (dunyada COK BILINEN BUYUK BUTCE ASIMI/GECIKME VAKALARINDAN biri OLACAK olan PROJENIN) OZELLESTIRILMESI VE INSAASI icin acilan ihalede, BBF'NIN (havalimani sirketi) 3",Gecikme/EOT; Ihale Sureci,Ilk Derece Devlet Mahkemesi,Davaci Lehine,"IVG Immobilien AG v Berliner Flughafen Beteiligungs GmbH (BBF)/Hochtief Konsorsiyumu, Brandenburg Ust Bolge Mahkemesi (Oberlandesgericht) Karari (3 Agustos 1999)",Wikiwand (Berlin Brandenburg Airport) + Wikipedia (Construction of Berlin Brandenburg Airport),Davaci (IVG) lehine - ihale SONUCU IPTAL EDILDI (3 Agustos 1999) - DUNYA CAPINDA EN COK BILINEN BUTCE ASIMI/GECIKME VAKALARINDAN BIRI OLACAK OLAN BERL,50000000,5
GAP78-001,Mısır,1864,Liman/Deniz Altyapisi,FIDIC-dışı,Zorla Calistirmanin Kaldirilmasi - Isgucu Aciginin Tazmini,Uluslararasi Tahkim Komisyonu (Fransa Imparatoru III. Napolyon HAKEM olarak),"TARIHTEKI ILK KAYITLI YATIRIMCI-DEVLET TAHKIMI olarak KABUL EDILEN bu davada, SUVEYS KANALI SIRKETI'NIN, MISIR'DA KANAL INSAATI icin KULLANILAN ZORLA CALISTIRMA (angarya) REJIMININ KALDIRILMASI SONUCU",Odeme Uyusmazligi; Yatirim Anlasmasi Ihlali (BIT/ICSID),Belirsiz/Sadece Claim Asamasi,Davaci Lehine,"Compagnie Universelle du Canal Maritime de Suez v Egypt, Uluslararasi Tahkim (1864) - Napolyon III Baskanliginda",Journal of World Investment & Trade + ICCA (arbitration-icca.org) + University of Wisconsin Law Repository,Davaci (Suveys Kanali Sirketi) lehine - Misir TAZMINAT ODEMEYE MAHKUM EDILDI - ULUSLARARASI YATIRIM TAHKIMI HUKUKUNUN TARIHINDE 'ILK' OLARAK KABUL EDI,,
GAP78-002,Mısır,2004,Karayolu/Otoyol,FIDIC-dışı,BIT - Sozlesme Performans Kosullarinin Kasitli Yanlis Beyani,ICSID (Washington D.C.) - Belcika-Misir BIT,"Belcikali TARAMA (dredging) sirketleri Jan de Nul VE Dredging International'in, Misir Suveys Kanali Otoritesi (SCA) ile YAPTIGI, SUVEYS KANALI'NIN BELIRLI GUNEY KESIMLERININ GENISLETILMESI VE DERINLES",Yetki Itirazi; Hile/Yanlis Beyan (Misrepresentation); Yatirim Anlasmasi Ihlali (BIT/ICSID),Ilk Derece Tahkim (ICC/ICSID/LCIA/vb),Belirsiz/Detay Sinirli,"Jan de Nul N.V. and Dredging International N.V. v Arab Republic of Egypt, ICSID Case No.ARB/04/13 (Yetki Karari)","italaw.com (ita0439.pdf, resmi/ucretsiz)","Belirsiz/yetki asamasi - MODERN SUVEYS KANALI GENISLETME PROJESINDE (2004), 150 YIL ONCEKI ILK SUVEYS KANALI TAHKIMIYLE (1864) AYNI COGRAFYADA, 'DEVLE",,4
GAP79-001,Hong Kong,2012,Kopru/Tunel,FIDIC-dışı,Kalite Kontrol Verilerinin Sahtekarlikla Degistirilmesi,Hong Kong Mahkemesi (Ceza Yargilamasi),"HONG KONG, ZHUHAI VE MACAU'YU BIRBIRINE BAGLAYAN, DUNYANIN EN UZUN DENIZ GECIDI KOPRUSU olan HZMB'NIN (55 km, 18.8 MILYAR USD) insaatinda, 2012'de KURULAN 'Jacobs China' SIRKETININ (insaat MALZEMELERI",Siniflandirilmamis/Veri Yetersiz,Belirsiz/Sadece Claim Asamasi,Diger/Siniflandirilmamis,"Hong Kong v Jacobs China Ltd. Calisanlari (12 Teknisyen), Hong Kong Mahkemesi (Kasim 2019 mahkumiyeti) - Hong Kong-Zhuhai-Macau Koprusu (HZMB)",Caixin Global + South China Morning Post (resmi haber kaynaklari),"Savcilik (Hong Kong Devleti) lehine - 12 kisi MAHKUM EDILDI - DUNYANIN EN UZUN DENIZ KOPRUSU olan bir MEGA-ALTYAPI PROJESINDE, KALITE KONTROL SAHTEKAR",18800000000,11
GAP80-001,İngiltere/UK,2005,Su/Atik Su/Baraj,FIDIC-dışı,Cephe Yalitim Sisteminin (EWI) Tasarim ve Kurulum Sorumlulugu - Yangin Guvenligi Standartlarina Uygunluk,Ingiltere - Technology and Construction Court,"GOSPORT'TA (Ingiltere) BES ADET 1960'LARDAN KALMA KONUT KULESI icin, 2005'TE Konut Dernegi Martlet Homes'un (Davaci), Yuklenici Mulalley'e (Davali) DIS CEPHE YALITIMI (EWI, GENISLETILMIS POLISTIREN/EP",Kalite/Kusur,Belirsiz/Sadece Claim Asamasi,Davaci Lehine,"Martlet Homes Limited v Mulalley & Co Limited, [2022] EWHC 1813 (TCC) (14 Temmuz 2022, HHJ Stephen Davies)","Higgs LLP + Lexology (resmi hukuk analizi, ucretsiz)",Davaci (Martlet Homes) lehine - Mulalley'e karsi YAKLASIK 8 MILYON GBP TAZMINAT (kaplama DEGISTIRME + nobetci GOZLEM MALIYETLERI) HUKMEDILDI - GRENFEL,8000000,12
GAP81-001,ABD (Katar bağlantılı),2022,Bina/Konut/Ticari,FIDIC-dışı,Insan Ticareti Magdurlari Koruma Yasasi (TVPRA) - Yonetim/Denetim Rolu Olan Sirketin Sorumlulugu,ABD - Colorado Bolge Mahkemesi (Federal),"2022 FIFA Dunya Kupasi icin KATAR'DA STADYUM VE ILGILI ALTYAPI PROJELERININ YONETIMI, DENETIMI VE IHALE SURECININ YURUTULMESINDE ROL ALAN ABD SIRKETLERI Jacobs Solutions VE onun (2017'de SATIN ALINAN)",Ihale Sureci,Ilk Derece Devlet Mahkemesi,Karma/Kismi,"F.C. v Jacobs Solutions Inc. (ve CH2M Hill), ABD Colorado Bolge Mahkemesi, No.1:23-cv-02660 (Kismi Ret Karari, 2 Haziran 2025, Yargic Yardimcisi Cyrus Y. Chung)",Bloomberg Law + Courthouse News + Business & Human Rights Resource Centre (resmi/ucretsiz),"Karma - Colorado'DAKI IKI ANA DAVALIYA (CH2M ve Jacobs Engineering) karsi dava DEVAM ETTI, iki YAN KURULUSA karsi REDDEDILDI - KATAR DUNYA KUPASI STAD",50000000,5
GAP82-001,ABD,2008,Nukleer Enerji,FIDIC-dışı,"EPC Yuklenicisinin Iflasi - Sozlesme Feshi Yerine Devam Ettirme, Maliyet Asimi Paylasimi",ABD - Georgia Guney Bolgesi Federal Mahkemesi + ABD Iflas Mahkemesi (Delaware),"2008'de Georgia Power'in (Southern Company yan kurulusu) DIGER SAHIPLERI (Oglethorpe Power, Georgia Belediye Elektrik Otoritesi/MEAG, Dalton sehri) ADINA imzaladigi VOGTLE 3&4 SOZLESMESINDE, EPC Yukle",Gecikme/EOT,Belirsiz/Sadece Claim Asamasi,Uzlasma,"Vogtle Insaat Davasi Serisi (ABD Georgia Guney Bolgesi Federal Mahkemesi) + Westinghouse Electric Co. Chapter 11 Iflasi (29 Mart 2017) + Georgia Power v Oglethorpe Power Corp (413 milyon USD Uzlasma, 2024)","Associated Press + Utility Dive + SEC Dosyalari (10-K/10-Q, resmi/ucretsiz)","Uzlasma ile SONUCLANDI (COKLU DAVALAR) - PROJE TOPLAM MALIYETI 35 MILYAR USD'YE ULASTI (7 YIL GEC, 17+ MILYAR USD BUTCE ASIMI) - DUNYA CAPINDA EN BUYU",35000000000,10
GAP83-001,ABD,1964,Kopru/Tunel,FIDIC-dışı,Zamanasimi Savunmasi - 'Katastrofik Olay' Istisnasi; Tasarim Kusuru vs Denetim Ihmali,ABD - Hennepin County Bolge Mahkemesi + ABD Yuksek Mahkemesi (temyiz reddi),"1960'LARIN BASINDA Sverdrup & Parcel TARAFINDAN TASARLANAN I-35W KOPRUSU'NUN (Minneapolis), 1 Agustos 2007'de RUSH HOUR SIRASINDA COKEREK MISSISSIPPI NEHRINE DUSMESI (13 OLU, 145 YARALI) - Federal SOR",Kalite/Kusur,Istinaf/Temyiz/Yuksek Mahkeme,Davaci Lehine,"Minnesota Eyaleti/Kurbanlar v URS Corporation, PCI Corporation, Jacobs Engineering Group (Sverdrup & Parcel Halefi), Hennepin County Bolge Mahkemesi (2010'a kadar suren coklu davalar)",Minnesota Public Radio + CBS News + CNN + Star Tribune + SEC Dosyalari (resmi/ucretsiz),Davaci (Minnesota Eyaleti/Kurbanlar) lehine (buyuk olcude) - TUM TARAFLAR (URS: 52.4 milyon USD+5 milyon USD Eyalet'e; PCI: 10+1 milyon USD; Jacobs: 8,52400000,5
GAP84-001,İngiltere/UK,2019,Demiryolu/Metro,FIDIC-dışı,"Kamu Ihale Yonetmeligi (UCR 2016) m.110(1) - Otomatik Askiya Alma, Ihale Sonucunun Itirazi",Ingiltere - Technology and Construction Court,"DUNYANIN EN BUYUK MUHENDISLIK SIRKETLERINDEN BIRI olan Bechtel'in, INGILTERE'NIN YUKSEK HIZLI TREN HATTI (HS2) FAZ 1'INDEKI IKI GUNEY ISTASYONUNDAN BIRI olan 'Old Oak Common' ISTASYONU icin 'INSAAT OR",Ihale Sureci,Belirsiz/Sadece Claim Asamasi,Davali Lehine,"Bechtel Limited v High Speed Two (HS2) Limited (BBVS - Balfour Beatty Vinci Systra Ilgili Taraf Olarak), [2021] EWHC 640 (TCC), Dava No.HT-2019-000061 (23 Mart 2021, Yargic Fraser)",Law360 + caselaw.nationalarchives.gov.uk (resmi/ucretsiz),"Davali (HS2 Ltd/BBVS) lehine - Bechtel'in ihale ITIRAZI REDDEDILDI, 1.3-1.8 MILYAR GBP DEGERINDEKI SOZLESME BBVS'YE VERILDI - INGILTERE'NIN EN BUYUK A",1800000000,2
GAP84-002,ABD,2016,Bina/Konut/Ticari,FIDIC-dışı,"Bilesik Yetki Talebi (19 Ayri Kalem) - Tazminat Edilebilir Gecikme, Ihale Belgelerindeki Hatalar, Farkli Saha Kosullari, Sozlesme Degisiklikleri",ABD - Sivil Sozlesme Temyiz Kurulu (CBCA),"WASHINGTON D.C.'DEKI St. Elizabeths KAMPUSUNDE, IC GUVENLIK BAKANLIGI (DHS) GENEL MERKEZI icin 'MERKEZI HIZMET TESISI FAZ 2'sinin (CUP2) INSAASINDA, Balfour Beatty'nin, TAZMINAT EDILEBILIR GECIKME, IH",Gecikme/EOT; Degisiklik/Change Order; Zemin Kosullari; Ihale Sureci,Istinaf/Temyiz/Yuksek Mahkeme,Karma/Kismi,"Balfour Beatty Construction LLC v General Services Administration (GSA), Civilian Board of Contract Appeals (CBCA) No.6750 (31 Mart 2023)","CBCA Resmi Karar Arsivi (cbca.gov, ucretsiz)","Karma/kismi - dava HAK KAZANMA ASAMASINDA KARARA baglandi (MEBLAG BELIRLEME SONRAKI asamaya BIRAKILDI) - ABD FEDERAL KAMU INSAATI SOZLESMELERINDE, COK",,5
GAP85-001,Kazakistan,2023,Belirsiz/Veri Yetersiz,FIDIC-dışı/Belirsiz,Yolsuzluk/Sisirilmis Sozlesme Bedelleri - Insaat/Muhendislik Firmalarina Verilen Ihalelerin Iptali,"Kalici Hakem Mahkemesi (PCA, Lahey) - Gizli/Kapali Tahkim","DUNYANIN EN BUYUK VE TEKNIK OLARAK EN ZORLU OFSHORE PETROL GELISTIRME PROJELERINDEN BIRI olan KASHAGAN (Kuzey Hazar Denizi, TOPLAM GELISTIRME MALIYETI 50+ MILYAR USD) SAHASINDA, Kazakistan Hukumeti'ni",Gecikme/EOT; Yolsuzluk; Ihale Sureci,Belirsiz/Sadece Claim Asamasi,Devam Eden Dava,"Kazakistan Cumhuriyeti v Kashagan/Karachaganak Konsorsiyum Ortaklari (ExxonMobil, Chevron, Shell, Eni, TotalEnergies DAHIL), Kalici Hakem Mahkemesi (PCA, Lahey) - Kashagan Petrol Sahasi Insaati/Gelistirmesi",Bloomberg + ICIJ (Uluslararasi Arastirmaci Gazeteciler Konsorsiyumu) + Energy Voice + OilPrice.com,"Devam eden dava (2023'ten 2028'e kadar surmesi BEKLENIYOR) - TUM DAVA SERISI (Kashagan+Karachaganak) TOPLAMDA 160+ MILYAR USD DEGERINDE, TARIHTEKI EN ",160000000000,28
GAP86-001,ABD,2001,Liman/Deniz Altyapisi,FIDIC-dışı,'Tek Olay vs Iki Olay' Sigorta Kapsami Yorumu - Yeniden Insa Finansmani,ABD - Guney New York Federal Bolge Mahkemesi,"Larry Silverstein'in, 11 EYLUL 2001 SALDIRILARINDAN SADECE HAFTALAR ONCE DUNYA TICARET MERKEZI IKIZ KULELERI icin YAPTIGI 3.5 MILYAR USD'lik SIGORTA POLICESI KAPSAMINDA, IKI FARKLI UCAGIN IKI FARKLI K",Odeme Uyusmazligi,Ilk Derece Devlet Mahkemesi,Karma/Kismi,"Silverstein Properties/Port Authority of New York and New Jersey v Coklu Sigorta Sirketleri (Swiss Re, Allianz, Zurich American, Travelers dahil), ABD Guney New York Bolge Mahkemesi (Yargic Alvin K. Hellerstein) - Dunya Ticaret Merkezi Yeniden Insasi","NBC News + Gothamist + CBS News (resmi haber kaynaklari, ucretsiz)","Karma (Silverstein/Port Authority LEHINE, BUYUK OLCUDE) - TOPLAM 4.55 MILYAR USD SIGORTA ODEMESI ALINDI ('SEKTORDE BUGUNE KADAR YAPILMIS EN BUYUK TEK ",7000000000,6
GAP87-001,Avrupa Birliği (Rusya bağlantılı),2019,Fosil Yakit/Petrol-Gaz,FIDIC-dışı,"Enerji Sarti Anlasmasi - Duzenleyici Sertifikasyonun Reddi, Yaptirimlarin 'Imkansizlik' (Article 34(2)) Savunmasi",Kalici Hakem Mahkemesi (PCA) Idaresi Altinda Ad Hoc Tahkim,"RUSYA'DAN ALMANYA'YA BALTIK DENIZI ALTINDAN DOGALGAZ TASIYAN Nord Stream 2 BORU HATTININ (Gazprom KONTROLUNDEKI), AB'NIN 'Degistirilmis Gaz Direktifi'NI (Amending Gas Directive, 2019) UYGULAYARAK, BOR",Yatirim Anlasmasi Ihlali (BIT/ICSID),Ilk Derece Tahkim (ICC/ICSID/LCIA/vb),Devam Eden Dava,"Nord Stream 2 AG v Avrupa Birligi, PCA Dava No.AA761 (UNCITRAL Kurallari + Enerji Sarti Anlasmasi Kapsaminda Ad Hoc Tahkim)",PCA Cases (pcacases.com) + italaw.com + UNCTAD ISDS Navigator + jusmundi.com (resmi/ucretsiz belgeler),"Devam eden dava - RUSYA-AB IHTILAFININ EN CIDDI SEMBOLLERINDEN BIRI olan Nord Stream 2 PROJESI, HEM DUZENLEYICI/YATIRIM TAHKIMI HEM DE JEOPOLITIK ACID",,4
GAP88-001,Etiyopya,2015,Demiryolu/Metro,FIDIC-dışı,Savas/Ic Catisma Kaynakli Gecikme - Isveren Kusuru (Finansman/Arazi Tazminati) vs Yuklenici Terk Etmesi,LCIA (Londra Uluslararasi Tahkim Mahkemesi),"TURK YUKLENICI Yapi Merkezi'nin, 2015'te 1.7 MILYAR USD (Turk Exim Bank FINANSMANLI) DEGERINDE ustlendigi Awash-Kombolcha-Woldiya-Hara Gebeya DEMIRYOLU PROJESINDE (Etiyopya'nin BES ULUSAL demiryolu PR",Odeme Uyusmazligi; Para Birimi/Faiz Uyusmazligi,Ilk Derece Tahkim (ICC/ICSID/LCIA/vb),Davali Lehine,"Yapi Merkezi Insaat ve Sanayi A.S. v Etiyopya Demiryolu Kurumu (ERC), Londra Uluslararasi Tahkim Mahkemesi (LCIA) - Awash-Kombolcha-Woldiya-Hara Gebeya Demiryolu Projesi (2 Mayis 2026 Karari)",The Reporter Ethiopia + Ethiopia Observer + Wazema + EFFSAA Newsletter (resmi/ucretsiz haber kaynaklari),"Davali (ERC/Etiyopya Devleti) lehine (buyuk olcude) - Yapi Merkezi'nin talebinin BUYUK KISMI REDDEDILDI, 29.1 MILYON USD GERI ODEME + EKIPMAN DEVRI EM",1700000000,11
GAP89-001,Gine,2010,Madencilik,FIDIC-dışı,Ortak Girisim Feshi - Yolsuzlukla Elde Edilen Maden Ruhsati Iddiasi,Londra Tahkimi + ABD Guney New York Bolge Mahkemesi (Tenfiz),"Brezilyali maden devi Vale'nin, Gine'deki 'Simandou' (dunyanin EN BUYUK VE EN YUKSEK KALITELI demir cevheri YATAKLARINDAN biri, MILYARLARCA TON rezerv) SAHASINI GELISTIRMEK icin, Beny Steinmetz'in KON",Yolsuzluk,Tenfiz/Icra (Nihai Asama),Davaci Lehine,"Vale S.A. v BSG Resources Ltd (BSGR), Londra Tahkim Karari (2019) + ABD Guney New York Bolge Mahkemesi Tenfiz Davasi (2019) - Simandou Demir Cevheri Madeni/Altyapisi, Gine",Mining.com + Reuters (resmi/ucretsiz),Davaci (Vale) lehine - 1.246 MILYAR USD (faiz/masraflarla 2+ MILYAR USD) ODEME KARARI VERILDI VE ABD'de TENFIZ ICIN DAVA ACILDI - DUNYANIN EN BUYUK DE,1246000000,5
GAP90-001,Ukrayna,2022,Sanayi Tesisi/Fabrika,FIDIC-dışı,Devletlestirme (Renationalisation) - Savas Baglaminda Yabanci Varlik El Koyma,ICSID (Washington D.C.),"Rus aluminyum devi Rusal'in IKI YAN KURULUSUNUN, Ukrayna'daki bir 'MEKANIK FABRIKA TESISININ' (sanayi tesisi), RUSYA'NIN 2022'DEKI TAM CAPLI ISTILASI SONRASI Ukrayna HUKUMETI TARAFINDAN 'DEVLETLESTIRI",Devletlestirme/El Koyma,Ilk Derece Tahkim (ICC/ICSID/LCIA/vb),Karma/Kismi,"Rusal'in Iki Yan Kurulusu v Ukrayna, ICSID Tahkim Karari (30 Haziran 2026)","Global Arbitration Review (globalarbitrationreview.com/regions/ukraine, resmi/ucretsiz ozet)","Karma (buyuk olcude Ukrayna lehine) - Rusal'in talebinin BUYUK KISMI REDDEDILDI, SADECE 71 milyon USD ODEME KARARI VERILDI - UKRAYNA'YI VERI SETINE GE",1000000000,
GAP91-001,ABD,2021,Yenilenebilir Enerji,FIDIC-dışı,Federal Idari Durdurma Emrinin Hukuka Uygunlugu - Tamamlanmis Insaatin Durdurulmasi,ABD - Columbia Bolgesi Federal Mahkemesi,"Danimarka enerji devi Orsted VE Global Infrastructure Partners'in, Rhode Island KIYISINDAN 15 MIL ACIKTA, 65 TURBINLIK VE INSAATI %80 TAMAMLANMIS OLAN 'Revolution Wind' OFSHORE RUZGAR CIFTLIGI PROJESI",Gecikme/EOT; Ihtiyati Tedbir Talebi,Belirsiz/Sadece Claim Asamasi,Devam Eden Dava,"Orsted A/S ve Global Infrastructure Partners v ABD Ic Isleri Bakanligi/Trump Yonetimi, ABD Columbia Bolgesi Federal Mahkemesi (2025)","Yahoo News (resmi haber kaynagi, ucretsiz)","Devam eden dava - ABD'DE, YENILENEBILIR ENERJI (OFSHORE RUZGAR) ALTYAPISI insaatinin, SIYASI YONETIM DEGISIKLIGI SONRASI FEDERAL DURDURMA EMRIYLE NASI",,
GAP91-002,Kanada,2011,Yenilenebilir Enerji,FIDIC-dışı,Devletin Moratoryum Karariyla Yatirimi 'Musadere Etmesi' - Iyi Nyetle Muzakere Etmeme,Kanada - Ontario Yuksek Mahkemesi (Windsor),"SouthPoint Wind'in, Lake Erie KIYISINDAKI (Leamington, Union VE Kingsville KASABALARI YAKININDA) ENDUSTRIYEL RUZGAR ENERJISI PROJELERI GELISTIRMEYE calisirken, Ontario HUKUMETININ SUBAT 2011'DE OFSHOR",Devletlestirme/El Koyma,Istinaf/Temyiz/Yuksek Mahkeme,Belirsiz/Detay Sinirli,"SouthPoint Wind v Ontario Eyaleti (ve Bagli Kurumlar), Ontario Yuksek Mahkemesi (dava 21 Mart 2011'de acildi)","Global News (resmi haber kaynagi, ucretsiz)","Belirsiz/detay sinirli - KANADA'DA (Ontario), DEVLETIN ENERJI POLITIKASI DEGISIKLIGININ (moratoryum), ONCEDEN BASLATILMIS RUZGAR ENERJISI YATIRIMLARIN",1000000000,
GAP92-001,ABD,2012,Su/Atik Su/Baraj,FIDIC-dışı,Cikar Catismasi Iddiasiyla Sozlesmenin Feshi - Karsilikli Dava,"ABD - Kaliforniya, San Francisco Ust Mahkemesi (Superior Court)","Monterey YARIMADASI'NDA su TEDARIKI SAGLAYAN California American Water Company ILE Marina Coast Water District ARASINDA, Monterey County SU KAYNAKLARI AJANSININ, bir 400 MILYON USD'lik SU DESALINASYON",Siniflandirilmamis/Veri Yetersiz,Belirsiz/Sadece Claim Asamasi,Belirsiz/Detay Sinirli,"California American Water Company v Marina Coast Water District (ve Karsi Dava), San Francisco Ust Mahkemesi (dava 1 Subat 2013'te aktarildi)",Law360 (resmi hukuk haber kaynagi),"Belirsiz/detay sinirli - ABD'DE (Kaliforniya), BIR SU DESALINASYONU/ARITMA TESISI PROJESINDE, PROJE DANISMANININ 'CIKAR CATISMASI' ICINDE OLDUGU ENDIS",400000000,10
GAP93-001,ABD,1999,Demiryolu/Metro,FIDIC-dışı,Devlet Kaynakli Muhendislik Degisiklikleri VE Farkli Zemin Kosullari - DRB Yetkisinin Asilip Asilmadigi,Massachusetts Ust Mahkemesi (Superior Court) + 3 Kisilik Uyusmazlik Cozum Kurulu (DRB),"1985'TE BASLAYAN VE 2007'DE TAMAMLANAN, 14 MILYAR USD'lik DUNYANIN EN BUYUK VE EN KARMASIK KENTSEL ULASIM MEGAPROJESI olan 'Big Dig' (Central Artery/Tunnel Project) kapsaminda, Boston GUNEY ISTASYONU ",Degisiklik/Change Order; Zemin Kosullari,Belirsiz/Sadece Claim Asamasi,Davaci Lehine,"Tutor Perini/Kiewit Corp./Jay Cashman Inc. (PKC Ortak Girisimi) v Massachusetts Ulastirma Bakanligi (MassDOT), Massachusetts Ust Mahkemesi + Uyusmazlik Cozum Kurulu (DRB) - Boston 'Big Dig' (Central Artery/Tunnel) Projesi",Engineering News-Record (ENR) + Hinckley Allen (resmi hukuk burosu ozeti),Davaci (PKC Konsorsiyumu) lehine (buyuk olcude) - TOPLAM 183 MILYON USD UZLASMA/ODEME ile 15 YILLIK dava SONA ERDI - DUNYANIN EN BUYUK KENTSEL ALTYAPI,14000000000,29
GAP93-002,ABD,2013,Kopru/Tunel,FIDIC-dışı,Isveren Talimatiyla Tasarim Degisiklikleri - Sozlesme Disi Olaylar,ABD (yargı yeri tam erisilemedi),"HUDSON NEHRI UZERINDEKI eski TAPPAN ZEE KOPRUSU'NUN YERINE insa edilen, 4 MILYAR USD DEGERINDEKI Mario M. Cuomo Koprusu PROJESINDE, Tasarim-Yapim KONSORSIYUMUNUN, New York Thruway Otoritesi'ne karsi, ",Degisiklik/Change Order,Belirsiz/Sadece Claim Asamasi,Devam Eden Dava,"Tasarim-Yapim Konsorsiyumu v New York Thruway Otoritesi, ABD (guncel dava, Tappan Zee Koprusu Yerine Insa Edilen Mario M. Cuomo Koprusu)","Transportation Research Board (TRB) - Resolving Construction Disputes: Review of State DOT Processes (2024), resmi/ucretsiz rapor","Devam eden/detay sinirli dava - ABD'de, 4 MILYAR USD DEGERINDEKI BIR KOPRU MEGAPROJESINDE, ISVEREN KAYNAKLI TASARIM DEGISIKLIKLERININ NASIL NEREDEYSE ",4000000000,
GAP93-003,İsveç,2017,Bina/Konut/Ticari,FIDIC-dışı,Sabit Fiyatli Sozlesmede Ek Is/Kapsam Degisikligi Talebinin Kabul Edilebilirligi,Isvec - Ticari Tahkim (kurum tam teyit edilemedi),"Fransiz gayrimenkul devi Unibail-Rodamco-Westfield'IN (URW) Isvec'teki 'Mall of Scandinavia' (STOCKHOLM YAKININDAKI, ISVEC'IN EN BUYUK ALISVERIS MERKEZLERINDEN biri) PROJESI icin Isvecli insaat sirket",Degisiklik/Change Order; Odeme Uyusmazligi,Tenfiz/Icra (Nihai Asama),Karma/Kismi,"Peab Sverige AB v Unibail-Rodamco-Westfield (URW), Isvec Tahkimi (yaklasik 7 yil suren, Karar 2024 civari)",Construction Briefing (resmi/ucretsiz sektor haberleri),"Karma (Peab LEHINE, ama celiskili GEREKCE) - Peab'e SEK 1.4 milyar (166 milyon USD faizle) ODEME KARARI VERILDI - ANCAK URW KARARA ITIRAZ ETTI, IKI YI",2100000000,4
GAP94-001,ABD,2011,Fosil Yakit/Petrol-Gaz,FIDIC-dışı,"Tasarim/Insaat Kusuru - Gecikme, Gecikme Cezasi, Force Majeure, Modulerlestirme Sorunlari",ABD Tahkimi (kurum tam teyit edilemedi),"West Virginia'da 700 MW'LIK, 'ABD'NIN EN VERIMLI KOMUR SANTRALI' OLARAK TANIMLANAN Longview GUC SANTRALININ TASARIM VE INSAASINDA, EPC Yuklenicisi Kvaerner North American Construction'in (Siemens Ener",Gecikme/EOT; Kalite/Kusur; Force Majeure; Odeme Uyusmazligi,Ilk Derece Tahkim (ICC/ICSID/LCIA/vb),Davaci Lehine,"Kvaerner North American Construction Inc. v Muhendislik/Danismanlik Firmasi, ABD Tahkimi (Karar 2015)","HKA (hka.com, resmi vaka calismasi) + Wikipedia + The American Prospect","Davaci (Kvaerner) lehine - 74 milyon USD ODEME KARARI VERILDI, AYRICA SONRADAN KAPSAMLI BIR UZLASMAYLA TESIS ONARILDI - ABD'DE, YENI NESIL 'SUPER-KRIT",74000000,2
GAP94-002,ABD,2001,Karayolu/Otoyol,FIDIC-dışı,Gecikme Cezasi Maddesinin Uygulanabilirligi - Tahkim Heyetinin Yetki Kapsami,ABD - Connecticut Yuksek Mahkemesi (Supreme Court),"Bridgeport SEHRINDE, I-95 OTOYOLUNUN BIR BOLUMU VE BIR KOPRUNUN YENIDEN INSASI icin Connecticut Ulastirma Bakanligi (DOT) ile White Oak Corporation ARASINDAKI sozlesmede, PROJENIN CIDDI GECIKMELER YAS",Gecikme/EOT; Degisiklik/Change Order; Fesih,Istinaf/Temyiz/Yuksek Mahkeme,Davaci Lehine,"Department of Transportation v White Oak Corporation, Connecticut Yuksek Mahkemesi","Justia (Arbitration & Mediation Opinion Summaries, resmi/ucretsiz)","Davaci (White Oak Corporation) lehine (NIHAI OLARAK, Yuksek Mahkeme'de) - 5 MILYON USD'lik gecikme CEZASI IADESI ONANDI - ABD'DE (Connecticut), KAMU A",5000000,8
GAP95-001,ABD,1957,Nukleer Enerji,FIDIC-dışı,"Sozlesme Bakiyesi Odemesi - Aksama, Gecikme ve Diger Insaat Sorunlarindan Kaynaklanan Ek Maliyetler",ABD Talepler Mahkemesi (US Court of Claims),"16 Kasim 1957'de imzalanan bir SOZLESME (No.MA-1675) KAPSAMINDA, New York Shipbuilding Corporation'in, ABD Deniz Ticareti IDARESI VE Atom Enerjisi Komisyonu (Reaktor Gelistirme Bolumu) icin, DUNYANIN ",Gecikme/EOT,Belirsiz/Sadece Claim Asamasi,Karma/Kismi,"New York Shipbuilding Corporation v United States, ABD Talepler Mahkemesi (US Court of Claims), No.97-66","CaseMine (resmi mahkeme karari veritabani, ucretsiz)","Karma/kismi odeme surecinde - Yuklenici'nin talebinin BUYUK COGUNLUGU (33.88+ milyon USD) KABUL EDILDI, BAZI KISMI ODEMELER YAPILDI, KALAN BAKIYE (7.4",39890000,9
GAP96-001,Meksika,2016,Fosil Yakit/Petrol-Gaz,FIDIC-dışı,Kullan-ya-da-Ode (Use-or-Take) Hukmu - Taraf Katilimi ve Karsi Talepler,LCIA (Londra Uluslararasi Tahkim Mahkemesi),"Meksika devlet enerji sirketi CFE ile Greenfield SPVI ARASINDA 2016'da IMZALANAN, bir KOMUR TASIMA VE DEPOLAMA SISTEMININ INSAASI, ISLETMESI VE HIZMET SUNUMUNU ICEREN sozlesmede, GEMI GECIKMELERI VE K",Gecikme/EOT; Kalite/Kusur,Tenfiz/Icra (Nihai Asama),Davaci Lehine,"Greenfield SPVI, S.A.P.I. de C.V., Terminales Portuarias del Pacifico VE Terminal Maritima de Carbon v Comision Federal de Electricidad (CFE) VE CFE Generacion II EPS, LCIA Tahkimi, Nihai Karar 28 Mayis 2024","jusmundi.com (Final Award, resmi/ucretsiz) + Kluwer Arbitration Blog","Karma (Davaci LEHINE BUYUK OLCUDE) - CFE'ye 31.8 milyon USD ODEME KARARI verildi, ABD'de Panama SOZLESMESI KAPSAMINDA TENFIZ SURECI DEVAM EDIYOR - MEK",31800000,8
GAP96-002,Meksika,2014,Fosil Yakit/Petrol-Gaz,FIDIC-dışı,Isverenin Insaatin Tamamlanmasini Saglayacak Kosullari Yaratmamasi,LCIA (Londra Uluslararasi Tahkim Mahkemesi),"Kanadali sirket ATCO Ltd'nin, Meksika devlet enerji sirketi CFE ile 2014'te 66 MILYON USD DEGERINDE IHALE EDILEN 'Ramal Tula' DOGALGAZ BORU HATTI PROJESI icin YAPTIGI sozlesmede, PROJENIN TAMAMLANMASI",Ihale Sureci,Ilk Derece Tahkim (ICC/ICSID/LCIA/vb),Davaci Lehine,"ATCO Ltd v Comision Federal de Electricidad (CFE), LCIA Tahkimi, Karar Ekim 2021","Reuters (AOL News, resmi haber kaynagi, ucretsiz)","Davaci (ATCO Ltd) lehine - CFE'ye 85 milyon USD ODEME KARARI verildi - MEKSIKA'DA, LOPEZ OBRADOR HUKUMETININ ENERJI PIYASASINDA DEVLET KONTROLUNU GUCL",85000000,7
GAP97-001,Suudi Arabistan,2021,Demiryolu/Metro,FIDIC-dışı/Belirsiz,Isverenin 'Kolaylik Icin Fesih' (Termination for Convenience) Hakkini Kullanmasi - Proje Durdurulmasi,Sozlesmesel Fesih Sureci (Muhtemel LCIA Tahkimi - International Construction Law uzmanlari BU YONDE DEGERLENDIRME YAPIYOR),"Suudi Arabistan'in $500 MILYAR DEGERINDEKI NEOM MEGA-PROJESI KAPSAMINDA, ITALYAN INSAAT DEVI WEBUILD'IN (VERI SETINDE ZATEN OLAN Fas/Etiyopya/Lubnan/Honduras/Panama DAVALARINDAKI AYNI SIRKET - ARTIK 6",Fesih,Ilk Derece Tahkim (ICC/ICSID/LCIA/vb),Devam Eden Dava,"NEOM (Suudi Arabistan Kamu Yatirim Fonu) - Webuild Group Fesih Sureci, Trojena Barajlari + 'The Bow' Projesi (Fesih Bildirimi 25-29 Mart 2026)",Construction Briefing + Zawya Projects + House of Saud + European Business Magazine (resmi/ucretsiz sektor haberleri),Devam eden/cok guncel - TEK BIR AYDA (Mart 2026) 6.85 MILYAR USD DEGERINDE NEOM SOZLESMESI FESHEDILDI (Webuild'in 2 sozlesmesi + Hyundai E&C'nin 12.5 ,500000000000,4
GAP98-001,Hindistan,2023,Karayolu/Otoyol,FIDIC-dışı,Hakem Karari Iptali - Delil Degerlendirmesinde Hata,Hindistan - Delhi Yuksek Mahkemesi (Istinaf Dairesi),"Assam EYALETINDE bir OTOYOL PROJESI insaatinda, Yuklenici Progressive Constructions Limited LEHINE VERILEN 126.77 CRORE RUPI'lik (YAKLASIK 15 MILYON USD) bir HAKEM KARARINA karsi, National Highways Au",Hakem Karari Iptali,Istinaf/Temyiz/Yuksek Mahkeme,Davaci Lehine,"National Highways Authority of India (NHAI) v Progressive Constructions Limited, Delhi Yuksek Mahkemesi, FAO(OS)(COMM) 206/2023, 2026 LLBiz HC (DEL) 625 (Haziran 2026)","LiveLawBiz Arbitration Monthly Digest (Haziran 2026, ucretsiz)","Davaci (NHAI) lehine - 126.77 crore Rupi'lik (yaklasik 15 milyon USD) hakem KARARI IPTAL EDILDI - HINDISTAN'DA, DEVLET OTOYOL ALTYAPISI PROJELERINDE (",1267700000,3
GAP99-001,ABD,2000,Liman/Deniz Altyapisi,FIDIC-dışı,Ticari Sir Calinmasi/Dolandiricilik Iddiasi vs Insaat Sozlesmesi Ihlali - Coklu Paralel Dava,ABD Guney New York Federal Bolge Mahkemesi + AAA Tahkimi (Uluslararasi Kurallar),"Tyco'nun DENIZALTI KABLO INSAATI YAN KURULUSU TSSL'NIN (Tyco Submarine Systems Ltd.), Global Crossing VE yan kurulusu South American Crossing (Subsea) Ltd. ile, GUNEY AMERIKA'YI KAPSAYAN bir DENIZALTI",Siniflandirilmamis/Veri Yetersiz,Ilk Derece Devlet Mahkemesi,Belirsiz/Detay Sinirli,"Global Crossing Ltd./South American Crossing (Subsea) Ltd. v Tyco Submarine Systems Ltd. (TSSL), ABD Guney New York Bolge Mahkemesi + AAA (Amerikan Tahkim Birligi) Tahkimi (2000-2001)","SEC EDGAR Dosyalari (Tyco/Global Crossing/TyCom 10-K/10-Q/S-1 Beyannameleri, resmi/ucretsiz)",Belirsiz/detay sinirli (coklu paralel dava) - DUNYANIN EN BUYUK DENIZALTI FIBER-OPTIK KABLO ALTYAPISI PROJELERINDEN BIRINDE (Guney Amerika + Kuzey Atl,1000000000,1
GAP99-002,ABD (Guatemala/Panama bağlantılı),2015,Telekom/Veri Merkezi,FIDIC-dışı,Hissedarlar Anlasmasi Ihlali - Yatirimin Korunmasi Hukumlerinin Ihlali,AAA-ICDR (Amerikan Tahkim Birligi - Uluslararasi Uyusmazlik Cozum Merkezi) + ABD Guney New York Federal Mahkemesi,"ABD'li FINANSAL FIRMALARLA ILISKILI UC KURULUSUN, ORTA VE GUNEY AMERIKA'DA TELEKOMUNIKASYON KULELERI INSA EDEN VE ISLETEN OZEL BIR YABANCI SIRKETIN (%45 hissesini SATIN ALARAK) 2015 HISSEDARLAR ANLASM",Tenfiz/Icra,Tenfiz/Icra (Nihai Asama),Davaci Lehine,"Telecom Business Solution LLC ve LATAM Towers LLC v Terra Towers Corp. VE Digerleri, ICDR Dava No.01-21-0000-4309 + ABD Guney New York Federal Mahkemesi (Icra Sureci, 17-18 Haziran 2026)",jusmundi.com (resmi/ucretsiz karar metni),"Davaci (Telecom Business Solution/LATAM Towers) lehine - Tahkim KARARI ONANDI, kismi MEDENI HAKARET talebi KABUL EDILDI - ORTA VE GUNEY AMERIKA'DA (Gu",,11
GAP100-001,ABD,2025,Telekom/Veri Merkezi,FIDIC-dışı,Diskilayici Imar (Exclusionary Zoning) - Tarim Arazisinin Sanayi Kullanimina Acilmasi,"ABD - Michigan, Washtenaw County Mahkemesi","GELISTIRICININ (Haushalter), Michigan'daki Saline Township'in, TARIM ARAZISINI 16 MILYAR USD DEGERINDEKI OpenAI/Oracle 'Stargate' YAPAY ZEKA VERI MERKEZI KAMPUSU icin SANAYI KULLANIMINA ACMAYI REDDETM",Siniflandirilmamis/Veri Yetersiz,Belirsiz/Sadece Claim Asamasi,Davaci Lehine,"Haushalter v Saline Township, Washtenaw County Mahkemesi (Michigan), dava 1 Aralik 2025'te acildi","AI Lawsuit Tracker (ailawsuittracker.com, resmi/ucretsiz izleme sitesi) + Arden Strong (topluluk izleme kaynagi)","Davaci (Haushalter/Gelistirici) lehine (uzlasmayla) - KAMPUS INSAATI ICIN YOL ACILDI - ABD'DE, $7.6 TRILYON DEGERINDE PROJELENEN (2026-2031) 'YAPAY ZE",16000000000,1
GAP101-001,ABD,2025,Telekom/Veri Merkezi,FIDIC-dışı,Ilcenin Referandum Talebini Reddetmesi - Anayasaya Aykirilik Iddiasi,ABD - Utah Eyalet Mahkemesi,"Medya kisiligi VE is adami Kevin O'Leary TARAFINDAN DESTEKLENEN, 100 MILYAR USD DEGERINDEKI 'Stratos Projesi' (buyuk olcekli YAPAY ZEKA VERI MERKEZI) icin, Box Elder County'nin (Utah) PROJEYI ONAYLAMA",Siniflandirilmamis/Veri Yetersiz,Istinaf/Temyiz/Yuksek Mahkeme,Devam Eden Dava,"Williams (ve Grubu) v Box Elder County, Utah Eyalet Mahkemesi (Istinaf Surecinde, 2026)",Bloomberg Law (resmi haber kaynagi),"Devam eden - 100 MILYAR USD DEGERINDEKI (BIR TEKLIF ICIN KAYDA GECEN EN BUYUK RAKAMLARDAN biri) BIR YAPAY ZEKA VERI MERKEZI PROJESININ, YEREL HALK OYL",100000000000,
GAP101-002,ABD,2025,Telekom/Veri Merkezi,FIDIC-dışı,Kapali Kapi Toplantilari - Idari Seffaflik Yukumluluklerinin Ihlali,ABD Federal Mahkemesi (Ohio),"Cincinnati'nin YAKLASIK 50 MIL KUZEYDOGUSUNDAKI Wilmington, Ohio'DA ONERILEN 4 MILYAR USD DEGERINDEKI bir Amazon Web Services (AWS) VERI MERKEZI KOMPLEKSI icin, YEREL YETKILILERIN PROJEYI ONAYLARKEN '",Siniflandirilmamis/Veri Yetersiz,Belirsiz/Sadece Claim Asamasi,Devam Eden Dava,"Ohio Ev Sahipleri (Vatandas Grubu) v Wilmington Yerel Yetkilileri, ABD Federal Mahkemesi (dava Mart 2026'da acildi)",Bloomberg Law (resmi haber kaynagi),"Devam eden/detay sinirli - 4 MILYAR USD DEGERINDEKI BIR AMAZON VERI MERKEZI PROJESINDE, IDARI SEFFAFLIK IHLALI IDDIASIYLA ACILAN, ABD'DE VERI MERKEZI ",4000000000,1
GAP102-001,ABD,1975,Hastane/Saglik,FIDIC-dışı,Federal Tahkim Kanunu (FAA) m.4 - Federal ve Eyalet Mahkemeleri Arasinda 'Yol Gosterme' Onceligi,ABD Yuksek Mahkemesi (Supreme Court of the United States),"Kuzey Carolina'daki Moses H. Cone Memorial Hospital'IN, HASTANEYE EK BINALAR insa ETMEK icin Alabama MENSEILI Mercury Construction Corporation ile YAPTIGI sozlesmede, UYUSMAZLIKLARIN ONCE MIMARA (J.N.",Gecikme/EOT,Istinaf/Temyiz/Yuksek Mahkeme,Davaci Lehine,"Moses H. Cone Memorial Hospital v Mercury Construction Corporation, ABD Yuksek Mahkemesi, 460 U.S. 1 (1983)","Cornell Law School (Legal Information Institute, resmi/ucretsiz)","Davaci (Mercury Construction, Yuklenici) lehine - Tahkime ZORLAMA KARARI ONANDI - ABD TAHKIM HUKUKUNUN EN TEMEL VE EN COK ATIF YAPILAN 'landmark' KARA",,
GAP102-002,ABD,2016,Hastane/Saglik,FIDIC-dışı,Tasarim Degisiklikleri/Iletisimsizlik Kaynakli Gecikme - Hakem Kararinin Onaylanmasi,"ABD - Iowa, Johnson County Mahkemesi","Iowa EYALET UNIVERSITESI'NIN (Board of Regents) 'EN BUYUK PROJESI' olan Stead Family Children's Hospital VE Hancher Konser Salonu insaatinda, YOGUN TASARIM DEGISIKLIKLERI, ILETISIMSIZLIK, BUTCE ASIMLA",Gecikme/EOT; Degisiklik/Change Order,Ilk Derece Tahkim (ICC/ICSID/LCIA/vb),Davaci Lehine,"University of Iowa (Board of Regents) v Modern Piping Inc., Johnson County Mahkemesi (Iowa)","The Gazette (Iowa yerel haber kaynagi, ucretsiz) + Healthcare Facilities Today","Davaci (Modern Piping Inc.) lehine - 21.5 milyon USD+faiz ODEME KARARI ONANDI (BASKA BIR YUKLENICI, Merit Construction, ile 64.1 MILYON USD'lik AYRI B",270800000,3
GAP103-001,Panama,2025,Liman/Deniz Altyapisi,FIDIC-dışı,Imtiyaz Sozlesmesinin Anayasaya Aykirilik Gerekcesiyle Iptali - Fiziksel El Koyma,ICC Tahkimi + Ayri Yatirim Anlasmasi Tahkimi (Ad Hoc) + Londra Tahkimi (Maersk'e karsi),"Hong Kong MERKEZLI CK Hutchison'IN (Li Ka-shing AILESI KONTROLUNDE) yan KURULUSU Panama Ports Company'nin (PPC), Panama KANALI'NIN IKI UCUNDAKI STRATEJIK Balboa VE Cristobal LIMAN TERMINALLERININ INSA",Devletlestirme/El Koyma,Istinaf/Temyiz/Yuksek Mahkeme,Devam Eden Dava,"CK Hutchison Holdings / Panama Ports Company (PPC) v Republic of Panama, ICC Tahkimi (Subat 2026) + Ayri Yatirim Anlasmasi Tahkimi (Agustos 2026) + Panama Ports Company v Maersk, Londra Tahkimi (Nisan 2026)",Acerislaw + WorldCargo News + SCMP (South China Morning Post) + IISD (resmi/ucretsiz haber kaynaklari),Devam eden/cok guncel - PANAMA KANALI'NIN JEOPOLITIK ONEMININ (VERI SETINDE ZATEN OLAN GUPC/Panama Kanali Genisletme DAVASIYLA AYNI COGRAFYA) DEVAM ET,27300000000,1
GAP104-001,Çin,2011,Kopru/Tunel,FIDIC-dışı,Cl.20.1-benzeri 'Zaman Siniri' Maddesi - Tunel Kesit Tasarim Degisikligi,Cin Tahkim Kurumu (gizlilik nedeniyle isim BELIRTILMEMIS),"'Ulusal olcekli bir REFAH PROJESI'NIN PARCASI olan bir TUNEL insaatinda, Isveren'in IHALE SONRASI TUNEL KESIT TASARIMINI (3.0m x 3.0m'den 3.4m x 3.4m'ye) DEGISTIRMESI SONUCU sozlesme BEDELININ 20 MILY",Gecikme/EOT; Degisiklik/Change Order; Fesih; Ihale Sureci,Ilk Derece Tahkim (ICC/ICSID/LCIA/vb),Yuklenici Lehine,"Tunel Insaati Tahkim Karari (Anonim, Milliyet Refah Projesi Kapsaminda), Cin Tahkim Kurumu","JunHe Hukuk Bulteni - Cin Insaat Uyusmazliklari Yillik Incelemesi (2019, Pekin Tahkim Komisyonu ile, resmi/ucretsiz)","Karma (buyuk olcude Yuklenici lehine) - sozlesme GECERLI SAYILDI, gecikme SORUMLULUGU PAYLASTIRILDI, Isveren'in ZARAR TALEBI ISPAT YETERSIZLIGI nedeni",30000000,
GAP104-002,Çin,2006,Karayolu/Otoyol,FIDIC-dışı,Force Majeure vs 'Kosullarin Degismesi' (Change of Circumstances) Ayrimi - Cevresel Halk Protestosu,Cin Yuksek Halk Mahkemesi (Zui Gao Fa) - Nihai Temyiz,"Albert (Xiamen) Equipment Engineering'in, Central Southern China Electric Power Design Institute (CSEPDI) ile 2006'da IMZALADIGI GENEL INSAAT SOZLESMESI KAPSAMINDA, XIAMEN BELEDIYESI'NIN, HALKIN 'PX' ",Fesih; Kalite/Kusur; Force Majeure,Istinaf/Temyiz/Yuksek Mahkeme,Davali Lehine,"Central Southern China Electric Power Design Institute Co. Ltd. v Albert (Xiamen) Equipment Engineering Co. Ltd., (2018) SPC Min Zhong No.105 (4 Haziran 2018)","JunHe Hukuk Bulteni - Cin Insaat Uyusmazliklari Yillik Incelemesi (2019, Pekin Tahkim Komisyonu ile, resmi/ucretsiz)","Karma (Davali lehine buyuk olcude) - sozlesme FESHEDILDI, HICBIR TARAF KUSURLU SAYILMADI, KAR KAYBI TALEBI REDDEDILDI (sadece ASKIYA ALMA DONEMI MALIY",7970000,1
GAP104-003,Çin,2014,Yenilenebilir Enerji,FIDIC-dışı,Ihalesiz Imzalanan EPC Sozlesmesinin Gecersizligi - Yuklenicinin Yine de Oncelikli Odeme Hakkina Sahip Olmasi,Cin Yuksek Halk Mahkemesi (Zui Gao Fa),"Chifeng Guangda'nin (Isveren), IHALE YAPMADAN Shandong Electric Power Construction Third Engineering (SEPCO III) ile IKI AYRI EPC SOZLESMESI (10 MWP FOTOVOLTAIK GUNES SANTRALI + 66KV HAT PROJESI) IMZA",Kalite/Kusur; Odeme Uyusmazligi; Ihale Sureci,Istinaf/Temyiz/Yuksek Mahkeme,Davaci Lehine,"Chifeng Guangda Photovoltaic Agricultural Development Co. Ltd. v Shandong Electric Power Construction Third Engineering Co. Ltd. (SEPCO III), (2018) SPC Min Shen No.5547","JunHe Hukuk Bulteni - Cin Insaat Uyusmazliklari Yillik Incelemesi (2019, Pekin Tahkim Komisyonu ile, resmi/ucretsiz)","Davaci (SEPCO III, EPC Yuklenicisi) lehine - hem SOZLESMEDEN DOGAN ALACAK hem de ONCELIKLI ODEME HAKKI ONANDI - CIN'DE, EPC SOZLESMESI GECERSIZ OLSA B",106000000,4
GAP104-004,Çin,2010,Bina/Konut/Ticari,FIDIC-dışı,Bagimsiz Teminat Mektubu Dolandiriciligi Istisnasi - Sinirli Inceleme Ilkesi,Cin Yuksek Halk Mahkemesi (Zui Gao Fa) - Rehber Dava,"CINLI INSAAT SIRKETI AFECC'NIN (VE YAN KURULUSU Anhui Foreign Economic Construction Central America), Kosta Rika'da bir EMLAK GELISTIRICISI (Oriental Real Estate) icin INSAAT ISLERI USTLENMESI - Anhui",Kalite/Kusur; Teminat Mektubu,Istinaf/Temyiz/Yuksek Mahkeme,Davali Lehine,"Anhui Foreign Economic Construction (Group) Co. Ltd. (AFECC) v Oriental Real Estate Co. Ltd. (Kosta Rika) + Bank of Costa Rica + Anhui Sube of China Construction Bank, SPC Rehber Dava No.109 (21. Parti, Subat 2019)","JunHe Hukuk Bulteni - Cin Insaat Uyusmazliklari Yillik Incelemesi (2019, Pekin Tahkim Komisyonu ile, resmi/ucretsiz)","Davali (Oriental/Bankalar) lehine (nihai olarak, SPC'de) - AFECC'nin dolandiricilik IDDIASI REDDEDILDI - ILGINC BIR SEKILDE, DAHA SONRA (2013) TAHKIM ",,3
GAP105-001,Güney Afrika,2021,Madencilik,Altın Kitap (DBO) - Doğrulandı,Sozlesme Suresinin Rezerv Tukenmesine Baglanmasi - Geriye Etkili Yorum/Back-to-Back Anlasma Iliskisi,Guney Afrika - Kuzey Gauteng Yuksek Mahkemesi (Pretoria),"Universal Coal Development (Isveren/Kaynak Sahibi) ile Mineral Resources Development (MRD, Tasarim-Yapim-Isletme Yuklenicisi) ARASINDA, Kangala KOMUR SAHASINDAN CIKARILAN KOMURUN ISLENMESI icin YAPILA",Siniflandirilmamis/Veri Yetersiz,Istinaf/Temyiz/Yuksek Mahkeme,Karma/Kismi,"Universal Coal Development (Pty) Ltd v Mineral Resources Development (Pty) Ltd, [2021] ZAGPPHC 839 (10 Aralik 2021)","SAFLII (Guney Afrika/Lesotho Hukuk Bilgi Enstitusu, resmi/ucretsiz)","Karma/gecici tedbir asamasi - TARAFLARIN TAHKIME GITMESI EMREDILDI, GECICI OLARAK MEVCUT DURUM KORUNDU (Universal Coal SOZLESME YUKUMLULUKLERINE DEVAM",285450000,
GAP106-001,İngiltere/UK,1965,Belirsiz/Veri Yetersiz,FIDIC-dışı,"Borcun Kismi Odenmesi - Estoppel, Baski (Duress) ve Ibra (Accord and Satisfaction)",Ingiltere - Istinaf Mahkemesi (Court of Appeal),"IKI KISILIK KUCUK BIR INSAAT FIRMASI olan D & C Builders'in, Bay Rees icin Brick Lane, Londra'daki BIR MULKTE YAPTIGI TADILAT ISLERI icin 732 GBP FATURA KESMESI - Rees'in SADECE 250 GBP ODEMESI SONUCU",Odeme Uyusmazligi,Istinaf/Temyiz/Yuksek Mahkeme,Davaci Lehine,"D & C Builders Ltd v Rees, [1965] EWCA Civ 3, [1966] 2 QB 617 (12 Kasim 1965)","BAILII (Ingiltere/Galler Hukuk Bilgi Enstitusu, resmi/ucretsiz)","Davaci (D & C Builders, Yuklenici) lehine - TAM BAKIYENIN ODENMESINE karar VERILDI - INGILTERE SOZLESME HUKUKUNUN EN TEMEL VE EN COK OGRETILEN DAVALAR",,20
GAP106-002,İngiltere/UK,1952,Belirsiz/Veri Yetersiz,FIDIC-dışı,Onemli Ifa (Substantial Performance) Doktrini - Butunsel Yukumluluk (Entire Obligation),Ingiltere - Istinaf Mahkemesi (Court of Appeal),"Bay Hoenig'in, Bay Isaacs'in DAIRESINI DEKORE ETMEK VE MOBILYA ILE DONATMAK icin 750 GBP KARSILIGINDA SOZLESME YAPMASI - IS TAMAMLANDIGINDA, BIR KITAPLIK VE GARDIROPTA (ONARIM MALIYETI 55 GBP OLAN) SO",Kalite/Kusur; Odeme Uyusmazligi,Istinaf/Temyiz/Yuksek Mahkeme,Davaci Lehine,"Hoenig v Isaacs, [1952] EWCA Civ 6, [1952] 2 All ER 176","BAILII (Ingiltere/Galler Hukuk Bilgi Enstitusu, resmi/ucretsiz)","Davaci (Hoenig, Yuklenici) lehine (buyuk olcude) - 750 GBP - 55 GBP (kusur MALIYETI) = 695 GBP'DEN, ZATEN ODENEN 400 GBP DUSULEREK KALAN BAKIYE HUKMED",,20
GAP107-001,Kanada,1980,Su/Atik Su/Baraj,FIDIC-dışı,Farkli Saha Kosullari - Isverenin Yanlis/Eksik Bilgi Saglama Sorumlulugu,Kanada - Alberta Kraliyet Mahkemesi (Court of Queen's Bench),"Bir EYALET BARAJ PROJESINDE, Opron Construction'in (Yuklenici) TEKLIF VERIRKEN Alberta EYALETI'NIN sagladigi IHALE BELGELERINDEKI ZEMIN KOSULU BILGILERININ (soil conditions) HATALI OLMASI SONUCU, Yukl",Zemin Kosullari; Ihale Sureci,Belirsiz/Sadece Claim Asamasi,Davaci Lehine,"Opron Construction Co. Ltd. v Her Majesty The Queen in Right of Alberta, (1994), 151 A.R. 241 (Alberta Kraliyet Mahkemesi/QB)",vLex Kanada (resmi mahkeme karari veritabani) + IBA CLINT Dergisi,"Davaci (Opron Construction, Yuklenici) lehine - 875.000 CAD TAZMINAT HUKMEDILDI - KANADA'DA, 'FARKLI SAHA KOSULLARI' (differing site conditions) daval",,
GAP107-002,Kanada,1995,Madencilik,FIDIC-dışı,Farkli Saha Kosullari - Isverenin Tam ve Eksiksiz Bilgi Aciklama Yukumlulugu,Kanada - British Columbia Yuksek Mahkemesi (Vancouver),"Kemess Madenleri PROJESI icin YAPILAN bir TOPRAK ISLERI SOZLESMESINDE, Golden Hill Ventures'in (Yuklenici) DEGISEN/FARKLI ZEMIN KOSULLARIYLA KARSILASMASI SONUCU CIDDI MALIYET ARTISINA UGRAMASI - Yukle",Gecikme/EOT; Zemin Kosullari,Istinaf/Temyiz/Yuksek Mahkeme,Davaci Lehine,"Golden Hill Ventures Ltd. v Kemess Mines Inc. et al., 2002 BCSC 1460 (17 Ekim 2002)",vLex Kanada (resmi mahkeme karari veritabani) + Ingiliz Kolumbiyasi Yuksek Mahkemesi resmi arsivi,"Davaci (Golden Hill Ventures, Yuklenici) lehine - 7 MILYON CAD'I ASAN TAZMINAT HUKMEDILDI - KANADA'DA (British Columbia), MADENCILIK ALTYAPISI PROJELE",7000000,
GAP108-001,BAE (Dubai/Abu Dhabi),2018,Bina/Konut/Ticari,FIDIC-dışı,COVID-19 Force Majeure Savunmasi - Bildirim Yukumlulugunun Zamaninda ve Dogru Yapilmasi Sarti,BAE - Dubai Istinaf Mahkemesi (Gayrimenkul Dairesi),"BIR 'OFF-PLAN' (PROJE BAZINDA, HENUZ INSA EDILMEMIS) GAYRIMENKUL SATIS SOZLESMESINDE, sozlesmenin 7. MADDESI GEREGI, MULKUN 31 Haziran 2019'DA TESLIM EDILMESI GEREKIRKEN, Davali (Gelistirici) TESLIM T",Gecikme/EOT; Force Majeure,Istinaf/Temyiz/Yuksek Mahkeme,Davaci Lehine,"Dubai Istinaf Mahkemesi, Emlak Istinaf Dava No.458/2021/479 (2021)",Stephenson Harwood (hukuk analizi) + Lexology,"Davaci (Alici) lehine - Davali'nin FORCE MAJEURE SAVUNMASI REDDEDILDI - BAE'DE (Dubai), COVID-19'UN INSAAT/GAYRIMENKUL SOZLESMELERINDE FORCE MAJEURE O",,2
GAP108-002,BAE (Dubai/Abu Dhabi),2019,Fosil Yakit/Petrol-Gaz,FIDIC-dışı,COVID-19 Force Majeure Savunmasi - 'Kismi Ifa' Kanitinin Force Majeure Iddiasini Curutmesi,BAE - Abu Dhabi Temyiz Mahkemesi (Court of Cassation),"Bir INSAAT PROJESINDE, Yuklenici'nin PROJEDEN CIKARILMASI (fesih) SONRASI, GECIKMEDEN COVID-19 PANDEMISININ SORUMLU OLDUGUNU ILERI SUREREK Force Majeure SAVUNMASI YAPMASI - ANCAK Yuklenici'nin, PROJED",Gecikme/EOT; Fesih; Force Majeure,Istinaf/Temyiz/Yuksek Mahkeme,Davali Lehine,"Abu Dhabi Temyiz Mahkemesi (Court of Cassation), Karar No.835/2021 (2021)","Al Tamimi & Company (hukuk analizi, resmi/ucretsiz)","Davali (Isveren) lehine - Yuklenici'nin Force Majeure savunmasi REDDEDILDI - BAE'DE, COVID-19'UN INSAAT SOZLESMELERINDE FORCE MAJEURE OLARAK KABUL EDI",,
GAP109-001,İngiltere/UK (Bahreyn bağlantılı),2018,Fosil Yakit/Petrol-Gaz,FIDIC-dışı,On-Demand Teminat Mektubu Cagrisinin Durdurulmasi - Ceza Koşulu (Penalty) Iddiasi,Ingiltere - Technology and Construction Court (TCC),"Technip Energies, Tecnicas Reunidas VE Samsung E&A KONSORSIYUMUNUN (TTSJV Ortak Girisimi ARACILIGIYLA), BAHREYN'DEKI BapCo PETROL RAFINERISI'NI MODERNIZE ETMEK icin 2018'de imzaladigi 4.2 MILYAR USD (",Gecikme/EOT; Teminat Mektubu,Ilk Derece Tahkim (ICC/ICSID/LCIA/vb),Davali Lehine,"TTSJV WLL & Ors v BapCo Refining B.S.C., [2026] EWHC 2047 (TCC) (4 Agustos 2026)",Hill Dickinson + National Law Review + Fenwick Elliott + Solicitors Journal (resmi/ucretsiz hukuk analizleri),"Davali (BapCo) lehine - IHTIYATI TEDBIR TALEBI REDDEDILDI, teminat mektubu CAGRISI DEVAM EDEBILECEK - ULUSLARARASI TICARETTE 'ON-DEMAND TEMINAT MEKTUP",4800000000,7
GAP109-002,Güney Afrika,2019,Kopru/Tunel,Kırmızı Kitap - 1999 (1. Baskı),Cl.4.2 - Teminat Mektubu Cagrisinin Sart Kosullarinin Yerine Getirilip Getirilmedigi,Guney Afrika Yuksek Temyiz Mahkemesi (Supreme Court of Appeal),"Avusturyali/Guney Afrikali Aveng-Strabag ORTAK GIRISIMININ, SANRAL (Guney Afrika Ulusal Yollar Otoritesi) icin insa ETTIGI 'Mtentu Nehri Koprusu' (AFRIKA'NIN SIMDIYE KADAR INSA EDILMIS EN YUKSEK KOPRU",Fesih; Teminat Mektubu,Istinaf/Temyiz/Yuksek Mahkeme,Davaci Lehine,"Aveng-Strabag Joint Venture v South African National Roads Agency Limited (SANRAL), Guney Afrika Yuksek Temyiz Mahkemesi (SCA)",Lexology + IBA CLINT Dergisi (resmi/ucretsiz hukuk analizleri),Davaci (Aveng-Strabag JV) lehine (kismen) - FIDIC Cl.4.2'nin bir teminat mektubu CAGRISI icin GERCEK BIR ON-KOSUL TESKIL ETTIGI NETLESTIRILDI - GUNEY ,,
GAP110-001,Zaire (Kongo DC),1985,Belirsiz/Veri Yetersiz,FIDIC-dışı,Fiyat Artis (Escalation) Maddesi - Para Birimi Devaluasyonunun Beklenmeyen Etkisi,ICC Tahkimi (yer belirtilmemis),"ESKI ZAIRE'DE (simdiki Kongo Demokratik Cumhuriyeti), Zaire HUKUMETI (Isveren) ile YABANCI bir YUKLENICI ARASINDAKI bir KAMU ISLERI SOZLESMESINDE, FIYAT ARTIS (price escalation) MADDESININ MALIYET END",Odeme Uyusmazligi; Para Birimi/Faiz Uyusmazligi,Ilk Derece Tahkim (ICC/ICSID/LCIA/vb),Belirsiz/Detay Sinirli,ICC Case No. 6158 (Seppala'nin 'Development of a Case Law' makalesinde tartisilan),"Seppälä, 'The Development of a Case Law in Construction Disputes Relating to FIDIC Contracts', IAI Series on International Arbitration No.5 (2008), s.79",Belirsiz/detay sinirli - NADIR BIR COGRAFYA (Zaire/Kongo) VE COK NADIR bir SORUN TURUNU (COKLU PARA BIRIMLI FIYAT ARTIS MADDESININ DEVALUASYON KARSISI,75000000,
GAP111-001,Mısır,1974,Bina/Konut/Ticari,FIDIC-dışı,ICC Tahkim Yetkisine Itiraz - Yetkiye Itiraz Ederken Sureçe Katilmanin Feragat Sayilip Sayilmayacagi,Fransa - Paris Istinaf Mahkemesi (1. Ek Daire) + ICSID (Washington),"MISIR ARAP CUMHURIYETI'NIN (Turizm Bakanligi araciligiyla), Misirli kamu kurulusu EGOTH (Egyptian General Organisation for Tourism and Hotels) ve Hong Kong sirketi Southern Pacific Properties (SPP) il",Yetki Itirazi; Yatirim Anlasmasi Ihlali (BIT/ICSID),Istinaf/Temyiz/Yuksek Mahkeme,Davali Lehine,"Southern Pacific Properties (Middle East) Limited v Arab Republic of Egypt, Paris Istinaf Mahkemesi (Karar 12 Temmuz 1984) + ICSID Tahkimi (ARB/84/3)","Seppälä, 'The Pyramids of Egypt Case', International Construction Law Review, Vol.2, Part 2 (Ocak 1985)","Davali (Misir) lehine - ICC TAHKIM KARARI IPTAL EDILDI (ANCAK SPP, SONRASINDA ICSID'DE (Dunya Bankasi Yatirim Uyusmazliklari Merkezi) AYRI BIR YATIRIM",,2
GAP112-001,Yunanistan,1972,Fosil Yakit/Petrol-Gaz,FIDIC-dışı,Yasama Organinin Geriye Donuk Kanunla Tahkim Kararini Gecersiz Kilmasi - Adil Yargilanma Hakki ve Mulkiyet Hakki Ihlali,Avrupa Insan Haklari Mahkemesi (Strazburg) + Yunanistan Yargitayi (Areios Pagos) + Atina Istinaf Mahkemesi,"Yunan STRAN SIRKETI'NIN (Stratis Andreadis TARAFINDAN TEMSIL EDILEN), YUNAN DEVLETI ile 21 Nisan 1967 - 24 Temmuz 1974 ARASI ASKERI CUNTA DONEMINDE IMZALADIGI bir PETROL RAFINERISI INSAATI SOZLESMESIN",Fesih,Tenfiz/Icra (Nihai Asama),Davaci Lehine,"Stran Greek Refineries and Stratis Andreadis v Greece, Avrupa Insan Haklari Mahkemesi (AIHM), 301-B Eur. Ct. H.R. (9 Aralik 1994)",AIHM (HUDOC Resmi Karar Veritabani) + Seppälä'nin kitap incelemesi araciligiyla tespit edildi,"Davaci (Stran/Andreadis) lehine - AIHM, HEM ADIL YARGILANMA HAKKI HEM DE MULKIYET HAKKI IHLALI TESPIT ETTI - BU DAVA, ULUSLARARASI INSAAT TAHKIMI HUKU",,20
GAP113-001,Umman,1981,Sanayi Tesisi/Fabrika,FIDIC-dışı,Cok Tarafli Tahkimde Hakem Atama Esitligi Ilkesi - ICC'nin Farkli Davalilara Ortak Hakem Atamaya Zorlama Uygulamasi,"Fransa - Yargitay (Cour de Cassation), 1. Hukuk Dairesi + ICC Tahkimi (Paris)","Alman yuklenici BKMI Industrieanlagen GmbH'nin, UMMAN SULTANLIGI'NDA bir ISVEREN ile bir CIMENTO FABRIKASI insa ETMEK icin sozlesme IMZALAMASI SONRASI, Siemens AG VE Dutco Consortium Construction Comp",DAB/Hakem Prosedur Usulsuzlugu; Kamu Duzeni/Politikasi Ihlali Iddiasi,Istinaf/Temyiz/Yuksek Mahkeme,Davaci Lehine,"BKMI Industrieanlagen GmbH ve Siemens AG v Dutco Consortium Construction Company Ltd, Fransiz Yargitayi (Cour de Cassation), 1. Hukuk Dairesi, 7 Ocak 1992","Seppälä'nin Dutco davasi hakkindaki makalesi (Fransiz Yargitayi karari analizi, 1993)","Davaci (Dutco Consortium) lehine - TAHKIM SURECI IPTAL EDILDI, ICC KURALLARI BU KARAR SONRASI DEGISTIRILDI - BU DAVA, ULUSLARARASI TAHKIM HUKUKUNDA 'C",,17
GAP114-001,Honduras,1981,Su/Atik Su/Baraj,FIDIC-dışı,'Dispute Board' kavraminin ILK ULUSLARARASI ORNEGI - bugunku FIDIC Clause 20/21'in atasi,"Honduras (Proje Yeri) - Resmi bir dava/tahkim kaydi degil, TARIHI/KURUCU bir REFERANS",Uyusmazlik Cozum Kurulu (Dispute Board) Kavraminin Dogusu - On-Onleyici Uyusmazlik Yonetimi,DAB/Hakem Prosedur Usulsuzlugu,DAB/DAAB (On-Tahkim Kurulu),Diger/Siniflandirilmamis,El Cajón Baraji Projesi - Dunyadaki Ilk Uluslararasi Dispute Review Board (DRB) Uygulamasi (1981),"Seppälä, 'Recent Case Law on Dispute Boards', Dossier XV of the ICC Institute of World Business Law (Eylul 2017)","Bilgilendirici/Tarihi - HIC BIR RESMI 'KARAR' YOK, ANCAK MODELINIZIN 'ESKALASYON MEKANIZMASI EVRIMI' TEMASI icin COK ONEMLI BIR BASLANGIC NOKTASI - El",,36
GAP115-001,Turkmenistan,2018,Yenilenebilir Enerji,FIDIC-dışı,Yatırım Anlaşması (Almanya-Turkmenistan BIT),ICSID (Washington),"Alman yatirimci Unionmatex, Turkmenistan yatirim mudahalesi",Yatirim Anlasmasi Ihlali (BIT/ICSID),Belirsiz/Sadece Claim Asamasi,Davaci Lehine,"Unionmatex Industrieanlagen GmbH v Turkmenistan, ICSID Case No.ARB/18/...",UNCTAD ISDS Navigator,Award dated 30 November 2023,,5
GAP115-002,Turkmenistan,2018,Bina/Konut/Ticari,FIDIC-dışı,Yatırım Anlaşması (Türkiye-Turkmenistan BIT 1992),ICSID (Washington),"Turk sirketi SECE, Turkmenistan insaat projeleri mudahale iddiasi",Yatirim Anlasmasi Ihlali (BIT/ICSID),Belirsiz/Sadece Claim Asamasi,Devam Eden Dava,"SECE Insaat ve Ticaret A.S. v Turkmenistan, ICSID Case No.ARB/18/34",UNCTAD ISDS Navigator,Order of discontinuance dated 8 August 2022,,4
GAP115-003,Turkmenistan,2011,Telekom/Veri Merkezi,FIDIC-dışı,Yatırım Anlaşması (Rusya-Turkmenistan BIT 2009),ICSID (Washington),MTS telekomunikasyon lisansi askiya alinmasi,Yatirim Anlasmasi Ihlali (BIT/ICSID),Belirsiz/Sadece Claim Asamasi,Uzlasma,"Mobile TeleSystems OJSC v Turkmenistan (I), ICSID Case No.ARB(AF)/11/4",UNCTAD ISDS Navigator,Discontinuance dated 21 September 2012,,1
GAP115-004,Turkmenistan,2018,Telekom/Veri Merkezi,FIDIC-dışı,Yatırım Anlaşması,ICSID (Washington),"MTS ikinci basvuru, 750 milyon USD talep",Yatirim Anlasmasi Ihlali (BIT/ICSID),Belirsiz/Sadece Claim Asamasi,Davali Lehine,"Mobile TeleSystems PJSC v Turkmenistan (II), ICSID Case No.ARB(AF)/18/4",UNCTAD ISDS Navigator,Award dated 14 June 2023,,5
GAP116-001,Libya,2016,Bina/Konut/Ticari,FIDIC-dışı,Yatırım Anlaşması (Türkiye-Libya BIT 2009),ICC Tahkimi (Paris),"Cengiz Insaat, Libya ic savasi sirasinda insaat sahalarinin tahribi",Yatirim Anlasmasi Ihlali (BIT/ICSID),Belirsiz/Sadece Claim Asamasi,Davaci Lehine,"Cengiz Insaat Sanayi ve Ticaret A.S. v Libya, ICC Case No.21537/ZF/AYZ (Nihai Karar, 7 Kasim 2018)",UNCTAD ISDS Navigator,"Award dated 7 November 2018 - 302.6M USD talep, 51.2M USD hukmedildi",,2
GAP116-002,Libya,2016,Bina/Konut/Ticari,FIDIC-dışı,Yatırım Anlaşması (Türkiye-Libya BIT 2009),ICC Tahkimi,"Guris Insaat, Libya altyapi projeleri",Yatirim Anlasmasi Ihlali (BIT/ICSID),Belirsiz/Sadece Claim Asamasi,Belirsiz/Detay Sinirli,"Guris Insaat ve Muhendislik A.S. v Libya, ICC Case No.22137/ZF/AYZ",UNCTAD ISDS Navigator,"Detay sinirli, karar tarihi tespit edilemedi",,
GAP116-003,Libya,,Sanayi Tesisi/Fabrika,FIDIC-dışı,ICC Tahkimi,ICC Tahkimi (Paris),"Way2B ACE, Libya yatirim projesi",Sozlesme/Tahkim Anlasmasi Gecerliligi,Belirsiz/Sadece Claim Asamasi,Belirsiz/Detay Sinirli,"Way2B ACE v Libya, ICC Case No.20971/MCP/DDA (Nihai Karar, 24 Mayis 2018)",Akademik Makale (Of War and International Investment Law),Award dated 24 May 2018,,
GAP117-001,Pakistan,2013,Fosil Yakit/Petrol-Gaz,FIDIC-dışı,Yatırım Anlaşması (Pakistan-Türkiye BIT 1995),ICSID (Washington),Karkey (Turk gemi-uzeri enerji santrali) kiralama sozlesmesinin tek tarafli feshi,Yatirim Anlasmasi Ihlali (BIT/ICSID),Belirsiz/Sadece Claim Asamasi,Davaci Lehine,"Karkey Karadeniz Elektrik Uretim A.S. v Pakistan, ICSID Case No.ARB/13/1 (Nihai Karar, 22 Agustos 2018)",Basin haberleri (PressReader) + ICSID,"Award: 760 milyon USD - sonrasinda ABD/Ingiltere/Almanya/Fransa'da tenfiz mucadelesi, 2019'da Erdogan'in diplomatik mudahalesiyle UZLASMAYLA cozuldu",,6
GAP118-001,Türkiye,2016,Bina/Konut/Ticari,"FIDIC-dışı (Türk Borçlar Kanunu, Kat Karşılığı İnşaat)",Yargıtay 6. Hukuk Dairesi,Yargıtay 6. HD,Arsa payı karşılığı inşaat sözleşmesi - 15 Temmuz 2016 darbe girişimi nedeniyle inşaatın gecikmesi iddiası (force majeure savunması) + teminat mektuplarının nakde çevrilmesi,Force Majeure/Savas-Isgal,Belirsiz/Sadece Claim Asamasi,Karma/Kismi,"Yargıtay 6. Hukuk Dairesi, 2022/4412 E., 2023/2850 K. - Arsa Payı Karşılığı İnşaat Sözleşmesi, 15 Temmuz Darbe Girişimi Force Majeure İddiası",sonkarar.com,"10.02.2016 sözleşme tarihi, dava 16.11.2017'de açıldı, keşif tarihinde imalat %40 seviyesinde, yüklenici temerrüde düşürüldü, sözleşmenin geriye etkili feshi",,7
GAP118-002,Türkiye,,Bina/Konut/Ticari,FIDIC-dışı (Türk Borçlar Kanunu),Yargıtay 6. Hukuk Dairesi,Yargıtay 6. HD,"Dış cephe mantolaması (ısı yalıtımı) yapımı - yüklenici ile kat malikleri/site yönetimi arasında sözleşme tarafı olmama itirazı (husumet), Adalet Bakanlığı'nın kanun yararına temyizi",Sozlesme/Tahkim Anlasmasi Gecerliligi,Belirsiz/Sadece Claim Asamasi,Belirsiz/Veri Yok,"Yargıtay 6. Hukuk Dairesi, 2022/4835 E., 2022/5639 K. - Dış Cephe Mantolaması, Sözleşme Tarafı Olmama İtirazı",sonkarar.com,"Adalet Bakanlığı'nın kanun yararına bozma talebi - kat maliklerinin sözleşmenin tarafı olmadığı, akdi ilişkinin yüklenici ile site yönetimi arasında kurulduğu tespiti",,
GAP119-001,Türkiye,1998,Bina/Konut/Ticari,"FIDIC-dışı (TBK, Kat Karşılığı İnşaat)",Yargıtay 6. Hukuk Dairesi,Yargıtay 6. HD,"Kat karşılığı inşaat sözleşmesi, kooperatif davası - 1998'den 2024'e uzanan çok uzun dava serisi, tapu iptal/tescil",Sozlesme/Tahkim Anlasmasi Gecerliligi,Belirsiz/Sadece Claim Asamasi,Belirsiz/Veri Yok,"Yargıtay 6. Hukuk Dairesi, 2023/3365 E., 2024/557 K. - Kat Karşılığı İnşaat, Kooperatif Tapu İptal-Tescil Davası",sonkarar.com,"1998/852 Esas'tan 2024'e uzanan, birleşen davalar, çok uzun süreli tapu ihtilafı",,26
GAP119-002,Türkiye,,Bina/Konut/Ticari,"FIDIC-dışı (TBK m.470-486, Eser Sözleşmesi)",Yargıtay 6. Hukuk Dairesi,Yargıtay 6. HD,"Alt yüklenici (taşeron) - ana yüklenici arasında eser sözleşmesinden kaynaklanan bakiye alacak, icra takibine itirazın iptali",Odeme Uyusmazligi,Belirsiz/Sadece Claim Asamasi,Karma/Kismi,"Yargıtay 6. Hukuk Dairesi, 2022/3645 E., 2024/797 K. - Taşeron Bakiye Alacak Davası",sonkarar.com,"TBK 470 vd. eser sözleşmesi hükümleri, ispat yükü/fiili karine tartışması",,
GAP119-003,Türkiye,2012,Bina/Konut/Ticari,FIDIC-dışı (818 sayılı eski BK + TBK),Yargıtay 6. Hukuk Dairesi,Yargıtay 6. HD,"Villa çatı işi (çelik çatı, titanyum çinko, braas kiremit) - ayıplı/eksik iş iddiası, 3 kez Yargıtay'a gidip gelen (3 bozma) uzun süreçli dava",Kalite/Kusur,Belirsiz/Sadece Claim Asamasi,Karma/Kismi,"Yargıtay 6. Hukuk Dairesi, 2024/662 E., 2024/715 K. - Villa Çatı İşi, Ayıplı İfa, Karar Düzeltme",sonkarar.com,"01.10.2012 sözleşme, dava 10.01.2014, 2015/2017/2024 üç ayrı Yargıtay kararı - karar düzeltme aşamasına kadar",,12
GAP119-004,Türkiye,2008,Yenilenebilir Enerji,"FIDIC-dışı (818 sayılı eski BK, Eser Sözleşmesi)",Yargıtay 6. Hukuk Dairesi,Yargıtay 6. HD,"RÜZGAR TÜRBİNİ imalat ve montaj sözleşmesi - ayıplı ifa iddiası, USD cinsinden alacağın tahsili, döviz kuru/faiz uyuşmazlığı",Kalite/Kusur,Belirsiz/Sadece Claim Asamasi,Karma/Kismi,"Yargıtay 6. Hukuk Dairesi, 2022/4182 E., 2024/676 K. - Rüzgar Türbini İmalat/Montaj, Ayıplı İfa, Döviz Alacağı",sonkarar.com,"Dava tarihi 13.03.2012, 2014/2021/2024 üç ayrı Yargıtay bozma/onama kararı - USD cinsinden tahsile karar verilmesi gerektiği",,12
GAP120-001,Türkiye,,Bina/Konut/Ticari,"FIDIC-dışı (TBK, Taşınmaz Satış Vaadi)",Yargıtay 6. Hukuk Dairesi,Yargıtay 6. HD,"Taşınmaz satış vaadi sözleşmesinin adi şekilde yapılıp resmi şekil şartına uyulmaması nedeniyle geçersizliği - sebepsiz zenginleşme talebi, mükerrer yapı ruhsatı sorunu, denkleştirici adalet ilkesi uygulaması",Sozlesmenin Yasadisiligi Iddiasi,Belirsiz/Sadece Claim Asamasi,Karma/Kismi,"Yargıtay 6. Hukuk Dairesi, 2022/4144 E., 2024/812 K. - Şekil Şartına Uymama, Denkleştirici Adalet İlkesi, Sebepsiz Zenginleşme",sonkarar.com,"Adi şekilde yapılan sözleşme, resmi şekil şartı eksikliği nedeniyle geçersiz - ödenen bedelin denkleştirici adalet ilkesiyle güncellenerek iadesi",,
